pl_name,disc_year,discoverymethod
"Kepler-1167 b",2016,"Transit"
"Kepler-1740 b",2021,"Transit"
"Kepler-1581 b",2016,"Transit"
"Kepler-644 b",2016,"Transit"
"Kepler-1752 b",2021,"Transit"
"Kepler-280 c",2014,"Transit"
"Kepler-1208 b",2016,"Transit"
"Kepler-263 c",2014,"Transit"
"Kepler-1101 b",2016,"Transit"
"HD 168746 b",2002,"Radial Velocity"
"TOI-2406 b",2021,"Transit"
"HD 18599 b",2022,"Transit"
"Kepler-560 b",2016,"Transit"
"Kepler-150 d",2014,"Transit"
"Kepler-498 b",2016,"Transit"
"Kepler-817 b",2016,"Transit"
"Kepler-937 b",2016,"Transit"
"K2-10 b",2015,"Transit"
"Kepler-571 b",2016,"Transit"
"Kepler-1458 b",2016,"Transit"
"Kepler-1600 c",2021,"Transit"
"Kepler-221 d",2014,"Transit"
"Kepler-626 b",2016,"Transit"
"Kepler-1549 b",2016,"Transit"
"K2-62 c",2016,"Transit"
"Kepler-1149 b",2016,"Transit"
"Kepler-1288 b",2016,"Transit"
"Kepler-128 b",2013,"Transit"
"Kepler-1245 b",2016,"Transit"
"Kepler-1068 b",2016,"Transit"
"Kepler-150 e",2014,"Transit"
"Kepler-272 c",2014,"Transit"
"Kepler-152 c",2014,"Transit"
"Kepler-1506 b",2016,"Transit"
"CoRoT-3 b",2008,"Transit"
"HD 205739 b",2008,"Radial Velocity"
"HD 224693 b",2006,"Radial Velocity"
"HD 16417 b",2008,"Radial Velocity"
"HD 19994 b",2003,"Radial Velocity"
"GJ 179 b",2009,"Radial Velocity"
"GQ Lup b",2004,"Imaging"
"HD 37605 b",2004,"Radial Velocity"
"HD 33283 b",2006,"Radial Velocity"
"HD 9446 b",2009,"Radial Velocity"
"HD 134987 c",2009,"Radial Velocity"
"HD 110014 b",2009,"Radial Velocity"
"HD 79498 b",2011,"Radial Velocity"
"HD 45652 b",2008,"Radial Velocity"
"HIP 79431 b",2009,"Radial Velocity"
"GJ 876 b",1998,"Radial Velocity"
"HD 86226 b",2009,"Radial Velocity"
"HD 47186 c",2008,"Radial Velocity"
"HD 148156 b",2009,"Radial Velocity"
"HD 86226 c",2020,"Transit"
"HIP 14810 c",2006,"Radial Velocity"
"HIP 14810 b",2005,"Radial Velocity"
"GJ 876 d",2005,"Radial Velocity"
"GJ 876 e",2010,"Radial Velocity"
"gam1 Leo b",2009,"Radial Velocity"
"HD 156411 b",2009,"Radial Velocity"
"HD 8535 b",2010,"Radial Velocity"
"HD 37605 c",2012,"Radial Velocity"
"HD 1605 c",2015,"Radial Velocity"
"BD+20 2457 b",2009,"Radial Velocity"
"HD 240210 b",2009,"Radial Velocity"
"CoRoT-17 b",2011,"Transit"
"HD 132563 b",2011,"Radial Velocity"
"HD 55696 b",2018,"Radial Velocity"
"HD 148164 b",2018,"Radial Velocity"
"24 Sex c",2010,"Radial Velocity"
"HD 22781 b",2011,"Radial Velocity"
"HD 148164 c",2018,"Radial Velocity"
"HD 90156 b",2009,"Radial Velocity"
"HD 45350 b",2004,"Radial Velocity"
"MOA-2009-BLG-266L b",2011,"Microlensing"
"Kepler-595 c",2020,"Transit"
"Kepler-595 b",2016,"Transit"
"HD 177830 c",2010,"Radial Velocity"
"OGLE-TR-111 b",2004,"Transit"
"PSR B1257+12 b",1994,"Pulsar Timing"
"PSR B1257+12 d",1992,"Pulsar Timing"
"HD 21749 c",2019,"Transit"
"eps Ind A b",2019,"Radial Velocity"
"CoRoT-18 b",2011,"Transit"
"Kepler-45 b",2011,"Transit"
"WASP-23 b",2010,"Transit"
"HD 107148 b",2005,"Radial Velocity"
"SWEEPS-11 b",2006,"Transit"
"OGLE-TR-211 b",2007,"Transit"
"Lupus-TR-3 b",2007,"Transit"
"OGLE-2005-BLG-390L b",2005,"Microlensing"
"HN Peg b",2006,"Imaging"
"MOA-2009-BLG-387L b",2010,"Microlensing"
"GJ 674 b",2007,"Radial Velocity"
"CoRoT-11 b",2010,"Transit"
"2MASS J04414489+2301513 b",2010,"Imaging"
"GJ 3634 b",2010,"Radial Velocity"
"CoRoT-13 b",2010,"Transit"
"OGLE-TR-10 b",2004,"Transit"
"HD 27442 b",2000,"Radial Velocity"
"GJ 3021 b",2000,"Radial Velocity"
"CoRoT-8 b",2010,"Transit"
"Kepler-18 c",2011,"Transit"
"Kepler-18 b",2011,"Transit"
"HD 46375 b",2000,"Radial Velocity"
"HD 221287 b",2007,"Radial Velocity"
"HD 33564 b",2005,"Radial Velocity"
"HD 189733 b",2005,"Radial Velocity"
"Kepler-4 b",2009,"Transit"
"WASP-38 b",2010,"Transit"
"Kepler-30 c",2012,"Transit"
"Kepler-18 d",2011,"Transit"
"HAT-P-37 b",2011,"Transit"
"HD 129445 b",2009,"Radial Velocity"
"Kepler-419 c",2014,"Transit Timing Variations"
"HD 70573 b",2007,"Radial Velocity"
"HD 47536 b",2002,"Radial Velocity"
"WASP-67 b",2012,"Transit"
"CoRoT-14 b",2010,"Transit"
"MOA-2008-BLG-310L b",2009,"Microlensing"
"Kepler-419 b",2014,"Transit"
"WASP-43 b",2011,"Transit"
"HD 11964 c",2008,"Radial Velocity"
"CoRoT-6 b",2009,"Transit"
"WASP-31 b",2010,"Transit"
"HD 108236 f",2021,"Transit"
"Kepler-59 c",2012,"Transit"
"WASP-8 c",2013,"Radial Velocity"
"HD 154857 c",2014,"Radial Velocity"
"KOI-217 b",2010,"Transit"
"Kepler-416 b",2014,"Transit Timing Variations"
"Kepler-37 e",2014,"Transit Timing Variations"
"HAT-P-22 b",2010,"Transit"
"CHXR 73 b",2006,"Imaging"
"FU Tau b",2008,"Imaging"
"GJ 667 C b",2012,"Radial Velocity"
"HD 187123 b",1998,"Radial Velocity"
"HAT-P-18 b",2010,"Transit"
"Kepler-59 b",2012,"Transit"
"Kepler-53 b",2012,"Transit"
"HD 82943 c",2003,"Radial Velocity"
"HD 82943 b",2003,"Radial Velocity"
"UZ For b",2011,"Eclipse Timing Variations"
"Kepler-69 b",2013,"Transit"
"HIP 5158 c",2011,"Radial Velocity"
"HU Aqr AB b",2011,"Eclipse Timing Variations"
"Kepler-58 c",2012,"Transit"
"Kepler-30 b",2012,"Transit"
"Kepler-65 d",2012,"Transit"
"Kepler-52 c",2012,"Transit"
"Kepler-55 b",2012,"Transit"
"UZ For c",2011,"Eclipse Timing Variations"
"Kepler-413 b",2014,"Transit"
"WASP-14 b",2008,"Transit"
"HAT-P-2 b",2007,"Transit"
"HAT-P-42 b",2012,"Transit"
"WASP-59 b",2012,"Transit"
"HAT-P-39 b",2012,"Transit"
"alf Ari b",2010,"Radial Velocity"
"KOI-55 b",2011,"Orbital Brightness Modulation"
"GJ 536 b",2016,"Radial Velocity"
"WTS-2 b",2014,"Transit"
"KELT-6 c",2015,"Radial Velocity"
"KOI-55 c",2011,"Orbital Brightness Modulation"
"Ross 458 c",2010,"Imaging"
"Kepler-38 b",2012,"Transit"
"HD 114783 b",2001,"Radial Velocity"
"HAT-P-13 b",2009,"Transit"
"ROXs 42 B b",2013,"Imaging"
"HD 95086 b",2013,"Imaging"
"RR Cae b",2012,"Eclipse Timing Variations"
"Kepler-50 c",2012,"Transit"
"HD 233604 b",2013,"Radial Velocity"
"WD 0806-661 b",2011,"Imaging"
"Kepler-63 b",2013,"Transit"
"Kepler-77 b",2013,"Transit"
"HAT-P-44 c",2014,"Radial Velocity"
"HATS-5 b",2014,"Transit"
"HD 10180 d",2010,"Radial Velocity"
"WTS-1 b",2012,"Transit"
"Kepler-297 c",2014,"Transit"
"Kepler-347 b",2014,"Transit"
"CoRoT-26 b",2013,"Transit"
"CoRoT-25 b",2013,"Transit"
"Kepler-186 b",2014,"Transit"
"91 Aqr b",2013,"Radial Velocity"
"GJ 163 b",2013,"Radial Velocity"
"Kepler-27 c",2011,"Transit"
"Kepler-27 b",2011,"Transit"
"Kepler-139 c",2014,"Transit"
"Kepler-311 c",2014,"Transit"
"BD-06 1339 b",2013,"Radial Velocity"
"Kepler-186 d",2014,"Transit"
"Kepler-11 d",2010,"Transit"
"Kepler-11 b",2010,"Transit"
"Kepler-31 c",2011,"Transit"
"Kepler-32 c",2011,"Transit"
"Kepler-1735 b",2021,"Transit"
"HD 66141 b",2012,"Radial Velocity"
"HD 208527 b",2012,"Radial Velocity"
"MOA-bin-1L b",2012,"Microlensing"
"GU Psc b",2014,"Imaging"
"GJ 163 c",2013,"Radial Velocity"
"GJ 163 d",2013,"Radial Velocity"
"Kepler-32 d",2012,"Transit"
"Kepler-31 d",2014,"Transit"
"HAT-P-45 b",2014,"Transit"
"HAT-P-44 b",2014,"Transit"
"MOA-2010-BLG-073L b",2012,"Microlensing"
"HAT-P-27 b",2011,"Transit"
"DENIS-P J082303.1-491201 b",2013,"Astrometry"
"HIP 63242 b",2013,"Radial Velocity"
"Kepler-31 b",2011,"Transit"
"Kepler-32 f",2012,"Transit"
"Kepler-58 d",2014,"Transit"
"Kepler-158 b",2014,"Transit"
"Kepler-424 c",2014,"Radial Velocity"
"KMT-2023-BLG-1896L b",2025,"Microlensing"
"HD 190984 b",2009,"Radial Velocity"
"Kepler-134 c",2014,"Transit"
"Kepler-210 b",2014,"Transit"
"Kepler-422 b",2014,"Transit"
"Kepler-426 b",2014,"Transit"
"Kepler-16 b",2011,"Transit"
"KOI-94 d",2013,"Transit"
"KOI-94 b",2013,"Transit"
"Kepler-35 b",2011,"Transit"
"HD 103774 b",2013,"Radial Velocity"
"HD 109271 b",2013,"Radial Velocity"
"Kepler-415 c",2014,"Transit Timing Variations"
"HD 50554 b",2002,"Radial Velocity"
"Kepler-428 b",2014,"Transit"
"Kepler-425 b",2014,"Transit"
"WASP-70 A b",2014,"Transit"
"KOI-94 e",2013,"Transit"
"Kepler-396 c",2013,"Transit"
"MOA-2010-BLG-477L b",2012,"Microlensing"
"Kepler-290 c",2014,"Transit"
"Kepler-290 b",2014,"Transit"
"HD 166724 b",2012,"Radial Velocity"
"Kepler-122 f",2014,"Transit Timing Variations"
"Kepler-96 b",2014,"Transit"
"KOI-13 b",2011,"Transit"
"Kepler-17 b",2011,"Transit"
"Kepler-784 b",2016,"Transit"
"Kepler-880 b",2016,"Transit"
"CoRoT-23 b",2011,"Transit"
"BD+20 274 b",2012,"Radial Velocity"
"HD 219415 b",2012,"Radial Velocity"
"HD 150706 b",2012,"Radial Velocity"
"OGLE-2011-BLG-0251L b",2012,"Microlensing"
"Kepler-414 c",2014,"Transit Timing Variations"
"HAT-P-1 b",2006,"Transit"
"Kepler-42 c",2011,"Transit"
"Kepler-33 c",2011,"Transit"
"Kepler-641 b",2016,"Transit"
"Kepler-410 A b",2013,"Transit"
"Kepler-314 c",2014,"Transit"
"Kepler-879 b",2016,"Transit"
"Kepler-865 b",2016,"Transit"
"Kepler-415 b",2014,"Transit Timing Variations"
"Kepler-338 e",2014,"Transit Timing Variations"
"Kepler-33 e",2011,"Transit"
"Kepler-33 b",2011,"Transit"
"Kepler-46 c",2012,"Transit Timing Variations"
"Kepler-318 b",2014,"Transit"
"Kepler-314 b",2014,"Transit"
"Kepler-46 b",2012,"Transit"
"USco CTIO 108 b",2008,"Imaging"
"Kepler-130 c",2014,"Transit"
"Kepler-418 b",2014,"Transit"
"Kepler-33 f",2011,"Transit"
"Kepler-33 d",2011,"Transit"
"HD 155358 c",2007,"Radial Velocity"
"Kepler-52 b",2012,"Transit"
"Kepler-603 c",2016,"Transit"
"Kepler-952 b",2016,"Transit"
"Kepler-347 c",2014,"Transit"
"Kepler-158 c",2014,"Transit"
"HAT-P-53 b",2015,"Transit"
"HIP 74890 b",2016,"Radial Velocity"
"V0391 Peg b",2007,"Pulsation Timing Variations"
"HD 197037 b",2012,"Radial Velocity"
"CFBDSIR J145829+101343 b",2011,"Imaging"
"Kepler-269 b",2014,"Transit"
"Kepler-300 c",2014,"Transit"
"Kepler-149 d",2014,"Transit"
"Kepler-124 d",2014,"Transit"
"Kepler-276 d",2013,"Transit"
"Kepler-114 c",2013,"Transit"
"XO-2 S c",2014,"Radial Velocity"
"Kepler-93 c",2014,"Radial Velocity"
"WASP-83 b",2015,"Transit"
"WASP-89 b",2015,"Transit"
"Kepler-402 c",2014,"Transit"
"Kepler-157 b",2014,"Transit"
"HATS-6 b",2015,"Transit"
"Kepler-450 c",2015,"Transit"
"Kepler-81 c",2012,"Transit"
"Kepler-412 b",2014,"Transit"
"Kepler-92 b",2013,"Transit"
"Kepler-288 c",2014,"Transit"
"Kepler-295 b",2014,"Transit"
"Kepler-178 d",2014,"Transit"
"Kepler-44 b",2011,"Transit"
"Kepler-41 b",2011,"Transit"
"Kepler-450 d",2015,"Transit"
"POTS-1 b",2013,"Transit"
"Kepler-350 d",2013,"Transit"
"Kepler-238 f",2013,"Transit"
"Kepler-287 c",2014,"Transit"
"Kepler-285 b",2014,"Transit"
"Kepler-181 b",2014,"Transit"
"Kepler-1398 c",2016,"Transit"
"Kepler-963 b",2016,"Transit"
"WASP-24 b",2010,"Transit"
"WASP-21 b",2010,"Transit"
"TOI-237 b",2020,"Transit"
"K2-237 b",2018,"Transit"
"Kepler-284 b",2014,"Transit"
"Kepler-654 b",2016,"Transit"
"Kepler-199 c",2014,"Transit"
"Kepler-214 b",2014,"Transit"
"Kepler-87 b",2013,"Transit"
"Kepler-75 b",2013,"Transit"
"Kepler-74 b",2013,"Transit"
"Kepler-145 c",2013,"Transit"
"Kepler-328 b",2013,"Transit"
"Kepler-115 c",2014,"Transit"
"Kepler-341 c",2014,"Transit"
"Kepler-225 b",2014,"Transit"
"Kepler-871 b",2016,"Transit"
"Kepler-56 c",2012,"Transit"
"XO-5 b",2008,"Transit"
"Kepler-447 b",2015,"Transit"
"Kepler-216 b",2014,"Transit"
"Kepler-259 c",2014,"Transit"
"Kepler-293 b",2014,"Transit"
"Kepler-291 b",2014,"Transit"
"Kepler-242 c",2014,"Transit"
"Kepler-240 b",2014,"Transit"
"Kepler-56 b",2012,"Transit"
"WASP-16 b",2009,"Transit"
"WASP-17 b",2009,"Transit"
"WASP-18 b",2009,"Transit"
"HAT-P-54 b",2015,"Transit"
"Kepler-148 c",2014,"Transit"
"Kepler-179 b",2014,"Transit"
"Kepler-303 b",2014,"Transit"
"Kepler-260 b",2014,"Transit"
"Kepler-226 b",2014,"Transit"
"WASP-26 b",2010,"Transit"
"WASP-33 b",2010,"Transit"
"HATS-14 b",2015,"Transit"
"Kepler-1162 b",2016,"Transit"
"Kepler-1126 b",2016,"Transit"
"Kepler-165 c",2014,"Transit"
"Kepler-197 d",2014,"Transit"
"Kepler-125 b",2014,"Transit"
"Kepler-306 c",2014,"Transit"
"KOI-351 e",2013,"Transit"
"KOI-351 c",2013,"Transit"
"Kepler-222 c",2014,"Transit"
"Kepler-184 d",2014,"Transit"
"Kepler-309 b",2014,"Transit"
"Kepler-696 b",2016,"Transit"
"Kepler-11 f",2010,"Transit"
"Kepler-11 e",2010,"Transit"
"Kepler-11 g",2010,"Transit"
"Kepler-166 c",2014,"Transit"
"Kepler-275 b",2014,"Transit"
"Kepler-1298 b",2016,"Transit"
"Kepler-11 c",2010,"Transit"
"WASP-57 b",2012,"Transit"
"HAT-P-50 b",2015,"Transit"
"MOA-2008-BLG-379L b",2013,"Microlensing"
"HD 13908 b",2013,"Radial Velocity"
"Kepler-108 b",2014,"Transit"
"Kepler-264 b",2014,"Transit"
"Kepler-279 b",2014,"Transit"
"Kepler-286 c",2014,"Transit"
"GJ 667 C c",2013,"Radial Velocity"
"HD 13908 c",2013,"Radial Velocity"
"HD 159243 b",2013,"Radial Velocity"
"Kepler-261 b",2014,"Transit"
"HIP 57274 c",2011,"Radial Velocity"
"Kepler-292 d",2014,"Transit"
"GJ 667 C f",2013,"Radial Velocity"
"HD 73526 c",2005,"Radial Velocity"
"HD 106906 b",2013,"Imaging"
"Kepler-119 b",2014,"Transit"
"HD 220074 b",2012,"Radial Velocity"
"Kepler-343 b",2014,"Transit"
"Kepler-282 d",2013,"Transit"
"Kepler-619 b",2016,"Transit"
"Kepler-656 b",2016,"Transit"
"Kepler-273 b",2014,"Transit"
"Kepler-677 b",2016,"Transit"
"Kepler-306 b",2014,"Transit"
"Kepler-267 d",2014,"Transit"
"DP Leo b",2009,"Eclipse Timing Variations"
"Kepler-20 g",2016,"Radial Velocity"
"Kepler-19 c",2011,"Transit Timing Variations"
"HAT-P-34 b",2011,"Transit"
"Kepler-549 c",2016,"Transit"
"Kepler-603 d",2016,"Transit"
"WASP-37 b",2010,"Transit"
"WASP-90 b",2016,"Transit"
"K2-26 b",2016,"Transit"
"Kepler-276 c",2013,"Transit"
"Kepler-305 b",2013,"Transit"
"Kepler-266 b",2014,"Transit"
"Kepler-121 c",2014,"Transit"
"Kepler-338 d",2014,"Transit"
"2MASS J01225093-2439505 b",2013,"Imaging"
"WASP-52 b",2012,"Transit"
"WASP-75 b",2013,"Transit"
"WASP-135 b",2015,"Transit"
"HD 20794 e",2017,"Radial Velocity"
"HD 27894 c",2017,"Radial Velocity"
"Kepler-126 d",2014,"Transit"
"Kepler-381 c",2014,"Transit"
"Kepler-249 d",2014,"Transit"
"Kepler-254 d",2014,"Transit"
"Kepler-619 c",2016,"Transit"
"Kepler-1610 b",2016,"Transit"
"Kepler-363 d",2014,"Transit"
"Kepler-366 b",2014,"Transit"
"Kepler-141 b",2014,"Transit"
"Kepler-142 d",2014,"Transit"
"Kepler-400 b",2014,"Transit"
"Kepler-204 c",2014,"Transit"
"WASP-41 c",2015,"Radial Velocity"
"Kepler-312 c",2014,"Transit"
"Kepler-286 d",2014,"Transit"
"Kepler-91 b",2013,"Transit"
"Kepler-1181 b",2016,"Transit"
"Kepler-1489 b",2016,"Transit"
"Kepler-1491 b",2016,"Transit"
"CoRoT-7 b",2009,"Transit"
"HD 176986 d",2026,"Radial Velocity"
"Kepler-354 b",2014,"Transit"
"Kepler-368 b",2014,"Transit"
"Kepler-135 b",2014,"Transit"
"Kepler-383 b",2014,"Transit"
"HAT-P-66 b",2016,"Transit"
"WASP-118 b",2016,"Transit"
"WASP-7 b",2008,"Transit"
"XO-4 b",2010,"Transit"
"KELT-2 A b",2012,"Transit"
"K2-30 b",2016,"Transit"
"WASP-101 b",2014,"Transit"
"Kepler-104 c",2014,"Transit"
"Kepler-369 c",2014,"Transit"
"Kepler-371 b",2014,"Transit"
"Kepler-147 b",2014,"Transit"
"Kepler-132 d",2014,"Transit"
"Kepler-208 c",2014,"Transit"
"Kepler-487 c",2016,"Transit"
"Kepler-316 c",2014,"Transit"
"Kepler-313 b",2014,"Transit"
"Kepler-372 c",2014,"Transit"
"Kepler-373 b",2014,"Transit"
"HD 176986 c",2017,"Radial Velocity"
"Kepler-151 c",2014,"Transit"
"Kepler-386 c",2014,"Transit"
"Kepler-215 c",2014,"Transit"
"Kepler-404 b",2014,"Transit"
"NGTS-33 b",2024,"Transit"
"OGLE-2018-BLG-1428L b",2021,"Microlensing"
"HAT-P-30 b",2011,"Transit"
"TOI-1288 c",2022,"Radial Velocity"
"Kepler-317 b",2014,"Transit"
"Kepler-319 c",2014,"Transit"
"Kepler-375 c",2014,"Transit"
"Kepler-356 c",2014,"Transit"
"Kepler-387 b",2014,"Transit"
"Kepler-388 b",2014,"Transit"
"Kepler-224 e",2014,"Transit"
"Kepler-226 d",2014,"Transit"
"Kepler-348 b",2014,"Transit"
"Kepler-338 b",2014,"Transit"
"Kepler-376 c",2014,"Transit"
"Kepler-377 c",2014,"Transit"
"Kepler-389 b",2014,"Transit"
"Kepler-118 b",2014,"Transit"
"Kepler-123 c",2014,"Transit"
"Kepler-243 c",2014,"Transit"
"GJ 3470 b",2012,"Radial Velocity"
"Kepler-379 c",2014,"Transit"
"Kepler-112 c",2014,"Transit"
"Kepler-137 c",2014,"Transit"
"Kepler-390 b",2014,"Transit"
"K2-400 b",2022,"Transit"
"HD 6860 b",2023,"Radial Velocity"
"WASP-155 b",2025,"Transit"
"Kepler-351 c",2014,"Transit"
"Kepler-327 b",2014,"Transit"
"Kepler-114 b",2014,"Transit"
"Kepler-358 c",2014,"Transit"
"Kepler-169 c",2014,"Transit"
"Kepler-236 b",2014,"Transit"
"Kepler-141 c",2014,"Transit"
"Kepler-858 b",2016,"Transit"
"Kepler-855 b",2016,"Transit"
"Kepler-321 c",2014,"Transit"
"Kepler-349 b",2014,"Transit"
"Kepler-353 c",2014,"Transit"
"Kepler-359 c",2014,"Transit"
"Kepler-173 b",2014,"Transit"
"K2-29 b",2016,"Transit"
"Kepler-180 b",2014,"Transit"
"Kepler-244 d",2014,"Transit"
"Kepler-254 c",2014,"Transit"
"WASP-92 b",2016,"Transit"
"TOI-6109 b",2025,"Transit"
"Kepler-619 d",2023,"Transit"
"Kepler-138 d",2014,"Transit"
"Kepler-330 c",2014,"Transit"
"Kepler-1243 b",2016,"Transit"
"Kepler-360 b",2014,"Transit"
"Kepler-49 e",2014,"Transit"
"Kepler-140 b",2014,"Transit"
"Kepler-122 d",2014,"Transit"
"HIP 113103 b",2023,"Transit"
"HD 28109 d",2022,"Transit"
"Kepler-37 c",2013,"Transit"
"Kepler-268 c",2014,"Transit"
"Kepler-171 c",2014,"Transit"
"Kepler-133 c",2014,"Transit"
"Kepler-185 b",2014,"Transit"
"WASP-50 b",2011,"Transit"
"HD 167768 b",2022,"Radial Velocity"
"Kepler-346 b",2014,"Transit"
"Kepler-718 b",2016,"Transit"
"Kepler-720 b",2016,"Transit"
"Kepler-1241 b",2016,"Transit"
"Kepler-495 b",2016,"Transit"
"Kepler-281 b",2014,"Transit"
"Kepler-288 b",2014,"Transit"
"Kepler-394 b",2014,"Transit"
"Kepler-189 b",2014,"Transit"
"HD 27894 d",2017,"Radial Velocity"
"TOI-2986 b",2025,"Transit"
"WASP-154 b",2025,"Transit"
"Kepler-1990 c",2023,"Transit"
"Kepler-148 b",2014,"Transit"
"Kepler-178 c",2014,"Transit"
"Kepler-686 b",2016,"Transit"
"Kepler-468 b",2016,"Transit"
"Kepler-953 c",2016,"Transit"
"Kepler-342 b",2014,"Transit"
"Kepler-334 c",2014,"Transit"
"Kepler-291 c",2014,"Transit"
"Kepler-298 c",2014,"Transit"
"Kepler-190 c",2014,"Transit"
"Kepler-191 c",2014,"Transit"
"BD-08 2823 c",2009,"Radial Velocity"
"HD 10180 f",2010,"Radial Velocity"
"Kepler-207 c",2014,"Transit"
"Kepler-224 b",2014,"Transit"
"TOI-5678 b",2023,"Transit"
"TOI-836.01",2021,"Transit"
"HIP 75092 b",2021,"Radial Velocity"
"Kepler-337 c",2014,"Transit"
"Kepler-299 d",2014,"Transit"
"Kepler-953 b",2016,"Transit"
"Kepler-493 b",2016,"Transit"
"Kepler-303 c",2014,"Transit"
"Kepler-137 b",2014,"Transit"
"WASP-77 A b",2012,"Transit"
"HD 22946 d",2023,"Transit"
"Kepler-68 e",2023,"Radial Velocity"
"Kepler-228 b",2014,"Transit"
"Kepler-238 c",2014,"Transit"
"KOI-7368 b",2022,"Transit"
"TOI-6008 b",2024,"Transit"
"Kepler-324 c",2014,"Transit"
"Kepler-188 b",2014,"Transit"
"Kepler-126 b",2014,"Transit"
"HD 134606 c",2024,"Radial Velocity"
"TOI-6324 b",2025,"Transit"
"TOI-1422 b",2022,"Transit"
"Kepler-136 c",2014,"Transit"
"Kepler-198 c",2014,"Transit"
"Kepler-398 b",2014,"Transit"
"Kepler-244 c",2014,"Transit"
"Kepler-247 b",2014,"Transit"
"TOI-5786 b",2025,"Transit"
"KMT-2021-BLG-0192L b",2022,"Microlensing"
"TOI-4914 b",2024,"Transit"
"K2-185 c",2018,"Transit"
"Kepler-301 d",2014,"Transit"
"Kepler-301 c",2014,"Transit"
"Kepler-342 d",2014,"Transit"
"Kepler-191 b",2014,"Transit"
"Kepler-194 d",2014,"Transit"
"Kepler-208 e",2014,"Transit"
"Kepler-344 c",2014,"Transit"
"Kepler-304 d",2014,"Transit"
"Kepler-304 c",2014,"Transit"
"Kepler-81 d",2014,"Transit"
"Kepler-548 b",2016,"Transit"
"Kepler-723 b",2016,"Transit"
"Kepler-197 e",2014,"Transit"
"Kepler-200 c",2014,"Transit"
"Kepler-346 c",2014,"Transit"
"Kepler-350 b",2014,"Transit"
"Kepler-306 e",2014,"Transit"
"Kepler-84 e",2014,"Transit"
"Kepler-265 e",2014,"Transit"
"Kepler-217 c",2014,"Transit"
"Kepler-220 d",2014,"Transit"
"Kepler-351 b",2014,"Transit"
"Kepler-352 b",2014,"Transit"
"Kepler-84 d",2014,"Transit"
"Kepler-310 d",2014,"Transit"
"Kepler-282 b",2014,"Transit"
"Kepler-282 c",2014,"Transit"
"Kepler-220 e",2014,"Transit"
"Kepler-154 c",2014,"Transit"
"Kepler-353 b",2014,"Transit"
"Kepler-85 e",2014,"Transit"
"Kepler-55 e",2014,"Transit"
"Kepler-310 b",2014,"Transit"
"Kepler-286 e",2014,"Transit"
"Kepler-368 c",2014,"Transit"
"Kepler-356 b",2014,"Transit"
"Kepler-354 d",2014,"Transit"
"Kepler-313 c",2014,"Transit"
"Kepler-142 b",2014,"Transit"
"Kepler-487 b",2016,"Transit"
"Kepler-506 b",2016,"Transit"
"K2-419 A b",2024,"Transit"
"TOI-4794 b",2025,"Transit"
"K2-398 c",2022,"Transit"
"Kepler-299 e",2014,"Transit"
"Kepler-372 b",2014,"Transit"
"Kepler-378 c",2014,"Transit"
"Kepler-357 c",2014,"Transit"
"Kepler-308 c",2014,"Transit"
"Kepler-124 b",2014,"Transit"
"Kepler-235 b",2014,"Transit"
"Kepler-392 c",2014,"Transit"
"Kepler-360 c",2014,"Transit"
"Kepler-363 b",2014,"Transit"
"Kepler-319 d",2014,"Transit"
"Kepler-319 b",2014,"Transit"
"Kepler-398 c",2014,"Transit"
"Kepler-399 b",2014,"Transit"
"Kepler-379 b",2014,"Transit"
"Kepler-198 b",2014,"Transit"
"Kepler-372 d",2014,"Transit"
"Kepler-146 b",2014,"Transit"
"Kepler-250 b",2014,"Transit"
"Kepler-390 c",2014,"Transit"
"Kepler-373 c",2014,"Transit"
"Kepler-326 b",2014,"Transit"
"Kepler-325 c",2014,"Transit"
"Kepler-46 d",2014,"Transit"
"Kepler-142 c",2014,"Transit"
"Kepler-374 d",2014,"Transit"
"Kepler-375 b",2014,"Transit"
"Kepler-256 b",2014,"Transit"
"Kepler-327 d",2014,"Transit"
"Kepler-403 c",2014,"Transit"
"Kepler-209 c",2014,"Transit"
"Kepler-246 c",2014,"Transit"
"Kepler-250 d",2014,"Transit"
"Kepler-376 b",2014,"Transit"
"Kepler-380 c",2014,"Transit"
"Kepler-130 d",2014,"Transit"
"Kepler-252 b",2014,"Transit"
"Kepler-255 b",2014,"Transit"
"Kepler-381 b",2014,"Transit"
"Kepler-383 c",2014,"Transit"
"Kepler-331 d",2014,"Transit"
"Kepler-333 c",2014,"Transit"
"HATS-33 b",2016,"Transit"
"TOI-2154 b",2023,"Transit"
"TOI-4666 b",2025,"Transit"
"WASP-194 b",2025,"Transit"
"HD 147379 b",2017,"Radial Velocity"
"TOI-2338 b",2023,"Transit"
"Kepler-1979 b",2023,"Transit"
"K2-407 c",2022,"Transit"
"K2-55 b",2016,"Transit"
"K2-60 b",2016,"Transit"
"Kepler-405 c",2014,"Transit"
"Kepler-256 d",2014,"Transit"
"Kepler-258 c",2014,"Transit"
"Kepler-387 c",2014,"Transit"
"Kepler-334 d",2014,"Transit"
"Kepler-336 b",2014,"Transit"
"Kepler-149 c",2014,"Transit"
"Kepler-393 c",2014,"Transit"
"Kepler-292 c",2014,"Transit"
"Kepler-337 b",2014,"Transit"
"Kepler-338 c",2014,"Transit"
"K2-405 b",2022,"Transit"
"TOI-1346 c",2025,"Transit"
"Kepler-102 d",2014,"Transit"
"HD 20329 b",2022,"Transit"
"HIP 111909 c",2025,"Radial Velocity"
"Kepler-158 d",2024,"Transit"
"Kepler-169 f",2014,"Transit"
"Kepler-265 b",2014,"Transit"
"Kepler-269 c",2014,"Transit"
"Kepler-395 b",2014,"Transit"
"Kepler-298 d",2014,"Transit"
"Kepler-339 c",2014,"Transit"
"Kepler-339 d",2014,"Transit"
"Kepler-171 d",2014,"Transit"
"Kepler-174 d",2014,"Transit"
"Kepler-272 d",2014,"Transit"
"Kepler-206 d",2014,"Transit"
"Kepler-122 c",2014,"Transit"
"Kepler-251 c",2014,"Transit"
"Kepler-234 c",2014,"Transit"
"KOI-1257 b",2014,"Transit"
"OGLE-2008-BLG-355L b",2014,"Microlensing"
"Kepler-200 b",2014,"Transit"
"Kepler-188 c",2014,"Transit"
"Kepler-252 c",2014,"Transit"
"Kepler-1928 b",2021,"Transit"
"Gaia-5 b",2025,"Astrometry"
"Kepler-1981 b",2023,"Transit"
"TOI-3082 b",2023,"Transit"
"WASP-8 b",2010,"Transit"
"Kepler-107 b",2014,"Transit"
"GJ 508.2 b",2025,"Radial Velocity"
"TOI-6086 b",2024,"Transit"
"KELT-12 b",2017,"Transit"
"HIP 67851 b",2015,"Radial Velocity"
"TOI-2443 b",2023,"Transit"
"Kepler-1983 b",2023,"Transit"
"Kepler-421 b",2014,"Transit"
"Kepler-343 c",2014,"Transit"
"TOI-2141 d",2025,"Radial Velocity"
"TOI-2719 b",2025,"Transit"
"NGTS-24 b",2022,"Transit"
"Kepler-190 b",2014,"Transit"
"Kepler-253 c",2014,"Transit"
"Kepler-170 c",2014,"Transit"
"Kepler-205 c",2014,"Transit"
"KELT-7 b",2015,"Transit"
"WASP-127 b",2016,"Transit"
"TOI-216.02",2019,"Transit"
"HATS-59 c",2018,"Radial Velocity"
"Kepler-202 b",2014,"Transit"
"Kepler-214 c",2014,"Transit"
"Kepler-192 b",2014,"Transit"
"Kepler-196 c",2014,"Transit"
"Kepler-245 d",2014,"Transit"
"Kepler-101 c",2014,"Transit"
"Kepler-154 b",2014,"Transit"
"Kepler-359 d",2014,"Transit"
"Kepler-256 c",2014,"Transit"
"Kepler-254 b",2014,"Transit"
"Kepler-184 c",2014,"Transit"
"Kepler-248 b",2014,"Transit"
"KIC 10001893 b",2014,"Orbital Brightness Modulation"
"KIC 10001893 c",2014,"Orbital Brightness Modulation"
"Kepler-172 b",2014,"Transit"
"Kepler-205 b",2014,"Transit"
"Kepler-257 c",2014,"Transit"
"Kepler-217 b",2014,"Transit"
"Kepler-174 c",2014,"Transit"
"Kepler-251 d",2014,"Transit"
"Kepler-423 b",2014,"Transit"
"HS Psc b",2024,"Radial Velocity"
"EPIC 212587672 c",2021,"Transit"
"TOI-2093 c",2025,"Transit"
"TOI-1266 b",2020,"Transit"
"HD 222237 b",2024,"Radial Velocity"
"WASP-195 b",2025,"Transit"
"TOI-4308 b",2023,"Transit"
"Kepler-1989 b",2023,"Transit"
"KELT-11 b",2017,"Transit"
"HD 167677 b",2023,"Radial Velocity"
"TOI-2095 b",2023,"Transit"
"HIP 29442 d",2023,"Radial Velocity"
"TOI-1749 b",2021,"Transit"
"TOI-3819 b",2023,"Transit"
"KIC 10001893 d",2014,"Orbital Brightness Modulation"
"Kepler-361 b",2014,"Transit"
"Kepler-362 b",2014,"Transit"
"Kepler-218 c",2014,"Transit"
"Kepler-193 b",2014,"Transit"
"Kepler-253 d",2014,"Transit"
"Kepler-192 c",2014,"Transit"
"TOI-561 b",2020,"Transit"
"GJ 317 c",2018,"Radial Velocity"
"TOI-1180 b",2024,"Transit"
"Kepler-1471 b",2016,"Transit"
"L 98-59 b",2019,"Transit"
"L 98-59 c",2019,"Transit"
"L 98-59 d",2019,"Transit"
"L 98-59 e",2021,"Radial Velocity"
"L 98-59 f",2025,"Radial Velocity"
"K2-414 b",2022,"Transit"
"HIP 29442 c",2023,"Radial Velocity"
"TOI-1174 b",2024,"Transit"
"WASP-136 b",2016,"Transit"
"TOI-1439 b",2024,"Transit"
"HD 118203 c",2024,"Radial Velocity"
"K2-331 c",2021,"Transit"
"Kepler-93 b",2014,"Transit"
"WASP-185 b",2019,"Transit"
"Kepler-365 c",2014,"Transit"
"Kepler-220 c",2014,"Transit"
"Kepler-487 d",2021,"Transit"
"LP 791-18 b",2019,"Transit"
"K2-266 c",2018,"Transit"
"K2-389 b",2022,"Transit"
"HD 191939 f",2022,"Radial Velocity"
"K2-413 b",2022,"Transit"
"TOI-5716 b",2025,"Transit"
"HD 104985 b",2003,"Radial Velocity"
"K2-332 b",2021,"Transit"
"Kepler-409 b",2014,"Transit"
"Kepler-522 b",2016,"Transit"
"K2-199 c",2018,"Transit"
"TOI-3688 A b",2023,"Transit"
"NGTS-30 b",2024,"Transit"
"K2-389 c",2022,"Transit"
"HD 94890 b",2025,"Radial Velocity"
"Kepler-670 b",2016,"Transit"
"Kepler-196 b",2014,"Transit"
"Kepler-221 c",2014,"Transit"
"Kepler-163 c",2014,"Transit"
"Kepler-97 c",2014,"Radial Velocity"
"Kepler-407 c",2014,"Radial Velocity"
"Kepler-427 b",2014,"Transit"
"TOI-4961 b",2025,"Transit"
"LHS 1678 c",2021,"Transit"
"HD 24040 b",2006,"Radial Velocity"
"TOI-5489 c",2025,"Transit"
"Kepler-763 b",2016,"Transit"
"TOI-1759 b",2022,"Transit"
"TOI-5110 b",2024,"Transit"
"WASP-148 c",2020,"Radial Velocity"
"Kepler-207 d",2014,"Transit"
"Kepler-245 b",2014,"Transit"
"Kepler-208 b",2014,"Transit"
"Kepler-246 b",2014,"Transit"
"Kepler-179 c",2014,"Transit"
"Kepler-226 c",2014,"Transit"
"Kepler-113 b",2014,"Transit"
"Kepler-48 d",2014,"Transit"
"Kepler-199 b",2014,"Transit"
"Kepler-237 c",2014,"Transit"
"TOI-2525 c",2023,"Transit"
"TOI-5489 b",2025,"Transit"
"HD 23079 b",2001,"Radial Velocity"
"55 Cnc f",2007,"Radial Velocity"
"Kepler-247 c",2014,"Transit"
"Kepler-161 b",2014,"Transit"
"Kepler-153 b",2014,"Transit"
"Kepler-106 b",2014,"Transit"
"Kepler-100 d",2014,"Transit"
"Kepler-274 b",2014,"Transit"
"Kepler-312 b",2014,"Transit"
"Kepler-211 c",2014,"Transit"
"Kepler-212 c",2014,"Transit"
"Kepler-228 d",2014,"Transit"
"Kepler-864 b",2016,"Transit"
"K2-394 b",2022,"Transit"
"Kepler-230 b",2014,"Transit"
"TOI-444 b",2023,"Transit"
"TOI-2202 b",2021,"Transit"
"Wendelstein-2 b",2020,"Transit"
"Kepler-166 b",2014,"Transit"
"Kepler-181 c",2014,"Transit"
"Kepler-106 d",2014,"Transit"
"Kepler-131 c",2014,"Transit"
"Kepler-320 b",2014,"Transit"
"Kepler-169 e",2014,"Transit"
"Kepler-249 c",2014,"Transit"
"Kepler-174 b",2014,"Transit"
"Kepler-231 c",2014,"Transit"
"Kepler-197 c",2014,"Transit"
"Kepler-151 b",2014,"Transit"
"Kepler-241 b",2014,"Transit"
"Kepler-232 b",2014,"Transit"
"Kepler-233 b",2014,"Transit"
"Kepler-143 b",2014,"Transit"
"Kepler-332 d",2014,"Transit"
"HIP 9618 b",2023,"Transit"
"TOI-1453 b",2025,"Transit"
"TOI-1450 A b",2024,"Transit"
"GJ 3512 c",2020,"Radial Velocity"
"TOI-1450 A c",2024,"Transit"
"Kepler-453 b",2015,"Transit"
"TOI-1420 b",2023,"Transit"
"KOI-4978 b",2024,"Transit"
"Kepler-311 d",2023,"Transit"
"K2-369 b",2022,"Transit"
"HD 93083 b",2005,"Radial Velocity"
"LHS 1678 d",2024,"Transit"
"Kepler-1515 b",2016,"Transit"
"TOI-5616 b",2024,"Transit"
"TOI-2194 b",2023,"Transit"
"K2-388 b",2022,"Transit"
"K2-397 b",2022,"Transit"
"KIC 3558849 b",2015,"Transit"
"HD 215152 c",2018,"Radial Velocity"
"Kepler-440 b",2015,"Transit"
"HD 23472 e",2022,"Transit"
"HD 73344 c",2025,"Radial Velocity"
"TOI-1301.01",2024,"Transit"
"TOI-1221 b",2023,"Transit"
"Kepler-490 b",2016,"Transit"
"TOI-697 b",2026,"Transit"
"EPIC 220674823 c",2016,"Transit"
"Kepler-949 b",2016,"Transit"
"TOI-544 b",2022,"Transit"
"Kepler-109 c",2014,"Transit"
"TOI-2266 b",2024,"Transit"
"TOI-1744.01",2024,"Transit"
"HATS-66 b",2018,"Transit"
"K2-13 b",2015,"Transit"
"KIC 8540376 b",2015,"Transit"
"KIC 8540376 c",2015,"Transit"
"Kepler-436 b",2015,"Transit"
"Kepler-186 f",2014,"Transit"
"Kepler-441 b",2015,"Transit"
"TOI-1224 c",2024,"Transit"
"K2-155 c",2018,"Transit"
"TOI-808 b",2026,"Transit"
"TOI-2088 b",2024,"Transit"
"WASP-1 b",2007,"Transit"
"HD 224018 d",2025,"Transit"
"TOI-1782.01",2024,"Transit"
"K2-141 c",2018,"Transit"
"TOI-4487 A b",2025,"Transit"
"GJ 3512 b",2019,"Radial Velocity"
"HD 95338 b",2020,"Radial Velocity"
"HD 215497 b",2009,"Radial Velocity"
"Kepler-435 b",2015,"Transit"
"Qatar-5 b",2017,"Transit"
"COCONUTS-2 b",2021,"Imaging"
"K2-333 b",2021,"Transit"
"TOI-2145 b",2023,"Transit"
"Kepler-68 c",2013,"Transit"
"HD 28471 b",2025,"Radial Velocity"
"TOI-500 e",2022,"Radial Velocity"
"HATS-56 b",2019,"Transit"
"HAT-P-12 b",2009,"Transit"
"TOI-2046 b",2022,"Transit"
"HD 215497 c",2009,"Radial Velocity"
"HAT-P-33 b",2011,"Transit"
"HD 149026 b",2005,"Radial Velocity"
"TOI-6383 A b",2024,"Transit"
"HD 100508 b",2026,"Radial Velocity"
"HATS-16 b",2016,"Transit"
"TOI-1799 b",2024,"Transit"
"DMPP-4 b",2023,"Radial Velocity"
"HD 191939 b",2020,"Transit"
"TOI-333 b",2025,"Transit"
"Kepler-19 b",2011,"Transit"
"Kepler-1999 b",2023,"Transit"
"TOI-3353.01",2024,"Transit"
"K2-14 b",2015,"Transit"
"K2-15 b",2015,"Transit"
"K2-17 b",2015,"Transit"
"KIC 10525077 b",2015,"Transit"
"KIC 5437945 b",2015,"Transit"
"Kepler-442 b",2015,"Transit"
"HD 67087 b",2015,"Radial Velocity"
"TOI-1411 b",2022,"Transit"
"K2-285 c",2018,"Transit"
"Kepler-785 b",2016,"Transit"
"TOI-1036 b",2026,"Transit"
"WASP-62 b",2012,"Transit"
"TOI-938 b",2026,"Transit"
"K2-372 b",2022,"Transit"
"HD 33142 d",2022,"Radial Velocity"
"nu Oph c",2012,"Radial Velocity"
"HD 32963 b",2015,"Radial Velocity"
"Kepler-437 b",2015,"Transit"
"HIP 78530 b",2010,"Imaging"
"1RXS J160929.1-210524 b",2008,"Imaging"
"OGLE-2012-BLG-0563L b",2015,"Microlensing"
"Kepler-296 c",2014,"Transit"
"OGLE-2016-BLG-1266L b",2018,"Microlensing"
"TOI-5218 b",2024,"Transit"
"TOI-1516 b",2022,"Transit"
"TYC 8998-760-1 c",2020,"Imaging"
"TOI-332 b",2023,"Transit"
"Kepler-731 b",2016,"Transit"
"K2-265 b",2018,"Transit"
"KMT-2022-BLG-1818L b",2026,"Microlensing"
"WASP-2 b",2007,"Transit"
"HD 106315 c",2017,"Transit"
"WASP-28 b",2014,"Transit"
"TOI-2141 c",2025,"Radial Velocity"
"Kepler-856 b",2016,"Transit"
"HD 113538 b",2010,"Radial Velocity"
"Kepler-79 e",2014,"Transit"
"Kepler-79 c",2012,"Transit"
"Kepler-296 d",2014,"Transit"
"BD+15 2375 b",2016,"Radial Velocity"
"HD 5583 b",2016,"Radial Velocity"
"HD 113538 c",2010,"Radial Velocity"
"HD 30669 b",2014,"Radial Velocity"
"Kepler-79 b",2012,"Transit"
"Kepler-296 e",2014,"Transit"
"Kepler-296 f",2014,"Transit"
"WASP-180 A b",2019,"Transit"
"GJ 1137 c",2026,"Radial Velocity"
"Kepler-1869 b",2021,"Transit"
"TOI-421 b",2020,"Transit"
"HD 12484 b",2016,"Radial Velocity"
"HIP 65407 b",2016,"Radial Velocity"
"HD 108341 b",2014,"Radial Velocity"
"HD 103720 b",2014,"Radial Velocity"
"TOI-521 b",2025,"Transit"
"TOI-4641 b",2023,"Transit"
"TOI-5542 b",2022,"Transit"
"K2-339 b",2021,"Transit"
"Kepler-1980 b",2023,"Transit"
"TOI-1789 b",2021,"Transit"
"CoRoT-28 b",2015,"Transit"
"WASP-98 b",2014,"Transit"
"HIP 66074 b",2023,"Astrometry"
"TOI-3135 b",2025,"Transit"
"Kepler-1814 c",2023,"Transit"
"HD 94771 b",2023,"Radial Velocity"
"TOI-4087 b",2023,"Transit"
"TOI-286 c",2024,"Transit"
"Kepler-1894 b",2021,"Transit"
"TOI-2019 b",2024,"Transit"
"NGTS-10 b",2020,"Transit"
"TOI-1105 b",2026,"Transit"
"TOI-2076 e",2025,"Transit"
"TOI-1117 b",2025,"Transit"
"SPECULOOS-3 b",2024,"Transit"
"TOI-4600 b",2023,"Transit"
"K2-140 b",2017,"Transit"
"Kepler-434 b",2015,"Transit"
"Kepler-433 b",2015,"Transit"
"HATS-43 b",2018,"Transit"
"2M0437 b",2021,"Imaging"
"Kepler-1518 b",2016,"Transit"
"TOI-4773 b",2025,"Transit"
"Kepler-685 b",2016,"Transit"
"TOI-1806.01",2024,"Transit"
"K2-378 b",2022,"Transit"
"TOI-762 A b",2024,"Transit"
"HD 207897 b",2021,"Transit"
"TOI-1736 b",2023,"Transit"
"NGTS-21 b",2022,"Transit"
"HD 75302 b",2023,"Radial Velocity"
"TOI-4495 b",2026,"Transit"
"kap CrB b",2007,"Radial Velocity"
"TOI-244 b",2023,"Transit"
"TOI-2295 b",2024,"Transit"
"HIP 109384 b",2016,"Radial Velocity"
"HD 220842 b",2016,"Radial Velocity"
"Kepler-445 d",2015,"Transit"
"Kepler-445 c",2015,"Transit"
"Kepler-432 b",2015,"Transit"
"TOI-500 b",2022,"Transit"
"TIC 231949697 b",2026,"Transit"
"Wolf 327 b",2024,"Transit"
"Kepler-1982 b",2023,"Transit"
"TOI-4559 b",2024,"Transit"
"GJ 3929 c",2022,"Radial Velocity"
"Kepler-1513 b",2016,"Transit"
"Kepler-10 d",2023,"Radial Velocity"
"WASP-87 b",2016,"Transit"
"OGLE2-TR-L9 b",2008,"Transit"
"HD 109833 c",2022,"Transit"
"GJ 9827 d",2017,"Transit"
"TOI-5704 b",2023,"Transit"
"TOI-5007 b",2026,"Transit"
"TOI-6448 b",2025,"Transit"
"Kepler-1655 b",2018,"Transit"
"Kepler-880 c",2023,"Transit"
"Kepler-1624 b",2016,"Transit"
"HAT-P-68 b",2020,"Transit"
"NGTS-15 b",2021,"Transit"
"HD 191939 g",2022,"Radial Velocity"
"TOI-5688 A b",2024,"Transit"
"HD 94890 c",2025,"Radial Velocity"
"MWC 758 c",2023,"Imaging"
"HD 20794 b",2011,"Radial Velocity"
"HD 158259 c",2020,"Radial Velocity"
"HD 110067 e",2023,"Transit"
"Kepler-20 b",2011,"Transit"
"Kepler-1972 c",2022,"Transit"
"TOI-5592 b",2025,"Transit"
"HR 858 b",2019,"Transit"
"OGLE-2008-BLG-092L b",2014,"Microlensing"
"OGLE-2005-BLG-071L b",2005,"Microlensing"
"Kepler-445 b",2015,"Transit"
"Kepler-446 d",2015,"Transit"
"8 UMi b",2015,"Radial Velocity"
"TOI-1750 b",2026,"Transit"
"K2-133 c",2017,"Transit"
"TOI-4127 b",2023,"Transit"
"HD 111998 b",2016,"Radial Velocity"
"K2-398 b",2022,"Transit"
"BEBOP-4 AB b",2025,"Radial Velocity"
"OGLE-2006-BLG-109L b",2008,"Microlensing"
"K2-404 b",2022,"Transit"
"GJ 3090 c",2026,"Radial Velocity"
"TOI-3464 b",2025,"Transit"
"Kepler-1052 b",2016,"Transit"
"K2-131 b",2017,"Transit"
"TOI-561 c",2020,"Transit"
"K2-136 b",2017,"Transit"
"TOI-1853 b",2023,"Transit"
"Kepler-1986 b",2023,"Transit"
"2MASS J02192210-3925225 b",2015,"Imaging"
"GJ 480 b",2020,"Radial Velocity"
"WASP-32 b",2010,"Transit"
"K2-337 b",2021,"Transit"
"TOI-2989 b",2025,"Transit"
"Kepler-963 c",2024,"Transit"
"TOI-1136 c",2022,"Transit"
"Kepler-1921 c",2023,"Transit"
"HD 23079 c",2025,"Radial Velocity"
"TOI-1246 d",2022,"Transit"
"TOI-5238 b",2022,"Transit"
"TOI-4860 b",2023,"Transit"
"Kepler-30 d",2012,"Transit"
"Kepler-1610 c",2023,"Transit"
"HD 28471 d",2025,"Radial Velocity"
"WASP-132 d",2024,"Radial Velocity"
"Kepler-454 b",2015,"Transit"
"K2-157 b",2018,"Transit"
"NGTS-34 b",2025,"Transit"
"NGC 2682 Sand 1429 b",2024,"Radial Velocity"
"K2-352 b",2021,"Transit"
"Qatar-2 b",2011,"Transit"
"WASP-66 b",2012,"Transit"
"Qatar-8 b",2019,"Transit"
"Kepler-290 d",2023,"Transit"
"Kepler-1814 b",2021,"Transit"
"TOI-1347 b",2024,"Transit"
"TOI-3523 A b",2025,"Transit"
"TOI-2295 c",2024,"Radial Velocity"
"KELT-18 b",2017,"Transit"
"TOI-431 d",2021,"Transit"
"Kepler-2001 b",2023,"Transit"
"WASP-197 b",2025,"Transit"
"TOI-1136 e",2022,"Transit"
"Kepler-416 c",2014,"Transit Timing Variations"
"NN Ser c",2010,"Eclipse Timing Variations"
"K2-287 b",2018,"Transit"
"GJ 341 b",2025,"Transit"
"K2-138 b",2017,"Transit"
"K2-178 b",2018,"Transit"
"Kepler-449 c",2015,"Transit"
"CoRoT-1 b",2008,"Transit"
"K2-406 b",2022,"Transit"
"TOI-1758 b",2024,"Transit"
"WISPIT 1 b",2025,"Imaging"
"TOI-5108 b",2025,"Transit"
"WASP-84 b",2014,"Transit"
"K2-371 b",2022,"Transit"
"Kepler-1513 c",2023,"Transit Timing Variations"
"NY Vir c",2019,"Eclipse Timing Variations"
"TOI-6628 b",2025,"Transit"
"LTT 9779 b",2020,"Transit"
"Kepler-975 b",2016,"Transit"
"HD 143811 AB b",2025,"Imaging"
"TOI-238 c",2024,"Radial Velocity"
"HATS-54 b",2019,"Transit"
"TIC 279401253 c",2023,"Transit"
"TOI-5340 b",2025,"Transit"
"TOI-5799 c",2025,"Transit"
"Kepler-318 c",2014,"Transit"
"TOI-4561 b",2026,"Transit"
"HD 165131 b",2023,"Radial Velocity"
"HAT-P-19 b",2010,"Transit"
"K2-401 b",2022,"Transit"
"Kepler-1487 c",2023,"Transit"
"Kepler-725 b",2016,"Transit"
"Kepler-431 d",2015,"Transit"
"Kepler-431 c",2015,"Transit"
"HATS-57 b",2019,"Transit"
"WASP-34 b",2010,"Transit"
"WASP-3 b",2007,"Transit"
"Kepler-449 b",2015,"Transit"
"HD 1461 b",2010,"Radial Velocity"
"HD 1461 c",2015,"Radial Velocity"
"GJ 3341 b",2015,"Radial Velocity"
"Kepler-430 c",2015,"Transit"
"Kepler-444 b",2015,"Transit"
"Kepler-444 c",2015,"Transit"
"TOI-4010 d",2023,"Transit"
"K2-275 c",2018,"Transit"
"TOI-5734 b",2026,"Transit"
"Kepler-1487 b",2016,"Transit"
"Kepler-323 b",2014,"Transit"
"NGTS-17 b",2021,"Transit"
"Kepler-10 c",2011,"Transit"
"Kepler-1972 b",2022,"Transit"
"TOI-6478 b",2025,"Transit"
"HD 183263 b",2004,"Radial Velocity"
"MOA-2011-BLG-262L b",2014,"Microlensing"
"HD 40307 d",2009,"Radial Velocity"
"HD 87883 b",2009,"Radial Velocity"
"TOI-815 c",2024,"Transit"
"Kepler-25 d",2014,"Radial Velocity"
"TOI-3331 A b",2022,"Transit"
"HD 74698 c",2023,"Radial Velocity"
"TOI-2068 b",2024,"Transit"
"K2-412 b",2022,"Transit"
"Kepler-603 b",2016,"Transit"
"Barnard d",2025,"Radial Velocity"
"K2-132 b",2017,"Transit"
"TOI-4747 b",2026,"Transit"
"HD 40307 f",2013,"Radial Velocity"
"Kepler-444 e",2015,"Transit"
"Kepler-444 d",2015,"Transit"
"Kepler-444 f",2015,"Transit"
"HIP 107773 b",2015,"Radial Velocity"
"TOI-763 b",2020,"Transit"
"K2-174 b",2018,"Transit"
"TOI-615 b",2023,"Transit"
"NY Vir b",2011,"Eclipse Timing Variations"
"AF Lep b",2023,"Imaging"
"Kepler-763 d",2023,"Transit"
"OGLE-2005-BLG-169L b",2006,"Microlensing"
"K2-133 d",2017,"Transit"
"K2-165 b",2018,"Transit"
"Kepler-1990 b",2023,"Transit"
"Kepler-164 e",2023,"Transit"
"K2-87 b",2016,"Transit"
"TOI-1338 c",2023,"Radial Velocity"
"OGLE-2019-BLG-0362L b",2022,"Microlensing"
"TOI-5803 b",2023,"Transit"
"AT2021ueyL b",2025,"Microlensing"
"HD 145675 c",2021,"Radial Velocity"
"WASP-60 b",2012,"Transit"
"XO-2 S b",2014,"Radial Velocity"
"TOI-776 b",2020,"Transit"
"Kepler-1987 d",2023,"Transit"
"TOI-833 b",2022,"Transit"
"KELT-24 b",2019,"Transit"
"TOI-858 B b",2023,"Transit"
"WASP-13 b",2009,"Transit"
"WASP-10 b",2008,"Transit"
"HAT-P-32 b",2011,"Transit"
"Kepler-1704 b",2013,"Transit"
"Kepler-1693 b",2020,"Transit"
"HD 199509 b",2022,"Radial Velocity"
"Kepler-104 b",2014,"Transit"
"Kepler-945 b",2016,"Transit"
"TOI-2416 b",2023,"Transit"
"HD 110113 c",2021,"Radial Velocity"
"XO-2 N b",2007,"Transit"
"EPIC 206317286 b",2019,"Transit"
"WASP-102 b",2025,"Transit"
"Kepler-297 d",2023,"Transit"
"Kepler-1994 b",2023,"Transit"
"HATS-32 b",2016,"Transit"
"HAT-P-46 b",2014,"Transit"
"TOI-125 b",2019,"Transit"
"TOI-125 d",2020,"Transit"
"Kepler-1130 b",2016,"Transit"
"Kepler-1878 b",2021,"Transit"
"HD 21411 b",2019,"Radial Velocity"
"Kepler-239 c",2014,"Transit"
"NSVS 14256825 b",2019,"Eclipse Timing Variations"
"HD 143361 b",2008,"Radial Velocity"
"Kepler-1978 b",2023,"Transit"
"HD 12661 b",2000,"Radial Velocity"
"WASP-11 b",2008,"Transit"
"WASP-192 b",2019,"Transit"
"WASP-44 b",2011,"Transit"
"HAT-P-5 b",2007,"Transit"
"HAT-P-8 b",2008,"Transit"
"HD 33844 b",2015,"Radial Velocity"
"Kepler-139 f",2025,"Transit Timing Variations"
"TOI-836 b",2023,"Transit"
"TOI-1246 b",2022,"Transit"
"Kepler-1849 b",2021,"Transit"
"Kepler-2001 c",2023,"Transit"
"DMPP-1 e",2019,"Radial Velocity"
"K2-403 b",2022,"Transit"
"TOI-5789 e",2026,"Radial Velocity"
"rho CrB b",1997,"Radial Velocity"
"HD 191939 c",2020,"Transit"
"DMPP-6 b",2026,"Radial Velocity"
"Kepler-315 c",2014,"Transit"
"Qatar-10 b",2019,"Transit"
"Gliese 12 b",2024,"Transit"
"HD 209458 b",1999,"Radial Velocity"
"Kepler-1991 b",2023,"Transit"
"Kepler-1995 b",2023,"Transit"
"Kepler-1987 e",2023,"Transit"
"KELT-3 b",2013,"Transit"
"Kepler-417 c",2014,"Transit Timing Variations"
"KMT-2017-BLG-1146L b",2019,"Microlensing"
"Kepler-1213 b",2016,"Transit"
"Kepler-1020 b",2016,"Transit"
"Kepler-682 b",2016,"Transit"
"K2-194 b",2018,"Transit"
"Kepler-1993 b",2023,"Transit"
"Kepler-579 b",2016,"Transit"
"HD 216770 b",2003,"Radial Velocity"
"Kepler-1074 b",2016,"Transit"
"WASP-133 b",2016,"Transit"
"Kepler-1126 c",2023,"Transit"
"TOI-1224 b",2024,"Transit"
"TOI-564 b",2020,"Transit"
"Kepler-1656 c",2022,"Radial Velocity"
"TOI-1410 c",2024,"Radial Velocity"
"HATS-55 b",2019,"Transit"
"WASP-183 b",2019,"Transit"
"HD 45184 b",2019,"Radial Velocity"
"Kepler-700 b",2016,"Transit"
"WASP-170 b",2018,"Transit"
"TOI-1693 b",2022,"Transit"
"OGLE-2018-BLG-0298L b",2022,"Microlensing"
"OGLE-2013-BLG-0102L b",2014,"Microlensing"
"Kepler-948 b",2016,"Transit"
"TOI-1472 b",2024,"Transit"
"Kepler-1894 c",2023,"Transit"
"TOI-532 b",2021,"Transit"
"Kepler-1996 b",2023,"Transit"
"LP 714-47 b",2020,"Transit"
"TOI-921 b",2026,"Transit"
"Kepler-1278 b",2016,"Transit"
"HD 106270 b",2011,"Radial Velocity"
"Kepler-1977 b",2023,"Transit"
"HATS-10 b",2015,"Transit"
"Kepler-1801 c",2023,"Transit"
"Kepler-472 b",2016,"Transit"
"Kepler-1129 b",2016,"Transit"
"Kepler-1275 b",2016,"Transit"
"Kepler-1052 c",2023,"Transit"
"HATS-61 b",2018,"Transit"
"Kepler-656 c",2023,"Transit"
"Kepler-1471 c",2023,"Transit"
"Kepler-60 c",2012,"Transit"
"Kepler-784 c",2023,"Transit"
"WASP-49 b",2012,"Transit"
"WASP-15 b",2009,"Transit"
"Kepler-1869 c",2023,"Transit"
"Kepler-1987 c",2023,"Transit"
"Kepler-1669 d",2023,"Transit"
"Kepler-1870 b",2021,"Transit"
"K2-8 c",2016,"Transit"
"Kepler-1339 b",2016,"Transit"
"Kepler-865 c",2023,"Transit"
"Kepler-2000 c",2023,"Transit"
"Kepler-864 c",2023,"Transit"
"Kepler-1905 b",2021,"Transit"
"Kepler-230 c",2014,"Transit"
"Kepler-1839 b",2021,"Transit"
"Kepler-694 b",2016,"Transit"
"K2-32 e",2019,"Transit"
"Kepler-1984 b",2023,"Transit"
"Kepler-1987 b",2023,"Transit"
"Kepler-919 b",2016,"Transit"
"Kepler-1181 c",2023,"Transit"
"Kepler-1858 b",2021,"Transit"
"Kepler-975 c",2023,"Transit"
"HD 95872 b",2015,"Radial Velocity"
"Kepler-411 b",2013,"Transit"
"NGTS-16 b",2021,"Transit"
"K2-31 b",2016,"Transit"
"K2-39 b",2016,"Transit"
"HIP 38594 c",2020,"Radial Velocity"
"Kepler-144 b",2014,"Transit"
"Kepler-1121 b",2016,"Transit"
"HD 10442 b",2014,"Radial Velocity"
"Kepler-402 d",2014,"Transit"
"TOI-4515 b",2024,"Transit"
"HAT-P-41 b",2012,"Transit"
"AU Mic c",2021,"Transit"
"HAT-P-7 b",2008,"Transit"
"AU Mic b",2020,"Transit"
"WASP-63 b",2012,"Transit"
"TOI-3540 A b",2022,"Transit"
"HATS-62 b",2018,"Transit"
"Kepler-1690 b",2020,"Transit"
"Kepler-1118 b",2016,"Transit"
"Kepler-150 b",2014,"Transit"
"Kepler-1841 b",2021,"Transit"
"Kepler-620 b",2016,"Transit"
"HD 105618 b",2022,"Radial Velocity"
"KMT-2016-BLG-1836L b",2019,"Microlensing"
"NGTS-12 b",2020,"Transit"
"Kepler-1669 b",2020,"Transit"
"K2-341 b",2021,"Transit"
"TOI-262 b",2023,"Transit"
"Kepler-347 d",2023,"Transit"
"55 Cnc e",2004,"Radial Velocity"
"K2-329 b",2020,"Transit"
"Kepler-405 b",2014,"Transit"
"HIP 114933 b",2021,"Radial Velocity"
"NGTS-18 b",2021,"Transit"
"Kepler-129 b",2014,"Transit"
"GJ 3082 b",2020,"Radial Velocity"
"HD 136352 b",2019,"Radial Velocity"
"HD 221420 b",2019,"Radial Velocity"
"HD 136352 c",2019,"Radial Velocity"
"Kepler-1723 b",2021,"Transit"
"Kepler-1176 b",2016,"Transit"
"Kepler-1783 b",2021,"Transit"
"TOI-6255 b",2024,"Transit"
"TOI-157 b",2020,"Transit"
"OGLE-2017-BLG-0640L b",2024,"Microlensing"
"OGLE-2013-BLG-1761L b",2018,"Microlensing"
"OGLE-2017-BLG-1099L b",2021,"Microlensing"
"Kepler-1421 b",2016,"Transit"
"Kepler-1442 b",2016,"Transit"
"Kepler-414 b",2014,"Transit Timing Variations"
"HD 13808 c",2021,"Radial Velocity"
"TOI-1333 b",2021,"Transit"
"HD 13808 b",2021,"Radial Velocity"
"HD 136352 d",2019,"Radial Velocity"
"K2-185 b",2018,"Transit"
"K2-59 b",2016,"Transit"
"Kepler-1976 b",2023,"Transit Timing Variations"
"HAT-P-61 b",2021,"Transit"
"TOI-849 b",2020,"Transit"
"Kepler-1491 c",2023,"Transit"
"Kepler-1834 c",2023,"Transit"
"Kepler-1518 c",2023,"Transit"
"TIC 270471727 b",2026,"Transit"
"Kepler-348 c",2014,"Transit"
"Kepler-1200 b",2016,"Transit"
"HD 204941 b",2011,"Radial Velocity"
"HD 68988 c",2021,"Radial Velocity"
"HD 101581 b",2025,"Transit"
"OGLE-2017-BLG-0406L b",2020,"Microlensing"
"KMT-2017-BLG-0428L b",2023,"Microlensing"
"Kepler-698 b",2016,"Transit"
"WASP-121 b",2016,"Transit"
"GJ 536 c",2025,"Radial Velocity"
"TOI-663 b",2024,"Transit"
"TOI-1259 A b",2021,"Transit"
"Qatar-4 b",2017,"Transit"
"K2-113 b",2017,"Transit"
"TOI-150.01",2019,"Transit"
"TOI-2107 b",2024,"Transit"
"Kepler-1321 b",2016,"Transit"
"HD 10180 h",2010,"Radial Velocity"
"HD 7924 b",2008,"Radial Velocity"
"HIP 57274 d",2011,"Radial Velocity"
"HD 215152 e",2018,"Radial Velocity"
"KMT-2020-BLG-0414L c",2021,"Microlensing"
"GJ 328 b",2013,"Radial Velocity"
"HD 16175 b",2009,"Radial Velocity"
"Kepler-1195 b",2016,"Transit"
"Kepler-739 b",2016,"Transit"
"K2-268 e",2021,"Transit"
"K2-268 f",2021,"Transit"
"K2-268 b",2018,"Transit"
"K2-146 c",2019,"Transit"
"OGLE-2013-BLG-0341L B b",2014,"Microlensing"
"TOI-1248 b",2024,"Transit"
"Qatar-7 b",2019,"Transit"
"HATS-22 b",2017,"Transit"
"TOI-4465 b",2025,"Transit"
"TOI-1291 b",2026,"Transit"
"TOI-1722 b",2026,"Transit"
"TOI-1756 b",2026,"Transit"
"K2-336 b",2021,"Transit"
"K2-334 b",2021,"Transit"
"EPIC 212297394 b",2019,"Transit"
"HAT-P-38 b",2012,"Transit"
"HD 106315 b",2017,"Transit"
"K2-331 b",2021,"Transit"
"TOI-5232 b",2024,"Transit"
"K2-342 b",2021,"Transit"
"V1298 Tau e",2019,"Transit"
"V1298 Tau c",2019,"Transit"
"Kepler-1914 b",2021,"Transit"
"Kepler-224 c",2014,"Transit"
"HAT-P-64 b",2021,"Transit"
"K2-348 b",2021,"Transit"
"HATS-40 b",2018,"Transit"
"TOI-4578 b",2026,"Transit"
"TOI-4898 b",2026,"Transit"
"BD+45 564 b",2021,"Radial Velocity"
"Kepler-911 b",2016,"Transit"
"HD 102329 c",2018,"Radial Velocity"
"K2-353 b",2021,"Transit"
"TOI-1749 c",2021,"Transit"
"TOI-431 b",2021,"Transit"
"Kepler-795 b",2016,"Transit"
"K2-340 b",2021,"Transit"
"Kepler-163 b",2014,"Transit"
"K2-330 b",2021,"Transit"
"K2-268 c",2018,"Transit"
"Kepler-668 b",2016,"Transit"
"K2-352 d",2021,"Transit"
"K2-352 c",2021,"Transit"
"K2-335 b",2021,"Transit"
"CWISEP J193518.59-154620.3 b",2025,"Imaging"
"TOI-5926 b",2026,"Transit"
"TOI-6393 b",2026,"Transit"
"TOI-2071 b",2026,"Transit"
"TOI-2227 b",2026,"Transit"
"TOI-4030 b",2026,"Transit"
"TOI-4513 b",2026,"Transit"
"K2-268 d",2021,"Transit"
"HD 79181 b",2021,"Radial Velocity"
"HD 10975 b",2021,"Radial Velocity"
"HD 99283 b",2021,"Radial Velocity"
"Kepler-989 b",2016,"Transit"
"K2-346 b",2021,"Transit"
"Kepler-1801 b",2021,"Transit"
"HATS-51 b",2017,"Transit"
"HR 858 d",2019,"Transit"
"Kepler-1446 b",2016,"Transit"
"Kepler-956 b",2016,"Transit"
"ups Leo b",2021,"Radial Velocity"
"HD 161178 b",2021,"Radial Velocity"
"K2-368 d",2022,"Transit"
"EPIC 212297394 c",2021,"Transit"
"K2-349 b",2021,"Transit"
"Kepler-1834 b",2021,"Transit"
"Kepler-1859 b",2021,"Transit"
"HATS-74 A b",2021,"Transit"
"TOI-880 c",2025,"Transit"
"TOI-1278 b",2021,"Transit"
"WASP-97 b",2014,"Transit"
"gam Psc b",2021,"Radial Velocity"
"HD 219139 b",2021,"Radial Velocity"
"Kepler-98 b",2014,"Transit"
"Kepler-238 b",2014,"Transit"
"Kepler-67 b",2013,"Transit"
"WASP-46 b",2011,"Transit"
"WASP-48 b",2011,"Transit"
"WASP-6 b",2009,"Transit"
"PDS 70 b",2018,"Imaging"
"TOI-1064 b",2022,"Transit"
"TrES-5 b",2011,"Transit"
"WASP-114 b",2016,"Transit"
"Kepler-1921 b",2021,"Transit"
"HD 114386 c",2026,"Radial Velocity"
"TOI-1442 b",2022,"Transit"
"WASP-25 b",2010,"Transit"
"LTT 1445 A c",2022,"Transit"
"TOI-1064 c",2022,"Transit"
"K2-373 b",2022,"Transit"
"Kepler-1542 d",2016,"Transit"
"K2-316 c",2020,"Transit"
"TOI-1295 b",2024,"Transit"
"K2-115 b",2017,"Transit"
"K2-350 c",2016,"Transit"
"TOI-261.02",2021,"Transit"
"TOI-1203 e",2025,"Radial Velocity"
"Kepler-1764 b",2021,"Transit"
"Kepler-1269 b",2016,"Transit"
"Kepler-681 b",2016,"Transit"
"K2-387 b",2022,"Transit"
"XO-1 b",2006,"Transit"
"WASP-190 b",2019,"Transit"
"TOI-480 b",2024,"Transit"
"K2-196 b",2018,"Transit"
"HD 200964 c",2010,"Radial Velocity"
"Kepler-1315 b",2016,"Transit"
"K2-239 d",2018,"Transit"
"K2-382 b",2022,"Transit"
"K2-192 b",2018,"Transit"
"TRAPPIST-1 b",2016,"Transit"
"TRAPPIST-1 d",2016,"Transit"
"TRAPPIST-1 e",2017,"Transit"
"TRAPPIST-1 g",2017,"Transit"
"TRAPPIST-1 h",2017,"Transit"
"TOI-4602.01",2024,"Transit"
"HATS-26 b",2016,"Transit"
"K2-190 b",2018,"Transit"
"TOI-1839 c",2026,"Transit"
"WASP-186 b",2020,"Transit"
"TOI-4552 b",2026,"Transit"
"TOI-261.01",2021,"Transit"
"TOI-1054.01",2021,"Transit"
"K2-402 b",2022,"Transit"
"K2-117 c",2017,"Transit"
"HD 18742 b",2011,"Radial Velocity"
"Kepler-873 b",2016,"Transit"
"TOI-3837 b",2025,"Transit"
"K2-407 b",2022,"Transit"
"K2-380 b",2022,"Transit"
"Kepler-1297 b",2016,"Transit"
"Kepler-80 f",2016,"Transit"
"Kepler-113 c",2014,"Transit"
"K2-384 d",2022,"Transit"
"Wendelstein-1 b",2020,"Transit"
"HATS-17 b",2016,"Transit"
"TOI-3894 b",2024,"Transit"
"Kepler-1016 b",2016,"Transit"
"WASP-68 b",2014,"Transit"
"HAT-P-56 b",2015,"Transit"
"K2-408 b",2022,"Transit"
"K2-384 e",2022,"Transit"
"K2-395 b",2022,"Transit"
"K2-395 c",2022,"Transit"
"HIP 55507 b",2022,"Radial Velocity"
"WASP-79 b",2012,"Transit"
"K2-386 b",2022,"Transit"
"K2-396 b",2022,"Transit"
"OGLE-2019-BLG-0299L b",2021,"Microlensing"
"TOI-883 b",2026,"Transit"
"TOI-3896 b",2026,"Transit"
"TOI-5380 b",2026,"Transit"
"TOI-6677 b",2026,"Transit"
"K2-409 b",2022,"Transit"
"Kepler-1651 b",2017,"Transit"
"Kepler-1354 b",2016,"Transit"
"HD 100546 b",2014,"Imaging"
"HD 158996 b",2018,"Radial Velocity"
"Kepler-610 b",2016,"Transit"
"Kepler-1053 b",2016,"Transit"
"Kepler-1932 b",2021,"Transit"
"Kepler-340 c",2014,"Transit"
"Kepler-940 b",2016,"Transit"
"Kepler-524 c",2016,"Transit"
"Kepler-534 c",2021,"Transit"
"Kepler-647 b",2016,"Transit"
"K2-390 b",2022,"Transit"
"Kepler-130 b",2014,"Transit"
"Kepler-1955 b",2021,"Transit"
"K2-154 b",2018,"Transit"
"K2-392 b",2022,"Transit"
"K2-393 b",2022,"Transit"
"K2-391 b",2022,"Transit"
"Kepler-537 b",2016,"Transit"
"Kepler-1546 b",2016,"Transit"
"HD 106515 A b",2012,"Radial Velocity"
"Kepler-1030 b",2016,"Transit"
"TOI-205 b",2026,"Transit"
"TOI-5614 b",2026,"Transit"
"TOI-3785 b",2023,"Transit"
"HATS-13 b",2015,"Transit"
"WASP-47 e",2015,"Transit"
"TOI-4379 b",2024,"Transit"
"K2-28 b",2016,"Transit"
"GJ 9066 c",2020,"Radial Velocity"
"HD 155918 b",2022,"Radial Velocity"
"Kepler-1866 b",2021,"Transit"
"TOI-4582 b",2023,"Transit"
"TOI-2274 b",2024,"Transit"
"TOI-5153 b",2022,"Transit"
"HATS-67 b",2018,"Transit"
"TOI-4145 A b",2023,"Transit"
"TOI-1269 b",2024,"Transit"
"WASP-178 b",2019,"Transit"
"HD 25463 b",2023,"Transit"
"HD 73583 b",2022,"Transit"
"HD 73583 c",2022,"Transit"
"Kepler-633 c",2021,"Transit"
"KMT-2021-BLG-0240L b",2022,"Microlensing"
"Kepler-397 c",2014,"Transit"
"Kepler-781 b",2016,"Transit"
"Kepler-1021 b",2016,"Transit"
"Gaia-1 b",2022,"Transit"
"Gaia-2 b",2022,"Transit"
"K2-366 b",2022,"Transit"
"K2-232 b",2018,"Transit"
"Kepler-1952 b",2021,"Transit"
"Kepler-216 c",2014,"Transit"
"HD 153950 b",2008,"Radial Velocity"
"Kepler-1431 b",2016,"Transit"
"GJ 806 c",2023,"Radial Velocity"
"WASP-42 b",2012,"Transit"
"TOI-1775 b",2024,"Transit"
"TOI-2796 b",2023,"Transit"
"GJ 849 b",2006,"Radial Velocity"
"TOI-2136 b",2022,"Transit"
"HATS-31 b",2016,"Transit"
"TOI-2427 b",2022,"Transit"
"HIP 94235 b",2022,"Transit"
"Wolf 503 b",2018,"Transit"
"Kepler-1514 c",2020,"Transit"
"K2-368 b",2022,"Transit"
"TOI-1670 c",2022,"Transit"
"TOI-880.02",2024,"Transit"
"WASP-123 b",2016,"Transit"
"EPIC 246851721 b",2018,"Transit"
"TOI-1268 b",2022,"Transit"
"TOI-6130 b",2024,"Transit"
"TRAPPIST-1 c",2016,"Transit"
"TOI-1269 c",2026,"Transit"
"TRAPPIST-1 f",2017,"Transit"
"Kepler-396 b",2013,"Transit"
"K2-376 b",2022,"Transit"
"KMT-2019-BLG-1367L b",2023,"Microlensing"
"TOI-500 c",2022,"Radial Velocity"
"GJ 514 b",2022,"Radial Velocity"
"K2-34 b",2016,"Transit"
"K2-43 c",2019,"Transit"
"EPIC 206317286 c",2022,"Transit"
"TOI-1683.01",2024,"Transit"
"TOI-5143 c",2025,"Transit"
"K2-396 c",2022,"Transit"
"HD 34445 f",2017,"Radial Velocity"
"AB Aur b",2022,"Imaging"
"TOI-620 b",2022,"Transit"
"mu2 Sco b",2022,"Imaging"
"WASP-184 b",2019,"Transit"
"TOI-3976 A b",2023,"Transit"
"HD 156846 b",2007,"Radial Velocity"
"Kepler-399 c",2014,"Transit"
"Kepler-1802 b",2021,"Transit"
"K2-375 b",2022,"Transit"
"TOI-431 c",2021,"Radial Velocity"
"TOI-451 c",2020,"Transit"
"TOI-451 d",2020,"Transit"
"PDS 70 c",2019,"Imaging"
"WASP-171 b",2019,"Transit"
"HATS-42 b",2018,"Transit"
"WASP-151 b",2017,"Transit"
"HD 168443 c",2000,"Radial Velocity"
"HD 168443 b",1998,"Radial Velocity"
"HD 169830 b",2000,"Radial Velocity"
"HIP 8541 b",2016,"Radial Velocity"
"WASP-130 b",2016,"Transit"
"Kepler-1099 b",2016,"Transit"
"Kepler-289 b",2014,"Transit"
"HIP 56640 b",2021,"Radial Velocity"
"HD 181234 b",2019,"Radial Velocity"
"HIP 90988 b",2021,"Radial Velocity"
"KOI-94 c",2013,"Transit"
"TOI-3629 b",2022,"Transit"
"TOI-1696 b",2022,"Transit"
"HD 169830 c",2003,"Radial Velocity"
"Kepler-1863 b",2021,"Transit"
"GJ 3929 b",2022,"Transit"
"CoRoT-36 b",2022,"Transit"
"KOINTREAU-1 b",2026,"Imaging"
"WASP-29 b",2010,"Transit"
"HD 221416 b",2019,"Transit"
"TOI-1466 b",2026,"Transit"
"TIC 24750448 b",2026,"Transit"
"TIC 65612701 b",2026,"Transit"
"TIC 86380416 b",2026,"Transit"
"Kepler-970 b",2016,"Transit"
"Kepler-475 b",2016,"Transit"
"Kepler-1836 b",2021,"Transit"
"HD 11343 c",2022,"Radial Velocity"
"HD 140901 b",2022,"Radial Velocity"
"TOI-2081 b",2022,"Transit"
"Kepler-385 b",2014,"Transit"
"EPIC 201238110 b",2019,"Transit"
"Kepler-691 b",2016,"Transit"
"K2-381 c",2022,"Transit"
"HD 33142 b",2011,"Radial Velocity"
"Kepler-332 b",2014,"Transit"
"Kepler-1041 b",2016,"Transit"
"Kepler-1578 b",2016,"Transit"
"Kepler-1966 b",2021,"Transit"
"KMT-2021-BLG-1689L b",2022,"Microlensing"
"Kepler-819 b",2016,"Transit"
"Kepler-887 c",2016,"Transit"
"Kepler-306 d",2014,"Transit"
"Kepler-177 c",2013,"Transit"
"Kepler-635 b",2016,"Transit"
"Kepler-1083 b",2016,"Transit"
"Kepler-79 d",2014,"Transit"
"Kepler-195 c",2014,"Transit"
"Kepler-1661 b",2020,"Transit"
"HATS-25 b",2016,"Transit"
"HD 33142 c",2018,"Radial Velocity"
"HD 156279 b",2011,"Radial Velocity"
"HD 27894 b",2005,"Radial Velocity"
"Kepler-212 b",2014,"Transit"
"Kepler-195 b",2014,"Transit"
"K2-83 c",2016,"Transit"
"Kepler-24 d",2014,"Transit"
"Kepler-15 b",2011,"Transit"
"Kepler-83 d",2014,"Transit"
"Kepler-143 c",2014,"Transit"
"Kepler-1116 b",2016,"Transit"
"HD 141399 d",2014,"Radial Velocity"
"TOI-1718 b",2026,"Transit"
"Kepler-159 c",2014,"Transit"
"HD 184010 d",2022,"Radial Velocity"
"KOI-7913 b",2022,"Transit"
"Kepler-54 d",2014,"Transit"
"YZ Cet d",2017,"Radial Velocity"
"Kepler-1608 b",2016,"Transit"
"Kepler-152 b",2014,"Transit"
"HD 125612 b",2007,"Radial Velocity"
"Kepler-1641 c",2016,"Transit"
"K2-45 b",2016,"Transit"
"HD 68475 b",2026,"Radial Velocity"
"TrES-3 b",2007,"Transit"
"Kepler-968 c",2016,"Transit"
"HD 23472 c",2019,"Transit"
"WASP-105 b",2017,"Transit"
"WASP-91 b",2017,"Transit"
"HD 62364 c",2022,"Radial Velocity"
"GJ 3222 b",2022,"Radial Velocity"
"Kepler-1463 b",2016,"Transit"
"Kepler-712 c",2016,"Transit"
"Kepler-1948 b",2021,"Transit"
"Kepler-146 c",2014,"Transit"
"Kepler-711 b",2016,"Transit"
"Kepler-1080 b",2016,"Transit"
"WASP-113 b",2016,"Transit"
"Kepler-248 c",2014,"Transit"
"HD 133131 A c",2016,"Radial Velocity"
"Kepler-1319 b",2016,"Transit"
"Kepler-678 b",2016,"Transit"
"Kepler-1535 b",2016,"Transit"
"Kepler-39 b",2011,"Transit"
"Kepler-1532 b",2016,"Transit"
"Kepler-808 b",2016,"Transit"
"KELT-10 b",2016,"Transit"
"WASP-119 b",2016,"Transit"
"WASP-69 b",2014,"Transit"
"WASP-94 A b",2014,"Transit"
"TOI-682.01",2021,"Transit"
"HD 23472 d",2022,"Transit"
"HD 23472 f",2022,"Transit"
"Kepler-335 c",2014,"Transit"
"HD 168863 b",2022,"Radial Velocity"
"LP 890-9 b",2022,"Transit"
"TIC 161045582 b",2026,"Transit"
"TIC 198190129 b",2026,"Transit"
"TIC 294329732 b",2026,"Transit"
"Kepler-94 c",2014,"Radial Velocity"
"14 And b",2008,"Radial Velocity"
"TOI-5174 b",2022,"Transit"
"Kepler-966 b",2016,"Transit"
"EPIC 220492298 b",2021,"Transit"
"HATS-28 b",2016,"Transit"
"HATS-29 b",2016,"Transit"
"WASP-54 b",2012,"Transit"
"HD 63935 b",2021,"Transit"
"TOI-1820 b",2022,"Transit"
"TOI-2158 b",2022,"Transit"
"HD 184010 b",2022,"Radial Velocity"
"HD 184010 c",2022,"Radial Velocity"
"Kepler-260 c",2014,"Transit"
"Kepler-140 c",2014,"Transit"
"HATS-15 b",2016,"Transit"
"TOI-2128 b",2024,"Transit"
"MASCARA-1 b",2017,"Transit"
"Kepler-14 b",2011,"Transit"
"K2-24 c",2016,"Transit"
"WASP-129 b",2016,"Transit"
"WASP-124 b",2016,"Transit"
"TOI-5160 b",2026,"Transit"
"Kepler-941 b",2016,"Transit"
"Kepler-85 c",2012,"Transit"
"Kepler-734 b",2016,"Transit"
"GJ 2030 b",2022,"Radial Velocity"
"KELT-9 b",2017,"Transit"
"NGTS-1 b",2017,"Transit"
"HIP 21152 b",2022,"Imaging"
"TOI-1260 b",2021,"Transit"
"Kepler-599 b",2016,"Transit"
"HATS-52 b",2017,"Transit"
"HATS-53 b",2017,"Transit"
"WASP-139 b",2016,"Transit"
"WASP-142 b",2016,"Transit"
"Kepler-1203 b",2016,"Transit"
"TOI-969 c",2022,"Radial Velocity"
"47 UMa c",2001,"Radial Velocity"
"61 Vir d",2009,"Radial Velocity"
"61 Vir b",2009,"Radial Velocity"
"K2-413 c",2022,"Transit"
"K2-414 c",2022,"Transit"
"Kepler-1720 b",2021,"Transit"
"TOI-1260 d",2022,"Transit"
"TOI-1260 c",2021,"Transit"
"TOI-969 b",2022,"Transit"
"HD 147513 b",2003,"Radial Velocity"
"HD 160691 c",2004,"Radial Velocity"
"GJ 1002 b",2022,"Radial Velocity"
"Kepler-1727 b",2021,"Transit"
"ITG 15 b",2024,"Imaging"
"Kepler-531 b",2016,"Transit"
"Kepler-1182 b",2016,"Transit"
"KELT-19 A b",2017,"Transit"
"KELT-21 b",2018,"Transit"
"HD 37124 b",2002,"Radial Velocity"
"Kepler-513 b",2016,"Transit"
"HD 330075 b",2004,"Radial Velocity"
"Kepler-1329 b",2016,"Transit"
"K2-61 b",2016,"Transit"
"Kepler-825 c",2016,"Transit"
"Kepler-382 b",2014,"Transit"
"K2-165 c",2018,"Transit"
"WASP-138 b",2016,"Transit"
"XO-6 b",2016,"Transit"
"Qatar-3 b",2017,"Transit"
"HD 114082 b",2022,"Radial Velocity"
"55 Cnc d",2002,"Radial Velocity"
"Kepler-1191 b",2016,"Transit"
"Kepler-1891 b",2021,"Transit"
"WASP-53 b",2017,"Transit"
"WASP-53 c",2017,"Radial Velocity"
"K2-198 b",2018,"Transit"
"Kepler-1456 b",2016,"Transit"
"Kepler-529 b",2016,"Transit"
"11 UMi b",2009,"Radial Velocity"
"Kepler-835 b",2016,"Transit"
"Kepler-1666 c",2020,"Transit"
"Kepler-690 b",2016,"Transit"
"Kepler-136 b",2014,"Transit"
"Kepler-775 b",2016,"Transit"
"KIC 10068024 b",2021,"Orbital Brightness Modulation"
"HATS-34 b",2016,"Transit"
"HATS-35 b",2016,"Transit"
"WASP-81 b",2017,"Transit"
"Kepler-357 b",2014,"Transit"
"Kepler-23 d",2014,"Transit"
"Kepler-1510 b",2016,"Transit"
"Kepler-1324 b",2016,"Transit"
"KIC 3526061 b",2022,"Radial Velocity"
"Kepler-110 b",2014,"Transit"
"K2-325 b",2020,"Transit"
"Kepler-716 c",2020,"Transit"
"Kepler-1850 b",2021,"Transit"
"HD 163607 b",2010,"Radial Velocity"
"K2-38 b",2016,"Transit"
"K2-38 c",2016,"Transit"
"KELT-1 b",2012,"Transit"
"HATS-50 b",2017,"Transit"
"WASP-153 b",2017,"Transit"
"Kepler-1365 b",2016,"Transit"
"HD 170469 b",2007,"Radial Velocity"
"Kepler-341 d",2014,"Transit"
"Kepler-977 b",2016,"Transit"
"HD 98219 b",2011,"Radial Velocity"
"HAT-P-31 b",2011,"Transit"
"WASP-131 b",2016,"Transit"
"AU Mic e",2025,"Radial Velocity"
"KELT-16 b",2017,"Transit"
"GJ 393 b",2021,"Radial Velocity"
"Kepler-1933 b",2021,"Transit"
"Kepler-1641 b",2016,"Transit"
"GJ 687 b",2014,"Radial Velocity"
"Kepler-23 b",2011,"Transit"
"Kepler-554 b",2016,"Transit"
"HD 159868 c",2012,"Radial Velocity"
"TOI-2525 b",2023,"Transit"
"GJ 1151 c",2023,"Radial Velocity"
"TOI-277 b",2022,"Transit"
"NGTS-23 b",2022,"Transit"
"TOI-700 e",2023,"Transit"
"NGTS-4 b",2019,"Transit"
"TOI-669 b",2023,"Transit"
"Kepler-1331 b",2016,"Transit"
"Kepler-1246 b",2016,"Transit"
"Kepler-287 b",2014,"Transit"
"Kepler-432 c",2015,"Radial Velocity"
"HD 102843 b",2019,"Radial Velocity"
"K2-155 b",2018,"Transit"
"Kepler-162 c",2014,"Transit"
"TOI-1695 b",2022,"Transit"
"TOI-181 b",2023,"Transit"
"TOI-3235 b",2023,"Transit"
"KMT-2021-BLG-2294L b",2022,"Microlensing"
"K2-155 d",2018,"Transit"
"Kepler-1443 b",2016,"Transit"
"Kepler-48 c",2012,"Transit"
"Kepler-138 e",2022,"Transit Timing Variations"
"HD 160691 e",2006,"Radial Velocity"
"HD 3651 b",2003,"Radial Velocity"
"ups And c",1999,"Radial Velocity"
"Kepler-1369 b",2016,"Transit"
"V1298 Tau b",2019,"Transit"
"GJ 1002 c",2022,"Radial Velocity"
"Kepler-138 c",2014,"Transit"
"Kepler-138 b",2014,"Transit"
"KOINTREAU-3 b",2026,"Imaging"
"Kepler-1644 b",2016,"Transit"
"Kepler-1249 b",2016,"Transit"
"WASP-78 b",2012,"Transit"
"WASP-39 b",2011,"Transit"
"WASP-36 b",2011,"Transit"
"HD 191939 d",2020,"Transit"
"TOI-700 c",2020,"Transit"
"TOI-700 b",2020,"Transit"
"TOI-700 d",2020,"Transit"
"KIC 9663113 b",2015,"Transit"
"Kepler-12 b",2011,"Transit"
"HAT-P-24 b",2010,"Transit"
"Kepler-792 b",2016,"Transit"
"Kepler-539 b",2016,"Transit"
"K2-165 d",2018,"Transit"
"Kepler-1254 c",2016,"Transit"
"Kepler-1674 b",2020,"Transit"
"WASP-189 b",2020,"Transit"
"WASP-41 b",2012,"Transit"
"Kepler-255 c",2014,"Transit"
"Kepler-1238 b",2016,"Transit"
"Ross 176 b",2025,"Transit"
"TOI-5422 b",2026,"Transit"
"Kepler-5 b",2009,"Transit"
"WASP-18 c",2019,"Transit Timing Variations"
"TOI-1743 b",2025,"Transit"
"Proxima Cen d",2025,"Radial Velocity"
"HAT-P-2 c",2023,"Radial Velocity"
"HATS-41 b",2018,"Transit"
"Kepler-933 b",2016,"Transit"
"Kepler-1240 b",2016,"Transit"
"K2-80 c",2016,"Transit"
"Kepler-891 b",2016,"Transit"
"Kepler-1605 b",2016,"Transit"
"HD 80913 b",2022,"Radial Velocity"
"TOI-4406 b",2023,"Transit"
"PZ Tel b",2023,"Imaging"
"TOI-2589 b",2023,"Transit"
"Kepler-598 c",2020,"Transit"
"HAT-P-29 b",2011,"Transit"
"Kepler-288 d",2014,"Transit"
"Kepler-264 c",2014,"Transit"
"Kepler-1786 b",2021,"Transit"
"Kepler-1119 b",2016,"Transit"
"Kepler-49 d",2014,"Transit"
"GJ 687 c",2020,"Radial Velocity"
"Kepler-1465 b",2016,"Transit"
"Kepler-1844 b",2021,"Transit"
"Kepler-1036 b",2016,"Transit"
"Kepler-358 b",2014,"Transit"
"TOI-2096 c",2023,"Transit"
"TOI-2096 b",2023,"Transit"
"TOI-4603 b",2023,"Transit"
"HD 169142 b",2023,"Imaging"
"TOI-1811 b",2023,"Transit"
"TOI-2025 b",2022,"Transit"
"Kepler-1179 b",2016,"Transit"
"Kepler-1544 b",2016,"Transit"
"TOI-2152 A b",2023,"Transit"
"Kepler-457 d",2021,"Transit"
"Kepler-868 b",2016,"Transit"
"TOI-2497 b",2023,"Transit"
"Kepler-355 c",2014,"Transit"
"Kepler-1299 b",2016,"Transit"
"Kepler-381 d",2021,"Transit"
"Kepler-1806 b",2021,"Transit"
"Kepler-1570 b",2016,"Transit"
"Kepler-232 c",2014,"Transit"
"KIC 5479689 b",2021,"Orbital Brightness Modulation"
"Kepler-1759 b",2021,"Transit"
"Kepler-225 c",2014,"Transit"
"Kepler-833 b",2016,"Transit"
"Kepler-321 b",2014,"Transit"
"Kepler-973 b",2016,"Transit"
"Kepler-243 b",2014,"Transit"
"Kepler-308 b",2014,"Transit"
"HD 97037 b",2022,"Radial Velocity"
"Kepler-776 b",2016,"Transit"
"TIC 279401253 b",2023,"Transit"
"WASP-103 b",2014,"Transit"
"Kepler-1226 b",2016,"Transit"
"Kepler-1048 b",2016,"Transit"
"WASP-73 b",2014,"Transit"
"HATS-44 b",2018,"Transit"
"HATS-45 b",2018,"Transit"
"Kepler-1260 b",2016,"Transit"
"K2-141 b",2018,"Transit"
"Kepler-367 c",2014,"Transit"
"Kepler-176 e",2016,"Transit"
"Kepler-194 c",2014,"Transit"
"WASP-61 b",2012,"Transit"
"HD 80606 b",2001,"Radial Velocity"
"HAT-P-6 b",2007,"Transit"
"Kepler-465 b",2016,"Transit"
"Kepler-1475 b",2016,"Transit"
"HATS-46 b",2018,"Transit"
"HATS-7 b",2015,"Transit"
"Kepler-1756 b",2021,"Transit"
"Kepler-20 e",2011,"Transit"
"Kepler-102 e",2013,"Transit"
"Kepler-107 d",2014,"Transit"
"Kepler-1960 b",2021,"Transit"
"Kepler-1007 b",2016,"Transit"
"Kepler-659 b",2016,"Transit"
"Kepler-1290 b",2016,"Transit"
"HD 40956 b",2017,"Radial Velocity"
"Kepler-1244 b",2016,"Transit"
"HD 50499 b",2005,"Radial Velocity"
"Kepler-374 b",2014,"Transit"
"2MASS J22501512+2325342 b",2018,"Imaging"
"HAT-P-15 b",2010,"Transit"
"K2-12 b",2015,"Transit"
"Kepler-78 b",2013,"Transit"
"Kepler-1420 b",2016,"Transit"
"WASP-58 b",2012,"Transit"
"K2-136 d",2017,"Transit"
"K2-415 b",2023,"Transit"
"TOI-733 b",2023,"Transit"
"HAT-P-23 b",2010,"Transit"
"HAT-P-57 b",2015,"Transit"
"KELT-15 b",2016,"Transit"
"HAT-P-17 b",2010,"Transit"
"HD 114386 b",2003,"Radial Velocity"
"HAT-P-17 c",2010,"Radial Velocity"
"HAT-P-4 b",2007,"Transit"
"Kepler-20 c",2011,"Transit"
"WASP-71 b",2012,"Transit"
"HD 15337 c",2019,"Transit"
"K2-136 c",2017,"Transit"
"Kepler-68 d",2013,"Radial Velocity"
"HD 80653 b",2020,"Transit"
"HD 3167 c",2016,"Transit"
"HD 3167 b",2016,"Transit"
"HD 3167 d",2017,"Radial Velocity"
"HAT-P-49 b",2014,"Transit"
"HD 147873 c",2016,"Radial Velocity"
"Kepler-857 b",2016,"Transit"
"HATS-12 b",2016,"Transit"
"EPIC 211945201 b",2018,"Transit"
"K2-188 c",2018,"Transit"
"K2-108 b",2017,"Transit"
"Kepler-1025 b",2016,"Transit"
"Kepler-1666 b",2020,"Transit"
"Kepler-1924 b",2021,"Transit"
"K2-127 b",2017,"Transit"
"WASP-144 b",2018,"Transit"
"Kepler-107 e",2014,"Transit"
"Kepler-68 b",2013,"Transit"
"Kepler-997 b",2016,"Transit"
"HD 99109 b",2005,"Radial Velocity"
"WASP-158 b",2018,"Transit"
"WASP-145 A b",2018,"Transit"
"WASP-159 b",2018,"Transit"
"HD 89345 b",2018,"Transit"
"CoRoT-20 c",2018,"Radial Velocity"
"NGTS-2 b",2018,"Transit"
"Kepler-1562 b",2016,"Transit"
"K2-117 b",2017,"Transit"
"Kepler-1110 b",2016,"Transit"
"HD 153557 b",2022,"Radial Velocity"
"Kepler-1170 b",2016,"Transit"
"WASP-162 b",2018,"Transit"
"WASP-172 b",2018,"Transit"
"Kepler-392 b",2014,"Transit"
"K2-188 b",2018,"Transit"
"Kepler-324 e",2021,"Transit"
"Kepler-194 b",2014,"Transit"
"Kepler-157 d",2016,"Transit"
"Kepler-323 c",2014,"Transit"
"Kepler-236 c",2014,"Transit"
"LHS 3154 b",2023,"Radial Velocity"
"Kepler-664 b",2016,"Transit"
"HATS-9 b",2015,"Transit"
"Kepler-157 c",2014,"Transit"
"Kepler-947 b",2016,"Transit"
"Kepler-758 e",2016,"Transit"
"Kepler-679 b",2016,"Transit"
"WASP-147 b",2018,"Transit"
"Kepler-1907 c",2021,"Transit"
"Kepler-934 b",2016,"Transit"
"Kepler-102 c",2014,"Transit"
"Kepler-102 b",2014,"Transit"
"Kepler-1521 b",2016,"Transit"
"Kepler-189 c",2014,"Transit"
"HD 135344 A b",2025,"Imaging"
"Kepler-107 c",2014,"Transit"
"Kepler-1468 c",2016,"Transit"
"K2-266 b",2018,"Transit"
"Kepler-1371 b",2016,"Transit"
"Kepler-202 c",2014,"Transit"
"K2-266 d",2018,"Transit"
"K2-266 e",2018,"Transit"
"Kepler-271 b",2014,"Transit"
"Kepler-20 f",2011,"Transit"
"Kepler-102 f",2014,"Transit"
"Kepler-122 e",2014,"Transit"
"Kepler-974 b",2016,"Transit"
"GJ 676 A d",2012,"Radial Velocity"
"Kepler-218 b",2014,"Transit"
"NGTS-3 A b",2018,"Transit"
"K2-238 b",2018,"Transit"
"WASP-106 b",2014,"Transit"
"TrES-1 b",2004,"Transit"
"Qatar-1 b",2010,"Transit"
"Kepler-1387 b",2016,"Transit"
"Kepler-234 b",2014,"Transit"
"Kepler-525 b",2016,"Transit"
"CoRoT-20 b",2011,"Transit"
"HD 18438 b",2023,"Radial Velocity"
"Kepler-1205 b",2016,"Transit"
"Kepler-1067 c",2021,"Transit"
"EPIC 201841433 b",2019,"Transit"
"HATS-64 b",2018,"Transit"
"HATS-65 b",2018,"Transit"
"K2-80 b",2016,"Transit"
"Kepler-1222 b",2016,"Transit"
"K2-285 d",2018,"Transit"
"K2-285 e",2018,"Transit"
"HATS-60 b",2018,"Transit"
"Kepler-359 b",2014,"Transit"
"Kepler-1876 b",2021,"Transit"
"Kepler-22 b",2011,"Transit"
"WASP-165 b",2018,"Transit"
"HD 4313 b",2009,"Radial Velocity"
"Kepler-1056 b",2016,"Transit"
"Kepler-1554 b",2016,"Transit"
"HATS-59 b",2018,"Transit"
"TIC 62895484 b",2026,"Transit"
"TIC 188624430 b",2026,"Transit"
"Kepler-1107 b",2016,"Transit"
"HD 457 b",2022,"Radial Velocity"
"HD 112640 b",2020,"Radial Velocity"
"Kepler-1969 b",2021,"Transit"
"Kepler-996 b",2016,"Transit"
"TOI-172 b",2019,"Transit"
"K2-85 b",2016,"Transit"
"Kepler-48 f",2023,"Radial Velocity"
"Kepler-1385 b",2016,"Transit"
"Kepler-8 b",2010,"Transit"
"K2-291 b",2019,"Transit"
"HAT-P-25 b",2010,"Transit"
"GJ 328 c",2023,"Radial Velocity"
"K2-181 b",2018,"Transit"
"Kepler-1039 b",2016,"Transit"
"HATS-69 b",2018,"Transit"
"HATS-68 b",2018,"Transit"
"Kepler-1383 b",2016,"Transit"
"Kepler-800 b",2016,"Transit"
"GJ 4276 b",2019,"Radial Velocity"
"Kepler-1484 b",2016,"Transit"
"WASP-161 b",2018,"Transit"
"Kepler-172 e",2014,"Transit"
"Kepler-1864 b",2021,"Transit"
"HATS-70 b",2019,"Transit"
"K2-36 b",2016,"Transit"
"Kepler-538 b",2016,"Transit"
"K2-36 c",2016,"Transit"
"Kepler-281 d",2021,"Transit"
"HD 1397 b",2018,"Transit"
"Kepler-988 b",2016,"Transit"
"K2-285 b",2018,"Transit"
"Kepler-1694 b",2020,"Transit"
"Kepler-526 b",2016,"Transit"
"Kepler-109 b",2014,"Transit"
"K2-245 b",2018,"Transit"
"Kepler-159 b",2014,"Transit"
"Kepler-859 b",2016,"Transit"
"WASP-140 b",2016,"Transit"
"KMT-2022-BLG-1818L c",2026,"Microlensing"
"K2-18 b",2015,"Transit"
"HAT-P-35 b",2011,"Transit"
"Kepler-208 d",2014,"Transit"
"Kepler-1129 c",2016,"Transit"
"HD 12235 b",2022,"Radial Velocity"
"Kepler-364 b",2014,"Transit"
"Kepler-524 b",2016,"Transit"
"Kepler-221 e",2014,"Transit"
"HD 10180 g",2010,"Radial Velocity"
"HR 8799 d",2008,"Imaging"
"TOI-481 b",2020,"Transit"
"HAT-P-14 b",2010,"Transit"
"Kepler-37 b",2013,"Transit"
"Kepler-1189 b",2016,"Transit"
"Kepler-401 d",2016,"Transit"
"GJ 422 b",2014,"Radial Velocity"
"WASP-164 b",2018,"Transit"
"K2-110 b",2017,"Transit"
"Kepler-563 b",2016,"Transit"
"Kepler-1042 b",2016,"Transit"
"HD 2685 b",2019,"Transit"
"Kepler-25 b",2011,"Transit"
"KELT-23 A b",2019,"Transit"
"TOI-1416 b",2023,"Transit"
"TOI-2498 b",2023,"Transit"
"Kepler-1528 b",2016,"Transit"
"Kepler-1436 b",2016,"Transit"
"GJ 180 c",2014,"Radial Velocity"
"HATS-24 b",2017,"Transit"
"HAT-P-9 b",2008,"Transit"
"HAT-P-36 b",2011,"Transit"
"HD 56414 b",2022,"Transit"
"TOI-2000 c",2023,"Transit"
"TOI-139 b",2023,"Transit"
"Kepler-1621 b",2016,"Transit"
"Kepler-1478 b",2016,"Transit"
"Kepler-203 c",2014,"Transit"
"Kepler-221 b",2014,"Transit"
"NGTS-5 b",2019,"Transit"
"TIC 349520724 b",2026,"Transit"
"Kepler-386 b",2014,"Transit"
"Kepler-1502 b",2016,"Transit"
"Qatar-9 b",2019,"Transit"
"Kepler-1591 b",2016,"Transit"
"Kepler-160 c",2014,"Transit"
"Kepler-1057 b",2016,"Transit"
"Kepler-115 b",2014,"Transit"
"Kepler-527 b",2016,"Transit"
"Kepler-1011 b",2016,"Transit"
"GJ 1061 c",2020,"Radial Velocity"
"Kepler-1600 b",2016,"Transit"
"Kepler-49 c",2012,"Transit"
"KMT-2020-BLG-0414L b",2021,"Microlensing"
"Kepler-717 b",2016,"Transit"
"Kepler-1566 b",2016,"Transit"
"Kepler-1022 b",2016,"Transit"
"HD 75784 b",2014,"Radial Velocity"
"Kepler-1321 d",2021,"Transit"
"Kepler-1340 b",2016,"Transit"
"Kepler-411 d",2018,"Transit"
"Kepler-411 c",2016,"Transit"
"Kepler-742 b",2016,"Transit"
"Kepler-936 b",2016,"Transit"
"K2-295 b",2018,"Transit"
"Kepler-748 b",2016,"Transit"
"TOI-2459 b",2023,"Transit"
"HATS-18 b",2016,"Transit"
"Kepler-1349 b",2016,"Transit"
"Kepler-1627 b",2016,"Transit"
"Kepler-394 d",2021,"Transit"
"Kepler-1601 b",2016,"Transit"
"Kepler-1751 b",2021,"Transit"
"K2-133 e",2019,"Transit"
"K2-308 b",2019,"Transit"
"DS Tuc A b",2019,"Transit"
"Kepler-283 c",2014,"Transit"
"Kepler-1086 b",2016,"Transit"
"Kepler-25 c",2011,"Transit"
"Kepler-1023 b",2016,"Transit"
"Kepler-1497 b",2016,"Transit"
"Kepler-981 b",2016,"Transit"
"K2-3 d",2015,"Transit"
"TOI-411 c",2022,"Transit"
"Kepler-436 c",2016,"Transit"
"HD 175167 b",2009,"Radial Velocity"
"HD 74698 b",2023,"Radial Velocity"
"TOI-1680 b",2023,"Transit"
"Kepler-1743 b",2021,"Transit"
"K2-173 b",2018,"Transit"
"WASP-181 b",2019,"Transit"
"Kepler-583 b",2016,"Transit"
"Kepler-1770 b",2021,"Transit"
"Kepler-987 b",2016,"Transit"
"Kepler-385 d",2020,"Transit"
"WASP-84 c",2023,"Transit"
"Kepler-1201 b",2016,"Transit"
"Kepler-1540 b",2016,"Transit"
"HAT-P-70 b",2019,"Transit"
"Kepler-176 c",2014,"Transit"
"HD 96700 c",2021,"Radial Velocity"
"Kepler-1568 b",2016,"Transit"
"HATS-58 A b",2019,"Transit"
"WASP-169 b",2019,"Transit"
"K2-147 b",2018,"Transit"
"Kepler-247 d",2014,"Transit"
"Kepler-1552 b",2016,"Transit"
"K2-3 c",2015,"Transit"
"K2-3 b",2015,"Transit"
"HIP 81208 C b",2023,"Imaging"
"LkCa 15 c",2015,"Imaging"
"Kepler-1542 c",2016,"Transit"
"HD 30856 b",2011,"Radial Velocity"
"Kepler-173 c",2014,"Transit"
"TOI-163 b",2019,"Transit"
"Kepler-1445 b",2016,"Transit"
"Kepler-1095 b",2016,"Transit"
"Kepler-1123 b",2016,"Transit"
"NGTS-8 b",2019,"Transit"
"TOI-2084 b",2023,"Transit"
"Kepler-1371 c",2016,"Transit"
"TOI-411 b",2022,"Transit"
"HD 219134 c",2015,"Radial Velocity"
"HD 219134 f",2015,"Radial Velocity"
"HD 219134 h",2015,"Radial Velocity"
"Kepler-1877 b",2021,"Transit"
"Kepler-331 c",2014,"Transit"
"Kepler-543 b",2016,"Transit"
"HD 150010 b",2022,"Radial Velocity"
"Kepler-1105 b",2016,"Transit"
"Kepler-1311 b",2016,"Transit"
"K2-58 c",2016,"Transit"
"Kepler-1449 b",2016,"Transit"
"HD 38801 b",2009,"Radial Velocity"
"Kepler-389 c",2014,"Transit"
"Kepler-147 c",2014,"Transit"
"GJ 1265 b",2018,"Radial Velocity"
"Kepler-604 b",2016,"Transit"
"TOI-2000 b",2023,"Transit"
"HD 62364 b",2022,"Radial Velocity"
"BD-210397 b",2023,"Radial Velocity"
"Kepler-92 c",2013,"Transit"
"Kepler-1635 b",2016,"Transit"
"Kepler-667 b",2016,"Transit"
"Kepler-1709 b",2021,"Transit"
"K2-158 c",2018,"Transit"
"HD 135625 b",2023,"Radial Velocity"
"HD 108202 b",2023,"Radial Velocity"
"HD 185283 b",2023,"Radial Velocity"
"Kepler-167 b",2014,"Transit"
"Kepler-127 c",2014,"Transit"
"Kepler-111 c",2014,"Transit"
"Kepler-890 b",2016,"Transit"
"Kepler-175 b",2014,"Transit"
"WASP-175 b",2019,"Transit"
"WASP-182 b",2019,"Transit"
"Kepler-374 c",2014,"Transit"
"K2-43 b",2016,"Transit"
"Kepler-557 b",2016,"Transit"
"Kepler-1904 b",2021,"Transit"
"HATS-47 b",2020,"Transit"
"Kepler-186 e",2014,"Transit"
"Kepler-1902 b",2021,"Transit"
"Kepler-747 b",2016,"Transit"
"DH Tau b",2004,"Imaging"
"TOI-1052 b",2023,"Transit"
"GJ 3998 d",2025,"Radial Velocity"
"HIP 5763 b",2021,"Radial Velocity"
"Kepler-1044 b",2016,"Transit"
"HATS-48 A b",2020,"Transit"
"HATS-49 b",2020,"Transit"
"HATS-72 b",2020,"Transit"
"Kepler-316 b",2014,"Transit"
"Kepler-1085 c",2020,"Transit"
"Kepler-1585 b",2016,"Transit"
"Kepler-1856 b",2021,"Transit"
"Kepler-116 b",2014,"Transit"
"Kepler-1958 b",2021,"Transit"
"TOI-169 b",2020,"Transit"
"HD 12648 b",2015,"Radial Velocity"
"Kepler-1301 b",2016,"Transit"
"HD 112300 b",2023,"Radial Velocity"
"HD 36384 b",2023,"Radial Velocity"
"HD 216437 b",2002,"Radial Velocity"
"HD 28254 b",2010,"Radial Velocity"
"Kepler-1695 b",2020,"Transit"
"NGTS-9 b",2019,"Transit"
"Qatar-6 b",2017,"Transit"
"HD 213885 b",2019,"Transit"
"Kepler-1103 b",2016,"Transit"
"NGTS-11 b",2020,"Transit"
"CoRoT-10 b",2010,"Transit"
"TOI-1728 b",2020,"Transit"
"TOI-4201 b",2023,"Transit"
"LHS 475 b",2023,"Transit"
"GJ 367 c",2023,"Radial Velocity"
"TOI-2095 c",2023,"Transit"
"HD 44219 b",2010,"Radial Velocity"
"HIP 70849 b",2009,"Radial Velocity"
"HD 158259 b",2020,"Radial Velocity"
"HD 158259 d",2020,"Radial Velocity"
"Kepler-184 b",2014,"Transit"
"HD 114783 c",2018,"Radial Velocity"
"HD 158259 e",2020,"Radial Velocity"
"HD 158259 f",2020,"Radial Velocity"
"Kepler-1112 b",2016,"Transit"
"Kepler-345 c",2014,"Transit"
"HD 99492 b",2004,"Radial Velocity"
"HIP 65 A b",2020,"Transit"
"GJ 832 b",2008,"Radial Velocity"
"HIP 54597 b",2023,"Radial Velocity"
"HD 73256 c",2023,"Radial Velocity"
"HD 190007 b",2020,"Radial Velocity"
"HD 99492 c",2023,"Radial Velocity"
"KMT-2020-BLG-0202L b",2026,"Microlensing"
"KMT-2023-BLG-0466L b",2026,"Microlensing"
"Kepler-1820 b",2021,"Transit"
"Kepler-993 b",2016,"Transit"
"Kepler-261 c",2014,"Transit"
"Kepler-1560 b",2016,"Transit"
"HD 213885 c",2019,"Radial Velocity"
"WASP-126 b",2016,"Transit"
"XO-7 b",2019,"Transit"
"WASP-176 b",2020,"Transit"
"Kepler-233 c",2014,"Transit"
"Kepler-218 d",2016,"Transit"
"TOI-5486 b",2026,"Transit"
"Kepler-1360 b",2016,"Transit"
"EPIC 220554210 c",2019,"Transit"
"Kepler-270 b",2014,"Transit"
"Kepler-215 d",2014,"Transit"
"Kepler-1867 b",2021,"Transit"
"HD 20782 b",2006,"Radial Velocity"
"Kepler-48 b",2012,"Transit"
"Kepler-1380 b",2016,"Transit"
"Kepler-693 b",2016,"Transit"
"K2-54 b",2016,"Transit"
"eps Tau b",2006,"Radial Velocity"
"81 Cet b",2008,"Radial Velocity"
"Kepler-1416 b",2016,"Transit"
"Kepler-292 e",2014,"Transit"
"Kepler-653 b",2016,"Transit"
"WASP-187 b",2020,"Transit"
"GJ 433 d",2020,"Radial Velocity"
"TOI-540 b",2020,"Transit"
"nu Oph b",2012,"Radial Velocity"
"HD 5608 b",2012,"Radial Velocity"
"Kepler-1485 b",2016,"Transit"
"Kepler-1134 b",2016,"Transit"
"HD 173416 b",2008,"Radial Velocity"
"HD 210702 b",2007,"Radial Velocity"
"HD 202206 c",2004,"Radial Velocity"
"Kepler-769 c",2016,"Transit"
"Kepler-1900 b",2021,"Transit"
"Kepler-1466 b",2016,"Transit"
"TOI-251 b",2021,"Transit"
"K2-124 b",2017,"Transit"
"Kepler-322 b",2014,"Transit"
"Kepler-1317 b",2016,"Transit"
"Kepler-1673 b",2020,"Transit"
"Kepler-740 b",2016,"Transit"
"EPIC 201754305 d",2019,"Transit"
"xi Aql b",2007,"Radial Velocity"
"TOI-954 b",2020,"Transit"
"Kepler-567 b",2016,"Transit"
"11 Com b",2007,"Radial Velocity"
"HD 180314 b",2010,"Radial Velocity"
"18 Del b",2008,"Radial Velocity"
"LHS 1903 d",2026,"Transit"
"Kepler-888 b",2016,"Transit"
"4 UMa b",2006,"Radial Velocity"
"6 Lyn b",2008,"Radial Velocity"
"HIP 19976 b",2022,"Radial Velocity"
"HD 89744 b",1999,"Radial Velocity"
"Kepler-648 b",2016,"Transit"
"Kepler-1744 b",2021,"Transit"
"HIP 12961 b",2010,"Radial Velocity"
"HD 141004 b",2021,"Radial Velocity"
"HD 189567 c",2021,"Radial Velocity"
"BD+37 3172 b",2023,"Radial Velocity"
"Kepler-95 b",2014,"Transit"
"Kepler-1670 b",2020,"Transit"
"Kepler-1308 b",2016,"Transit"
"Kepler-404 c",2014,"Transit"
"HD 120084 b",2013,"Radial Velocity"
"HD 14067 b",2014,"Radial Velocity"
"HD 208897 b",2017,"Radial Velocity"
"Kepler-1400 b",2016,"Transit"
"HD 96992 b",2021,"Radial Velocity"
"Kepler-326 d",2014,"Transit"
"TOI-712 b",2022,"Transit"
"TOI-712 d",2022,"Transit"
"Kepler-1514 b",2016,"Transit"
"V2376 Ori b",2025,"Imaging"
"Kepler-129 c",2014,"Transit"
"TOI-905 b",2020,"Transit"
"K2-73 c",2025,"Radial Velocity"
"Kepler-1795 b",2021,"Transit"
"TIC 237913194 b",2020,"Transit"
"Kepler-512 b",2016,"Transit"
"NGTS-13 b",2021,"Transit"
"HD 72490 b",2018,"Radial Velocity"
"Kepler-1468 d",2021,"Transit"
"HD 75898 b",2007,"Radial Velocity"
"Kepler-1459 b",2016,"Transit"
"Kepler-1769 b",2021,"Transit"
"gam Lib c",2018,"Radial Velocity"
"24 Boo b",2018,"Radial Velocity"
"KOI-351 f",2013,"Transit"
"Kepler-1615 b",2016,"Transit"
"TOI-1238 b",2022,"Transit"
"HD 47366 b",2016,"Radial Velocity"
"HD 47366 c",2016,"Radial Velocity"
"HATS-71 b",2020,"Transit"
"TOI-824 b",2020,"Transit"
"HD 4732 b",2012,"Radial Velocity"
"omi CrB b",2012,"Radial Velocity"
"HD 4732 c",2012,"Radial Velocity"
"Kepler-351 d",2016,"Transit"
"Kepler-324 b",2014,"Transit"
"GJ 251 b",2020,"Radial Velocity"
"Kepler-1931 b",2021,"Transit"
"HAT-P-62 b",2021,"Transit"
"HAT-P-63 b",2021,"Transit"
"Kepler-570 b",2016,"Transit"
"Kepler-1396 b",2016,"Transit"
"Kepler-1165 c",2021,"Transit"
"Kepler-640 b",2016,"Transit"
"Kepler-893 b",2016,"Transit"
"K2-138 d",2017,"Transit"
"HD 103949 b",2019,"Radial Velocity"
"75 Cet b",2012,"Radial Velocity"
"omi UMa b",2012,"Radial Velocity"
"Kepler-722 c",2016,"Transit"
"K2-138 e",2017,"Transit"
"K2-138 f",2017,"Transit"
"Kepler-170 b",2014,"Transit"
"Kepler-1542 e",2016,"Transit"
"Kepler-789 b",2016,"Transit"
"Kepler-328 c",2013,"Transit"
"K2-32 d",2016,"Transit"
"K2-32 b",2016,"Transit"
"Kepler-299 b",2014,"Transit"
"K2-154 c",2018,"Transit"
"K2-32 c",2016,"Transit"
"Kepler-1821 b",2021,"Transit"
"ome Ser b",2013,"Radial Velocity"
"HD 2952 b",2013,"Radial Velocity"
"HD 164922 b",2005,"Radial Velocity"
"K2-100 b",2016,"Transit"
"HIP 71135 b",2019,"Radial Velocity"
"Kepler-55 f",2014,"Transit"
"Kepler-1073 d",2021,"Transit"
"Kepler-804 c",2016,"Transit"
"GJ 15 A b",2014,"Radial Velocity"
"Kepler-135 c",2014,"Transit"
"K2-138 g",2021,"Transit"
"TOI-1231 b",2021,"Transit"
"HD 73526 b",2002,"Radial Velocity"
"Kepler-959 b",2016,"Transit"
"TOI-1062 b",2021,"Transit"
"Kepler-1304 b",2016,"Transit"
"PH2 b",2013,"Transit"
"Kepler-1043 b",2016,"Transit"
"Kepler-156 c",2014,"Transit"
"TOI-257 b",2021,"Transit"
"Kepler-168 b",2014,"Transit"
"TOI-5126 c",2023,"Transit"
"TOI-5126 b",2023,"Transit"
"Kepler-1708 b",2021,"Transit"
"TOI-1749 d",2021,"Transit"
"TOI-674 b",2021,"Transit"
"Kepler-1310 b",2016,"Transit"
"TOI-1062 c",2021,"Radial Velocity"
"TOI-5605 b",2026,"Transit"
"HD 154857 b",2004,"Radial Velocity"
"Kepler-1404 b",2016,"Transit"
"K2-99 c",2022,"Radial Velocity"
"TOI-269 b",2021,"Transit"
"Kepler-902 b",2016,"Transit"
"Kepler-894 b",2016,"Transit"
"TOI-628 b",2021,"Transit"
"HD 64121 b",2022,"Radial Velocity"
"HAT-P-58 b",2021,"Transit"
"HAT-P-59 b",2021,"Transit"
"Kepler-213 c",2014,"Transit"
"Kepler-1561 b",2016,"Transit"
"Kepler-1338 b",2016,"Transit"
"Kepler-53 d",2014,"Transit"
"TOI-2202 c",2021,"Transit Timing Variations"
"TOI-199 c",2023,"Transit Timing Variations"
"75 Cet c",2023,"Radial Velocity"
"Kepler-542 b",2016,"Transit"
"Kepler-394 c",2014,"Transit"
"HD 213240 b",2001,"Radial Velocity"
"Kepler-1640 b",2016,"Transit"
"Kepler-1423 b",2016,"Transit"
"GJ 724 b",2023,"Radial Velocity"
"GJ 4274 c",2026,"Radial Velocity"
"TOI-5398 b",2022,"Transit"
"61 Vir c",2009,"Radial Velocity"
"HAT-P-43 b",2012,"Transit"
"HD 110067 c",2023,"Transit"
"HD 110067 f",2023,"Transit"
"Kepler-1512 b",2016,"Transit"
"Kepler-825 b",2016,"Transit"
"Kepler-245 c",2014,"Transit"
"Kepler-1233 b",2016,"Transit"
"Kepler-1398 b",2016,"Transit"
"TOI-2184 b",2022,"Transit"
"14 Her b",2002,"Radial Velocity"
"USco1621 b",2019,"Imaging"
"Kepler-607 b",2016,"Transit"
"HD 110067 b",2023,"Transit"
"GJ 3988 b",2023,"Radial Velocity"
"Kepler-1784 b",2021,"Transit"
"TOI-5777 b",2026,"Transit"
"TOI-6080 b",2026,"Transit"
"TOI-2104 b",2026,"Transit"
"Kepler-1019 b",2016,"Transit"
"HD 134606 d",2024,"Radial Velocity"
"HD 134606 b",2024,"Radial Velocity"
"TOI-2257 b",2021,"Transit"
"Kepler-97 b",2014,"Transit"
"Kepler-1230 b",2016,"Transit"
"Kepler-300 b",2014,"Transit"
"HD 134606 e",2024,"Radial Velocity"
"K2-75 c",2016,"Transit"
"TOI-2134 b",2023,"Transit"
"TOI-544 c",2023,"Radial Velocity"
"TOI-2134 c",2023,"Transit"
"K2-275 b",2018,"Transit"
"HD 47186 b",2008,"Radial Velocity"
"Kepler-1024 b",2016,"Transit"
"Kepler-1559 b",2016,"Transit"
"Kepler-1725 b",2021,"Transit"
"Kepler-155 c",2014,"Transit"
"Kepler-307 b",2013,"Transit"
"Kepler-755 c",2016,"Transit"
"HATS-75 b",2021,"Transit"
"HAT-P-55 b",2015,"Transit"
"HAT-P-51 b",2015,"Transit"
"Kepler-1637 b",2016,"Transit"
"Kepler-708 b",2016,"Transit"
"TIC 172900988 b",2021,"Transit"
"BD-08 2823 b",2009,"Radial Velocity"
"HD 10180 c",2010,"Radial Velocity"
"HD 112570 b",2023,"Radial Velocity"
"Kepler-836 b",2016,"Transit"
"Kepler-178 b",2014,"Transit"
"TOI-3362 b",2021,"Transit"
"Kepler-1348 b",2016,"Transit"
"Kepler-984 b",2016,"Transit"
"TOI-1839 b",2026,"Transit"
"GPX-1 b",2021,"Transit"
"TOI-559 b",2021,"Transit"
"TOI-530 b",2021,"Transit"
"Kepler-907 b",2016,"Transit"
"Kepler-823 b",2016,"Transit"
"HD 154391 b",2023,"Radial Velocity"
"HD 63433 d",2023,"Transit"
"Kepler-647 c",2020,"Transit"
"K2-153 b",2018,"Transit"
"Kepler-1082 b",2016,"Transit"
"TOI-1431 b",2021,"Transit"
"WASP-76 b",2016,"Transit"
"WASP-95 b",2014,"Transit"
"TOI-4551 b",2023,"Transit"
"HD 219666 b",2018,"Transit"
"HD 192310 c",2011,"Radial Velocity"
"HD 195019 b",1998,"Radial Velocity"
"Kepler-334 b",2014,"Transit"
"Kepler-139 e",2023,"Radial Velocity"
"Kepler-1196 b",2016,"Transit"
"Kepler-333 b",2014,"Transit"
"Kepler-562 b",2016,"Transit"
"Kepler-1671 b",2020,"Transit"
"Kepler-1158 b",2016,"Transit"
"HD 110067 g",2023,"Transit"
"HD 88986 b",2023,"Radial Velocity"
"TOI-4377 b",2023,"Transit"
"Kepler-57 b",2012,"Transit"
"Kepler-461 b",2016,"Transit"
"HD 24085 b",2019,"Radial Velocity"
"Kepler-1843 b",2021,"Transit"
"Kepler-1184 b",2016,"Transit"
"TOI-1860 b",2022,"Transit"
"TOI-2260 b",2022,"Transit"
"Kepler-1018 b",2016,"Transit"
"HD 69830 c",2006,"Radial Velocity"
"HD 10647 b",2006,"Radial Velocity"
"HD 219134 b",2015,"Radial Velocity"
"TOI-2092 b",2026,"Transit"
"Proxima Cen b",2016,"Radial Velocity"
"HD 104067 c",2024,"Radial Velocity"
"HATS-2 b",2013,"Transit"
"TOI-782 b",2024,"Transit"
"K2-250 b",2018,"Transit"
"Kepler-1852 b",2021,"Transit"
"Kepler-881 b",2016,"Transit"
"Kepler-1294 b",2016,"Transit"
"HD 153557 c",2022,"Radial Velocity"
"Kepler-1255 b",2016,"Transit"
"M62H b",2024,"Pulsar Timing"
"TOI-1136 d",2022,"Transit"
"Kepler-127 b",2014,"Transit"
"Kepler-1736 b",2021,"Transit"
"GJ 9827 b",2017,"Transit"
"Kepler-532 b",2016,"Transit"
"Kepler-1871 b",2021,"Transit"
"Kepler-1457 b",2016,"Transit"
"Teegarden's Star b",2019,"Radial Velocity"
"Teegarden's Star c",2019,"Radial Velocity"
"TOI-1136 f",2022,"Transit"
"TOI-1448 b",2024,"Transit"
"TOI-2120 b",2024,"Transit"
"TOI-2337 b",2022,"Transit"
"TOI-4329 b",2022,"Transit"
"TOI-2445 b",2022,"Transit"
"HIP 109600 b",2016,"Radial Velocity"
"Kepler-1923 b",2021,"Transit"
"Kepler-467 b",2016,"Transit"
"Kepler-302 c",2014,"Transit"
"TOI-2180 b",2022,"Transit"
"Kepler-683 b",2016,"Transit"
"Kepler-120 b",2014,"Transit"
"TOI-5720 b",2024,"Transit"
"TOI-2447 b",2024,"Transit"
"Kepler-1326 b",2016,"Transit"
"Kepler-9 b",2010,"Transit"
"Kepler-406 c",2014,"Transit"
"Kepler-315 b",2014,"Transit"
"Kepler-1078 b",2016,"Transit"
"TOI-206 b",2022,"Transit"
"TOI-2669 b",2022,"Transit"
"Kepler-1038 b",2016,"Transit"
"Kepler-1802 c",2021,"Transit"
"TOI-4029 b",2026,"Transit"
"TOI-1136 b",2022,"Transit"
"Kepler-1887 b",2021,"Transit"
"HAT-P-65 b",2016,"Transit"
"CI Tau c",2024,"Radial Velocity"
"Kepler-1632 b",2016,"Transit"
"Kepler-1306 b",2016,"Transit"
"Kepler-1925 b",2021,"Transit"
"LHS 1678 b",2021,"Transit"
"TOI-1273 b",2024,"Transit"
"TOI-1199 b",2024,"Transit"
"HD 220773 b",2011,"Radial Velocity"
"Kepler-60 d",2012,"Transit"
"Kepler-1452 b",2016,"Transit"
"TOI-4405 b",2026,"Transit"
"Kepler-1686 b",2020,"Transit"
"HD 130322 b",1999,"Radial Velocity"
"Kepler-1138 b",2016,"Transit"
"GJ 1214 b",2009,"Transit"
"TOI-4438 b",2024,"Transit"
"Kepler-584 b",2016,"Transit"
"Kepler-1961 b",2021,"Transit"
"Kepler-270 c",2014,"Transit"
"TOI-757 b",2024,"Transit"
"Kepler-1157 b",2016,"Transit"
"Kepler-1746 b",2021,"Transit"
"K2-243 c",2018,"Transit"
"Kepler-403 d",2016,"Transit"
"TOI-2714 b",2024,"Transit"
"Kepler-378 b",2014,"Transit"
"TOI-216.01",2019,"Transit"
"HD 102272 b",2008,"Radial Velocity"
"GJ 2056 b",2020,"Radial Velocity"
"Kepler-256 e",2014,"Transit"
"Kepler-1408 b",2016,"Transit"
"TOI-1408 c",2024,"Transit Timing Variations"
"TOI-1408 b",2023,"Transit"
"TOI-1437 b",2024,"Transit"
"BD-13 2130 b",2007,"Radial Velocity"
"TOI-1751 b",2024,"Transit"
"TOI-1694 b",2023,"Transit"
"Kepler-826 b",2016,"Transit"
"HIP 67522 b",2020,"Transit"
"HIP 67522 c",2024,"Transit"
"TOI-3261 b",2024,"Transit"
"Kepler-1929 b",2021,"Transit"
"Kepler-1284 b",2016,"Transit"
"HIP 116454 b",2014,"Transit"
"TIC 46432937 b",2024,"Transit"
"TOI-1807 b",2021,"Transit"
"HD 77946 b",2024,"Transit"
"TOI-1836 c",2024,"Transit"
"TOI-1181 b",2022,"Transit"
"Kepler-1587 b",2016,"Transit"
"TOI-1246 c",2022,"Transit"
"Kepler-482 b",2016,"Transit"
"TOI-5634 A b",2024,"Transit"
"Kepler-1070 b",2016,"Transit"
"HD 68402 b",2016,"Radial Velocity"
"Kepler-736 b",2016,"Transit"
"K2-69 b",2016,"Transit"
"TOI-469.01",2021,"Transit"
"Kepler-649 b",2016,"Transit"
"K2-25 b",2015,"Transit"
"TOI-6034 b",2024,"Transit"
"Kepler-1237 b",2016,"Transit"
"TOI-1710 b",2022,"Transit"
"TOI-1694 c",2023,"Radial Velocity"
"TOI-1736 c",2023,"Radial Velocity"
"TOI-1272 b",2022,"Transit"
"TOI-1272 c",2022,"Radial Velocity"
"HD 93963 A b",2022,"Transit"
"HD 564 b",2014,"Radial Velocity"
"Kepler-111 b",2014,"Transit"
"TIC 393818343 b",2024,"Transit"
"Kepler-466 b",2016,"Transit"
"Kepler-1401 b",2016,"Transit"
"Kepler-928 b",2016,"Transit"
"Kepler-1361 b",2016,"Transit"
"K2-58 b",2016,"Transit"
"TAP 26 b",2017,"Radial Velocity"
"Kepler-879 c",2024,"Transit"
"HD 21520 b",2024,"Transit"
"Kepler-192 d",2016,"Transit"
"Kepler-939 b",2016,"Transit"
"Kepler-1873 b",2021,"Transit"
"Kepler-282 e",2013,"Transit"
"Kepler-1357 b",2016,"Transit"
"HD 93963 A c",2022,"Transit"
"Kepler-1320 b",2016,"Transit"
"Kepler-1807 b",2021,"Transit"
"TOI-2374 b",2024,"Transit"
"BD-14 3065 b",2024,"Transit"
"TOI-3071 b",2024,"Transit"
"TOI-1386 b",2024,"Transit"
"TOI-1288 b",2022,"Transit"
"HD 135694 b",2023,"Transit"
"Kepler-1845 b",2021,"Transit"
"Kepler-90 i",2017,"Transit"
"HD 194490 b",2022,"Radial Velocity"
"TOI-1630.01",2024,"Transit"
"TOI-1782.02",2024,"Transit"
"WASP-148 b",2020,"Transit"
"K2-99 b",2016,"Transit"
"TOI-1659.01",2024,"Transit"
"Kepler-992 b",2016,"Transit"
"TOI-2048 b",2022,"Transit"
"Kepler-1273 b",2016,"Transit"
"TOI-3757 b",2022,"Transit"
"TOI-375 c",2026,"Radial Velocity"
"TOI-3568 b",2024,"Transit"
"KOINTREAU-4 b",2026,"Imaging"
"AU Mic d",2023,"Transit Timing Variations"
"TOI-1798.02",2024,"Transit"
"TOI-1798.01",2024,"Transit"
"Kepler-1899 b",2021,"Transit"
"Kepler-613 b",2016,"Transit"
"Kepler-393 b",2014,"Transit"
"TOI-4638.01",2024,"Transit"
"Kepler-713 b",2016,"Transit"
"TOI-2570 b",2022,"Transit"
"K2-150 b",2018,"Transit"
"HD 20868 b",2008,"Radial Velocity"
"TOI-1452 b",2022,"Transit"
"K2-212 b",2018,"Transit"
"EPIC 228836835 b",2021,"Transit"
"Kepler-183 c",2014,"Transit"
"Kepler-131 b",2014,"Transit"
"TOI-201 b",2021,"Transit"
"TOI-201 d",2026,"Transit"
"TOI-201 c",2025,"Transit Timing Variations"
"Kepler-951 b",2016,"Transit"
"TOI-2458 b",2024,"Transit"
"TOI-4562 c",2024,"Transit Timing Variations"
"TOI-4562 b",2023,"Transit"
"Kepler-1860 b",2021,"Transit"
"TOI-3693 b",2022,"Transit"
"Kepler-732 b",2016,"Transit"
"WASP-72 b",2012,"Transit"
"WASP-99 b",2014,"Transit"
"TOI-2200 b",2026,"Transit"
"TOI-2193 A b",2022,"Transit"
"TOI-2207 b",2022,"Transit"
"Kepler-1040 b",2016,"Transit"
"TOI-1716.01",2024,"Transit"
"Kepler-901 b",2016,"Transit"
"TOI-260 b",2024,"Transit"
"L 168-9 b",2020,"Transit"
"K2-167 b",2018,"Transit"
"TOI-1768.01",2024,"Transit"
"Kepler-597 b",2016,"Transit"
"HD 100655 b",2011,"Radial Velocity"
"Kepler-203 b",2014,"Transit"
"Kepler-520 c",2016,"Transit"
"HR 8799 e",2010,"Imaging"
"TOI-1130 c",2020,"Transit"
"TOI-1184 b",2024,"Transit"
"TOI-1772.01",2024,"Transit"
"Kepler-330 b",2014,"Transit"
"TOI-5005 b",2024,"Transit"
"Kepler-167 c",2014,"Transit"
"HD 180902 b",2009,"Radial Velocity"
"Kepler-1137 b",2016,"Transit"
"Kepler-267 c",2014,"Transit"
"HD 216520 b",2020,"Radial Velocity"
"TOI-2421 b",2022,"Transit"
"Kepler-242 b",2014,"Transit"
"TOI-5076 b",2024,"Transit"
"TOI-1453 c",2025,"Transit"
"TOI-4504 d",2024,"Transit Timing Variations"
"TOI-4137 b",2022,"Transit"
"K2-213 b",2018,"Transit"
"TOI-2458 c",2024,"Radial Velocity"
"DMPP-1 b",2019,"Radial Velocity"
"DMPP-1 c",2019,"Radial Velocity"
"TOI-512 b",2025,"Transit"
"Kepler-1577 b",2016,"Transit"
"HD 73344 d",2025,"Radial Velocity"
"Kepler-751 b",2016,"Transit"
"Kepler-606 b",2016,"Transit"
"Kepler-1575 b",2016,"Transit"
"TOI-561 d",2020,"Transit"
"HD 207832 b",2012,"Radial Velocity"
"HD 102956 b",2010,"Radial Velocity"
"WASP-132 c",2022,"Transit"
"Kepler-1490 b",2016,"Transit"
"TOI-2364 b",2023,"Transit"
"TOI-4994 b",2024,"Transit"
"HD 20794 d",2011,"Radial Velocity"
"Kepler-377 b",2014,"Transit"
"EPIC 212499991 b",2019,"Transit"
"Kepler-227 c",2014,"Transit"
"Kepler-887 b",2016,"Transit"
"GJ 3138 c",2017,"Radial Velocity"
"TOI-2842 b",2023,"Transit"
"TOI-2977 b",2023,"Transit"
"TOI-2583 A b",2023,"Transit"
"Kepler-1503 b",2016,"Transit"
"Kepler-1781 b",2021,"Transit"
"TOI-3023 b",2023,"Transit"
"Kepler-198 d",2016,"Transit"
"TOI-2133 b",2026,"Transit"
"LHS 1903 c",2026,"Transit"
"TOI-4504 b",2024,"Transit"
"HIP 948 b",2022,"Radial Velocity"
"Kepler-1204 b",2016,"Transit"
"TOI-2587 A b",2023,"Transit"
"Kepler-251 e",2014,"Transit"
"Kepler-547 b",2016,"Transit"
"Kepler-1828 b",2021,"Transit"
"Kepler-1328 b",2016,"Transit"
"Kepler-874 b",2016,"Transit"
"HD 20794 f",2025,"Radial Velocity"
"Gl 725 A b",2025,"Radial Velocity"
"Kepler-32 b",2011,"Transit"
"Kepler-1150 b",2016,"Transit"
"ZTF J1230-2655 b",2025,"Transit"
"TOI-3912 b",2023,"Transit"
"K2-104 b",2016,"Transit"
"HD 65216 b",2003,"Radial Velocity"
"HD 65216 c",2013,"Radial Velocity"
"Kepler-1151 b",2016,"Transit"
"TOI-2818 b",2023,"Transit"
"HIP 65407 c",2016,"Radial Velocity"
"Kepler-124 c",2014,"Transit"
"TOI-2537 b",2024,"Transit"
"Kepler-999 b",2016,"Transit"
"Oph 11 b",2006,"Imaging"
"K2-11 b",2015,"Transit"
"HD 38283 b",2010,"Radial Velocity"
"Kepler-518 b",2016,"Transit"
"Kepler-265 d",2014,"Transit"
"HD 188015 b",2004,"Radial Velocity"
"DMPP-1 d",2019,"Radial Velocity"
"WASP-149 b",2025,"Transit"
"G 192-15 c",2025,"Radial Velocity"
"G 261-6 b",2025,"Radial Velocity"
"TOI-3493 b",2025,"Transit"
"Kepler-24 e",2014,"Transit"
"TOI-3807 b",2023,"Transit"
"Gl 410 b",2025,"Radial Velocity"
"TOI-4463 A b",2023,"Transit"
"Kepler-797 b",2016,"Transit"
"HD 11755 b",2015,"Radial Velocity"
"KOI-351 b",2013,"Transit"
"Kepler-1793 b",2021,"Transit"
"Kepler-309 c",2014,"Transit"
"HD 40307 c",2009,"Radial Velocity"
"HD 7199 b",2011,"Radial Velocity"
"KMT-2019-BLG-0578L b",2025,"Microlensing"
"KMT-2021-BLG-0736L b",2025,"Microlensing"
"GJ 251 c",2025,"Radial Velocity"
"K2-200 b",2018,"Transit"
"Kepler-922 b",2016,"Transit"
"Kepler-1780 b",2021,"Transit"
"Kepler-509 b",2016,"Transit"
"GJ 649 b",2009,"Radial Velocity"
"Kepler-813 b",2016,"Transit"
"HD 222582 b",1999,"Radial Velocity"
"Kepler-1551 b",2016,"Transit"
"Kepler-1352 b",2016,"Transit"
"Kepler-1422 b",2016,"Transit"
"GJ 849 c",2014,"Radial Velocity"
"EPIC 206042996 b",2019,"Transit"
"HD 49674 b",2002,"Radial Velocity"
"Kepler-26 d",2014,"Transit"
"Kepler-229 d",2014,"Transit"
"WASP-116 b",2025,"Transit"
"WASP-188 b",2025,"Transit"
"Kepler-320 c",2014,"Transit"
"TOI-771 b",2024,"Transit"
"Kepler-926 b",2016,"Transit"
"Kepler-106 e",2014,"Transit"
"Kepler-402 b",2014,"Transit"
"TOI-1266 c",2020,"Transit"
"Barnard b",2024,"Radial Velocity"
"Barnard c",2025,"Radial Velocity"
"Kepler-1202 b",2016,"Transit"
"TOI-942 c",2020,"Transit"
"TOI-1266 d",2025,"Transit Timing Variations"
"TOI-2015 b",2023,"Transit"
"TOI-2015 c",2025,"Transit Timing Variations"
"Kepler-1474 b",2016,"Transit"
"Kepler-128 c",2013,"Transit"
"Kepler-1734 b",2021,"Transit"
"Kepler-671 b",2016,"Transit"
"Kepler-186 c",2014,"Transit"
"Kepler-339 b",2014,"Transit"
"G 268-110 b",2025,"Radial Velocity"
"G 192-15 b",2025,"Radial Velocity"
"TOI-942 b",2020,"Transit"
"HD 80883 b",2022,"Radial Velocity"
"Kepler-777 b",2016,"Transit"
"Kepler-83 c",2012,"Transit"
"CoRoT-27 b",2014,"Transit"
"Barnard e",2025,"Radial Velocity"
"TOI-1117 c",2025,"Radial Velocity"
"TOI-1117 d",2025,"Radial Velocity"
"TOI-2992 b",2025,"Transit"
"Kepler-1206 b",2016,"Transit"
"HD 125595 b",2009,"Radial Velocity"
"HD 179079 b",2008,"Radial Velocity"
"TOI-3160 A b",2025,"Transit"
"HIP 67851 c",2015,"Radial Velocity"
"HD 87816 b",2025,"Radial Velocity"
"TOI-6894 b",2025,"Transit"
"TIC 88785435 b",2025,"Transit"
"KOI-134 c",2025,"Transit Timing Variations"
"TOI-3474 b",2025,"Transit"
"Kepler-1602 b",2016,"Transit"
"OGLE-TR-56 b",2002,"Transit"
"KOI-134 b",2025,"Transit"
"K2-169 b",2018,"Transit"
"Kepler-370 b",2014,"Transit"
"Kepler-1762 b",2021,"Transit"
"Kepler-511 c",2021,"Transit"
"KOI-1843.03",2013,"Transit"
"K2-416 b",2023,"Transit"
"TOI-4791 b",2023,"Transit"
"Kepler-369 b",2014,"Transit"
"Kepler-778 b",2016,"Transit"
"HD 87816 c",2025,"Radial Velocity"
"HD 102888 b",2025,"Radial Velocity"
"tau Cet g",2017,"Radial Velocity"
"tau Cet h",2017,"Radial Velocity"
"tau Cet f",2017,"Radial Velocity"
"WASP-80 b",2012,"Transit"
"TOI-5300 b",2025,"Transit"
"TOI-2031 A b",2025,"Transit"
"TOI-5882 b",2025,"Transit"
"TOI-2169 A b",2025,"Transit"
"Kepler-878 b",2016,"Transit"
"K2-72 e",2016,"Transit"
"HD 25171 b",2010,"Radial Velocity"
"TOI-6707 b",2026,"Transit"
"TOI-3682 b",2025,"Transit"
"HD 155918 c",2022,"Radial Velocity"
"Kepler-1508 b",2016,"Transit"
"Kepler-156 b",2014,"Transit"
"HD 15906 b",2023,"Transit"
"Kepler-1356 b",2016,"Transit"
"Kepler-1012 b",2016,"Transit"
"TOI-2346 b",2025,"Transit"
"Kepler-154 f",2016,"Transit"
"Kepler-1234 b",2016,"Transit"
"Kepler-10 b",2011,"Transit"
"TOI-2886 b",2025,"Transit"
"K2-157 c",2025,"Radial Velocity"
"HD 34445 e",2017,"Radial Velocity"
"Kepler-384 c",2014,"Transit"
"Kepler-1153 b",2016,"Transit"
"HD 35843 c",2025,"Transit"
"TIC 434398831 c",2025,"Transit"
"TOI-2407 b",2025,"Transit"
"TOI-778 b",2023,"Transit"
"TOI-5573 b",2025,"Transit"
"Kepler-1271 b",2016,"Transit"
"Kepler-182 c",2014,"Transit"
"HIP 48714 b",2020,"Radial Velocity"
"HATS-23 b",2017,"Transit"
"TOI-1468 b",2022,"Transit"
"TOI-1468 c",2022,"Transit"
"K2-152 b",2018,"Transit"
"Kepler-1626 b",2016,"Transit"
"HD 97048 b",2019,"Disk Kinematics"
"HD 4308 b",2005,"Radial Velocity"
"TOI-5800 b",2025,"Transit"
"HD 224018 b",2025,"Radial Velocity"
"TOI-4214 b",2025,"Transit"
"Kepler-580 b",2016,"Transit"
"HD 217786 c",2022,"Radial Velocity"
"Kepler-219 b",2014,"Transit"
"Kepler-1941 b",2021,"Transit"
"K2-254 b",2018,"Transit"
"TOI-5817 b",2025,"Transit"
"Kepler-294 b",2014,"Transit"
"TOI-4734 b",2025,"Transit"
"Kepler-296 b",2014,"Transit"
"HD 64114 b",2019,"Radial Velocity"
"Kepler-1947 b",2021,"Transit"
"TOI-5181 A b",2025,"Transit"
"HD 97658 b",2010,"Radial Velocity"
"GJ 338 B b",2020,"Radial Velocity"
"WD 1856+534 b",2020,"Transit"
"TOI-519 b",2021,"Transit"
"nu Oct A b",2016,"Radial Velocity"
"TOI-1346 b",2025,"Transit"
"TOI-4155 b",2025,"Transit"
"HD 108236 c",2020,"Transit"
"HD 151450 b",2022,"Radial Velocity"
"Kepler-546 b",2016,"Transit"
"GJ 317 b",2007,"Radial Velocity"
"K2-6 b",2015,"Transit"
"Kepler-497 b",2016,"Transit"
"Kepler-971 b",2016,"Transit"
"Kepler-452 b",2015,"Transit"
"Kepler-553 b",2016,"Transit"
"Kepler-1791 b",2021,"Transit"
"Kepler-399 d",2014,"Transit"
"Kepler-1355 b",2016,"Transit"
"Kepler-83 b",2012,"Transit"
"Kepler-1827 b",2021,"Transit"
"Kepler-1886 b",2021,"Transit"
"Kepler-1467 b",2016,"Transit"
"Kepler-204 b",2014,"Transit"
"HIP 5158 b",2009,"Radial Velocity"
"Kepler-1311 c",2016,"Transit"
"TOI-654.01",2024,"Transit"
"HD 235088 b",2023,"Transit"
"TOI-5795 b",2025,"Transit"
"Kepler-366 c",2014,"Transit"
"HD 136118 b",2022,"Radial Velocity"
"Kepler-283 b",2014,"Transit"
"GJ 463 b",2022,"Radial Velocity"
"WASP-4 b",2007,"Transit"
"Kepler-185 c",2014,"Transit"
"TOI-5386 A b",2025,"Transit"
"Kepler-1285 b",2016,"Transit"
"TOI-470 b",2023,"Transit"
"Kepler-1003 b",2016,"Transit"
"Kepler-213 b",2014,"Transit"
"Kepler-112 b",2014,"Transit"
"TOI-1438 b",2025,"Transit"
"TOI-7333 b",2026,"Transit"
"Kepler-1038 c",2021,"Transit"
"HD 109271 c",2013,"Radial Velocity"
"TOI-3856 b",2025,"Transit"
"TOI-3877 b",2025,"Transit"
"TOI-3980 b",2025,"Transit"
"Kepler-26 e",2014,"Transit"
"Kepler-1731 b",2021,"Transit"
"TOI-622 b",2023,"Transit"
"Kepler-169 b",2014,"Transit"
"Kepler-239 b",2014,"Transit"
"Kepler-1812 b",2021,"Transit"
"Kepler-738 b",2016,"Transit"
"Kepler-1778 b",2021,"Transit"
"Kepler-1005 b",2016,"Transit"
"Kepler-617 b",2016,"Transit"
"Kepler-371 c",2014,"Transit"
"Kepler-211 b",2014,"Transit"
"HD 25912 b",2022,"Radial Velocity"
"TOI-4010 b",2023,"Transit"
"HD 196067 b",2012,"Radial Velocity"
"TOI-283 b",2025,"Transit"
"TOI-2641 b",2023,"Transit"
"TOI-2322 b",2025,"Transit"
"HD 284149 AB b",2017,"Imaging"
"Kepler-925 b",2016,"Transit"
"Kepler-54 c",2012,"Transit"
"HD 210193 b",2019,"Radial Velocity"
"TOI-5261 b",2025,"Transit"
"TOI-5350 b",2025,"Transit"
"TOI-1235 b",2020,"Transit"
"TOI-4010 e",2023,"Radial Velocity"
"HD 28471 c",2025,"Radial Velocity"
"TOI-6420 b",2025,"Transit"
"TOI-5799 b",2024,"Transit"
"Kepler-801 b",2016,"Transit"
"Kepler-750 c",2016,"Transit"
"WISPIT 1 c",2025,"Imaging"
"WISPIT 2 b",2025,"Imaging"
"HR 8799 b",2008,"Imaging"
"LHS 3844 b",2019,"Transit"
"TOI-2093 b",2025,"Radial Velocity"
"HD 196067 c",2025,"Radial Velocity"
"TOI-6054.02",2024,"Transit"
"TOI-6054.01",2024,"Transit"
"Kepler-117 b",2014,"Transit"
"Kepler-1724 b",2021,"Transit"
"GJ 180 d",2020,"Radial Velocity"
"Kepler-103 b",2014,"Transit"
"Kepler-103 c",2014,"Transit"
"Kepler-34 b",2011,"Transit"
"MOA-2011-BLG-291L b",2018,"Microlensing"
"OGLE-2019-BLG-0468L b",2022,"Microlensing"
"OGLE-2019-BLG-0960L b",2021,"Microlensing"
"KMT-2024-BLG-0404L c",2025,"Microlensing"
"OGLE-2017-BLG-1375L b",2020,"Microlensing"
"Kepler-126 c",2014,"Transit"
"Kepler-1455 b",2016,"Transit"
"Kepler-998 b",2016,"Transit"
"TOI-6109 c",2025,"Transit"
"eps CrB b",2012,"Radial Velocity"
"GJ 685 b",2019,"Radial Velocity"
"TOI-4010 c",2023,"Transit"
"TOI-2449 b",2025,"Transit"
"HIP 18606 b",2025,"Radial Velocity"
"TOI-2345 c",2025,"Transit"
"55 Cnc b",1996,"Radial Velocity"
"Kepler-733 b",2016,"Transit"
"KMT-2017-BLG-1057L b",2024,"Microlensing"
"TOI-2141 b",2023,"Transit"
"Kepler-1451 b",2016,"Transit"
"Kepler-108 c",2014,"Transit"
"KMT-2019-BLG-1339L b",2020,"Microlensing"
"Kepler-397 b",2014,"Transit"
"OGLE-2003-BLG-235L b",2004,"Microlensing"
"OGLE-2012-BLG-0358L b",2013,"Microlensing"
"OGLE-2015-BLG-1609L b",2025,"Microlensing"
"KMT-2021-BLG-1077L c",2022,"Microlensing"
"iot Dra b",2002,"Radial Velocity"
"WASP-96 b",2014,"Transit"
"GJ 1132 b",2015,"Transit"
"HIP 41378 b",2016,"Transit"
"HIP 41378 c",2016,"Transit"
"HIP 41378 d",2016,"Transit"
"HIP 41378 e",2016,"Transit"
"HIP 41378 f",2016,"Transit"
"LHS 1140 b",2017,"Transit"
"GJ 1132 c",2018,"Radial Velocity"
"LHS 1140 c",2018,"Transit"
"DE CVn b",2018,"Eclipse Timing Variations"
"TOI-270 b",2019,"Transit"
"TOI-270 c",2019,"Transit"
"TOI-270 d",2019,"Transit"
"GJ 357 b",2019,"Transit"
"GJ 357 c",2019,"Radial Velocity"
"GJ 357 d",2019,"Radial Velocity"
"GJ 1252 b",2020,"Transit"
"CFHTWIR-Oph 98 b",2020,"Imaging"
"iot Dra c",2021,"Radial Velocity"
"HD 260655 b",2022,"Transit"
"HD 260655 c",2022,"Transit"
"TOI-406.01",2024,"Transit"
"TOI-406 c",2024,"Transit"
"Kepler-62 e",2013,"Transit"
"HD 206893 b",2021,"Imaging"
"HD 206893 c",2022,"Imaging"
"Kepler-51 e",2024,"Transit Timing Variations"
"HIP 41378 g",2025,"Radial Velocity"
"KMT-2024-BLG-1281L b",2025,"Microlensing"
"TIC 183374187 b",2026,"Transit"
"Kepler-51 d",2014,"Transit"
"Kepler-51 c",2012,"Transit"
"Kepler-51 b",2012,"Transit"
"Kepler-62 c",2013,"Transit"
"Kepler-62 f",2013,"Transit"
"Kepler-62 d",2013,"Transit"
"Kepler-62 b",2013,"Transit"
"HD 11964 b",2005,"Radial Velocity"
"HD 132406 b",2007,"Radial Velocity"
"DMPP-3 A b",2019,"Radial Velocity"
"DMPP-2 b",2019,"Radial Velocity"
"TIC 257060897 b",2021,"Transit"
"Kepler-52 d",2014,"Transit"
"Kepler-756 b",2016,"Transit"
"Kepler-1286 b",2016,"Transit"
"OGLE-2019-BLG-1492L b",2022,"Microlensing"
"Kepler-132 c",2014,"Transit"
"OGLE-2016-BLG-0263L b",2017,"Microlensing"
"OGLE-2017-BLG-0364L b",2024,"Microlensing"
"UKIRT-2017-BLG-001L b",2018,"Microlensing"
"OGLE-2018-BLG-1126L b",2022,"Microlensing"
"KMT-2019-BLG-0298L b",2023,"Microlensing"
"Kepler-1430 b",2016,"Transit"
"Kepler-924 b",2016,"Transit"
"K2-73 b",2016,"Transit"
"pi Men c",2018,"Transit"
"HIP 38594 b",2020,"Radial Velocity"
"Kepler-1903 b",2021,"Transit"
"TOI-4940 b",2025,"Transit"
"HD 63433 c",2020,"Transit"
"TOI-1685 b",2021,"Transit"
"Kepler-1453 b",2016,"Transit"
"G 264-012 c",2021,"Radial Velocity"
"HD 128311 b",2002,"Radial Velocity"
"MOA-2016-BLG-526L b",2024,"Microlensing"
"OGLE-2018-BLG-1269L b",2020,"Microlensing"
"KMT-2018-BLG-0087L b",2022,"Microlensing"
"Kepler-535 b",2016,"Transit"
"OGLE-2007-BLG-368L b",2009,"Microlensing"
"OGLE-2018-BLG-0799L b",2022,"Microlensing"
"MOA-2010-BLG-328L b",2013,"Microlensing"
"MOA-2012-BLG-006L b",2017,"Microlensing"
"OGLE-2018-BLG-1011L b",2019,"Microlensing"
"KMT-2018-BLG-0748L b",2020,"Microlensing"
"Kepler-1763 b",2021,"Transit"
"BD+20 594 b",2016,"Transit"
"HD 147873 b",2016,"Radial Velocity"
"HD 72659 c",2022,"Radial Velocity"
"Kepler-1061 b",2016,"Transit"
"Kepler-1539 b",2016,"Transit"
"HD 152843 b",2021,"Transit"
"TOI-912 b",2025,"Transit"
"HD 128717 b",2025,"Astrometry"
"TOI-5728 b",2025,"Transit"
"GJ 3942 b",2017,"Radial Velocity"
"HD 152843 c",2021,"Transit"
"HD 28109 b",2022,"Transit"
"Kepler-235 d",2014,"Transit"
"OGLE-2017-BLG-1806L b",2023,"Microlensing"
"Kepler-1530 d",2021,"Transit"
"Kepler-661 b",2016,"Transit"
"MOA-2011-BLG-028L b",2016,"Microlensing"
"MOA-2013-BLG-605L b",2016,"Microlensing"
"OGLE-2012-BLG-0406L b",2013,"Microlensing"
"HD 63433 b",2020,"Transit"
"Kepler-1076 b",2016,"Transit"
"OGLE-2018-BLG-0383L b",2022,"Microlensing"
"Kepler-1258 b",2016,"Transit"
"Kepler-87 c",2013,"Transit"
"TOI-1422 c",2025,"Radial Velocity"
"TOI-6041 c",2025,"Radial Velocity"
"HD 147018 c",2009,"Radial Velocity"
"Kepler-1896 b",2021,"Transit"
"TOI-7510 c",2025,"Transit"
"Kepler-1681 b",2020,"Transit"
"GJ 2126 b",2025,"Radial Velocity"
"HD 1605 b",2015,"Radial Velocity"
"TOI-7510 d",2025,"Transit"
"HD 72659 b",2002,"Radial Velocity"
"Kepler-1171 b",2016,"Transit"
"Kepler-336 d",2014,"Transit"
"CoRoT-16 b",2011,"Transit"
"KMT-2018-BLG-0030L b",2022,"Microlensing"
"KMT-2022-BLG-1013L b",2023,"Microlensing"
"alf Tau b",2015,"Radial Velocity"
"Kepler-1031 b",2016,"Transit"
"mu Leo b",2014,"Radial Velocity"
"HD 60292 b",2020,"Radial Velocity"
"GJ 887 d",2026,"Radial Velocity"
"GJ 887 e",2026,"Radial Velocity"
"HD 39194 c",2021,"Radial Velocity"
"TOI-5789 d",2026,"Radial Velocity"
"TOI-5789 b",2026,"Radial Velocity"
"Kepler-1533 b",2016,"Transit"
"TOI-2373 b",2023,"Transit"
"Kepler-61 b",2013,"Transit"
"Kepler-120 c",2014,"Transit"
"Kepler-1403 b",2016,"Transit"
"TOI-1994 b",2024,"Transit"
"TOI-2524 b",2023,"Transit"
"KMT-2022-BLG-1790L b",2025,"Microlensing"
"HD 108874 c",2005,"Radial Velocity"
"HD 41004 A b",2004,"Radial Velocity"
"Kepler-118 c",2014,"Transit"
"Kepler-822 b",2016,"Transit"
"KMT-2025-BLG-1616L b",2026,"Microlensing"
"Kepler-608 b",2016,"Transit"
"HD 181720 b",2009,"Radial Velocity"
"Kepler-388 c",2014,"Transit"
"Kepler-900 b",2016,"Transit"
"Kepler-666 b",2016,"Transit"
"HIP 91258 b",2013,"Radial Velocity"
"K2-22 b",2015,"Transit"
"Kepler-1606 b",2016,"Transit"
"HD 4917 b",2018,"Radial Velocity"
"MOA-2012-BLG-505L b",2017,"Microlensing"
"KMT-2019-BLG-1715L b",2021,"Microlensing"
"KMT-2021-BLG-2609L b",2024,"Microlensing"
"Kepler-1946 b",2021,"Transit"
"HD 142022 A b",2005,"Radial Velocity"
"2MASS J03590986+2009361 b",2024,"Imaging"
"GJ 896 A b",2022,"Astrometry"
"Kepler-1461 b",2016,"Transit"
"HD 168009 b",2021,"Radial Velocity"
"Kepler-361 c",2014,"Transit"
"TOI-4529 b",2026,"Transit"
"TOI-1243 b",2026,"Transit"
"TOI-5388.01",2024,"Transit"
"HD 98736 b",2018,"Radial Velocity"
"HD 34445 b",2009,"Radial Velocity"
"NGTS-35 b",2025,"Transit"
"KMT-2021-BLG-0322L b",2021,"Microlensing"
"OGLE-2014-BLG-0221L b",2024,"Microlensing"
"KMT-2016-BLG-2142L b",2018,"Microlensing"
"KMT-2024-BLG-1044L b",2024,"Microlensing"
"Kepler-340 b",2014,"Transit"
"GJ 3090 b",2022,"Transit"
"TOI-7166 b",2025,"Transit"
"TOI-6716 b",2026,"Transit"
"BD+48 738 b",2011,"Radial Velocity"
"Kepler-1307 b",2016,"Transit"
"TOI-5788 b",2026,"Transit"
"TOI-5788 c",2026,"Transit"
"TOI-4495 c",2024,"Transit"
"Kepler-326 c",2014,"Transit"
"WASP-5 b",2008,"Transit"
"HD 48265 b",2008,"Radial Velocity"
"WASP-100 b",2014,"Transit"
"GJ 887 b",2020,"Radial Velocity"
"GJ 887 c",2020,"Radial Velocity"
"OGLE-2014-BLG-0319L b",2022,"Microlensing"
"KMT-2019-BLG-0371L b",2021,"Microlensing"
"Kepler-132 b",2014,"Transit"
"OGLE-2017-BLG-1237L b",2024,"Microlensing"
"MOA-bin-29 b",2019,"Microlensing"
"2MASS J21252752-8138278 b",2024,"Imaging"
"Kepler-707 b",2016,"Transit"
"Kepler-262 b",2014,"Transit"
"Kepler-265 c",2014,"Transit"
"HD 18143 b",2022,"Radial Velocity"
"Kepler-1572 b",2016,"Transit"
"Kepler-352 c",2014,"Transit"
"Kepler-278 c",2014,"Transit"
"WASP-157 b",2016,"Transit"
"KMT-2023-BLG-0469L b",2024,"Microlensing"
"WISPIT 2 c",2026,"Imaging"
"KMT-2016-BLG-2364L b",2020,"Microlensing"
"KMT-2018-BLG-1988L b",2022,"Microlensing"
"Kepler-400 c",2014,"Transit"
"TOI-3288 b",2025,"Transit"
"K2-222 b",2018,"Transit"
"Kepler-1683 b",2020,"Transit"
"Kepler-1634 b",2016,"Transit"
"Kepler-122 b",2014,"Transit"
"HD 202772 A b",2019,"Transit"
"HD 89839 b",2023,"Radial Velocity"
"HD 181433 d",2008,"Radial Velocity"
"TOI-2094 b",2026,"Transit"
"TOI-5916 b",2026,"Transit"
"TOI-5292 A b",2026,"Transit"
"Kepler-271 d",2016,"Transit"
"OGLE-2017-BLG-1275L b",2024,"Microlensing"
"GJ 273 c",2017,"Radial Velocity"
"KMT-2021-BLG-0748L b",2022,"Microlensing"
"Kepler-446 c",2015,"Transit"
"KMT-2023-BLG-1642L b",2024,"Microlensing"
"MOA-2010-BLG-117L b",2018,"Microlensing"
"HD 22532 b",2022,"Radial Velocity"
"Kepler-235 c",2014,"Transit"
"HD 2039 b",2002,"Radial Velocity"
"TIC 87422071 b",2026,"Transit"
"Kepler-697 b",2016,"Transit"
"Kepler-99 b",2014,"Transit"
"Kepler-1835 b",2021,"Transit"
"Kepler-1555 b",2016,"Transit"
"Kepler-783 c",2020,"Transit"
"HD 38529 c",2000,"Radial Velocity"
"EPIC 220674823 b",2016,"Transit"
"KMT-2018-BLG-1990L b",2019,"Microlensing"
"K2-247 c",2018,"Transit"
"TOI-904 b",2023,"Transit"
"TOI-904 c",2023,"Transit"
"TIC 245076932 b",2026,"Transit"
"OGLE-2014-BLG-1722L b",2018,"Microlensing"
"KMT-2016-BLG-1820L b",2018,"Microlensing"
"PSR B1620-26 b",2003,"Pulsar Timing"
"OGLE-2007-BLG-349L AB c",2016,"Microlensing"
"Kepler-1851 b",2021,"Transit"
"Kepler-1104 b",2016,"Transit"
"HD 217107 b",1998,"Radial Velocity"
"Kepler-1901 b",2021,"Transit"
"Kepler-860 b",2016,"Transit"
"Kepler-1604 b",2016,"Transit"
"Kepler-804 b",2016,"Transit"
"HD 39194 d",2021,"Radial Velocity"
"WASP-107 b",2017,"Transit"
"TOI-1080 b",2026,"Transit"
"WASP-107 c",2020,"Radial Velocity"
"TOI-2076 b",2021,"Transit"
"HIP 99770 b",2023,"Imaging"
"TOI-2076 c",2021,"Transit"
"K2-79 b",2016,"Transit"
"TOI-4342 b",2023,"Transit"
"TOI-4336 A b",2024,"Transit"
"TOI-4342 c",2023,"Transit"
"TOI-1135 b",2024,"Transit"
"K2-19 d",2016,"Transit"
"KMT-2021-BLG-1554L b",2022,"Microlensing"
"Kepler-203 d",2014,"Transit"
"KMT-2021-BLG-1303L b",2022,"Microlensing"
"TOI-4336 A c",2026,"Transit"
"Kepler-1221 b",2016,"Transit"
"TOI-2076 d",2021,"Transit"
"TOI-672 b",2023,"Transit"
"K2-111 b",2017,"Transit"
"HD 181433 b",2008,"Radial Velocity"
"Kepler-920 c",2016,"Transit"
"Kepler-750 b",2016,"Transit"
"Kepler-955 b",2016,"Transit"
"TOI-2529 b",2024,"Transit"
"Kepler-1943 b",2021,"Transit"
"TYC 8998-760-1 b",2020,"Imaging"
"KMT-2021-BLG-1770L b",2023,"Microlensing"
"OGLE-2011-BLG-0265L b",2015,"Microlensing"
"OGLE-2018-BLG-0740L b",2019,"Microlensing"
"KMT-2017-BLG-2509L b",2021,"Microlensing"
"Kepler-651 b",2016,"Transit"
"OGLE-2018-BLG-0932L b",2022,"Microlensing"
"OGLE-2014-BLG-0124L b",2015,"Microlensing"
"HD 331093 b",2021,"Radial Velocity"
"Kepler-1879 b",2021,"Transit"
"TOI-815 b",2024,"Transit"
"OGLE-TR-182 b",2007,"Transit"
"Kepler-364 c",2014,"Transit"
"Kepler-828 b",2016,"Transit"
"Kepler-229 b",2014,"Transit"
"Kepler-1689 b",2020,"Transit"
"OGLE-2018-BLG-0567L b",2021,"Microlensing"
"OGLE-2019-BLG-1053L b",2021,"Microlensing"
"Kepler-29 b",2011,"Transit"
"OGLE-2019-BLG-0468L c",2022,"Microlensing"
"KMT-2021-BLG-1898L b",2022,"Microlensing"
"KMT-2024-BLG-0404L b",2025,"Microlensing"
"KMT-2019-BLG-1042L b",2022,"Microlensing"
"MOA-2016-BLG-227L b",2017,"Microlensing"
"HD 179949 b",2000,"Radial Velocity"
"Kepler-629 b",2016,"Transit"
"Kepler-1384 b",2016,"Transit"
"Kepler-847 b",2016,"Transit"
"NGTS-27 b",2024,"Transit"
"Kepler-1262 b",2016,"Transit"
"Kepler-764 b",2016,"Transit"
"Kepler-782 b",2016,"Transit"
"Kepler-824 b",2016,"Transit"
"HD 60532 b",2008,"Radial Velocity"
"HD 60532 c",2008,"Radial Velocity"
"Kepler-743 b",2016,"Transit"
"Kepler-821 b",2016,"Transit"
"TOI-4633 c",2024,"Transit"
"TOI-776 c",2020,"Transit"
"K2-19 c",2015,"Transit"
"K2-19 b",2015,"Transit"
"Kepler-749 b",2016,"Transit"
"Kepler-820 b",2016,"Transit"
"OGLE-2015-BLG-0051L b",2016,"Microlensing"
"Kepler-56 d",2016,"Radial Velocity"
"Kepler-755 b",2016,"Transit"
"Kepler-816 b",2016,"Transit"
"Kepler-791 b",2016,"Transit"
"Kepler-793 b",2016,"Transit"
"OGLE-2012-BLG-0950L b",2016,"Microlensing"
"HD 42618 b",2016,"Radial Velocity"
"Kepler-757 b",2016,"Transit"
"Kepler-759 b",2016,"Transit"
"Kepler-815 b",2016,"Transit"
"Kepler-790 b",2016,"Transit"
"Kepler-787 b",2016,"Transit"
"TYC 3667-1280-1 b",2016,"Radial Velocity"
"Kepler-26 b",2011,"Transit"
"Kepler-760 b",2016,"Transit"
"Kepler-502 b",2016,"Transit"
"Kepler-812 b",2016,"Transit"
"Kepler-811 b",2016,"Transit"
"Kepler-484 b",2016,"Transit"
"Kepler-26 c",2011,"Transit"
"Kepler-474 b",2016,"Transit"
"Kepler-768 b",2016,"Transit"
"Kepler-810 b",2016,"Transit"
"Kepler-827 b",2016,"Transit"
"Kepler-458 c",2016,"Transit"
"Kepler-307 c",2013,"Transit"
"Kepler-500 b",2016,"Transit"
"Kepler-806 b",2016,"Transit"
"Kepler-831 b",2016,"Transit"
"Kepler-779 b",2016,"Transit"
"Kepler-803 b",2016,"Transit"
"Kepler-802 b",2016,"Transit"
"Kepler-830 b",2016,"Transit"
"Kepler-829 b",2016,"Transit"
"Kepler-477 b",2016,"Transit"
"Kepler-505 b",2016,"Transit"
"Kepler-499 b",2016,"Transit"
"HD 141399 b",2014,"Radial Velocity"
"HD 141399 c",2014,"Radial Velocity"
"Kepler-745 b",2016,"Transit"
"Kepler-848 b",2016,"Transit"
"Kepler-794 b",2016,"Transit"
"Kepler-796 b",2016,"Transit"
"HD 141399 e",2014,"Radial Velocity"
"HD 108236 e",2020,"Transit"
"TOI-1233.01",2021,"Transit"
"2MASS J01033563-5515561 AB b",2013,"Imaging"
"TOI-451 b",2020,"Transit"
"Kepler-753 b",2016,"Transit"
"Kepler-752 b",2016,"Transit"
"Kepler-846 b",2016,"Transit"
"Kepler-845 b",2016,"Transit"
"Kepler-771 b",2016,"Transit"
"Kepler-773 b",2016,"Transit"
"Kepler-844 b",2016,"Transit"
"Kepler-843 b",2016,"Transit"
"TOI-663 d",2024,"Transit"
"Kepler-767 b",2016,"Transit"
"Kepler-774 b",2016,"Transit"
"Kepler-841 b",2016,"Transit"
"Kepler-842 b",2016,"Transit"
"Kepler-839 b",2016,"Transit"
"HD 133131 A b",2016,"Radial Velocity"
"Kepler-770 b",2016,"Transit"
"Kepler-769 b",2016,"Transit"
"HD 133131 B b",2016,"Radial Velocity"
"TOI-5082.01",2024,"Transit"
"Kepler-744 b",2016,"Transit"
"Kepler-765 b",2016,"Transit"
"Kepler-834 b",2016,"Transit"
"Kepler-832 b",2016,"Transit"
"TOI-4527.01",2024,"Transit"
"Kepler-912 b",2016,"Transit"
"Kepler-1017 b",2016,"Transit"
"Kepler-980 b",2016,"Transit"
"Kepler-983 b",2016,"Transit"
"Kepler-870 b",2016,"Transit"
"Kepler-869 b",2016,"Transit"
"Kepler-913 b",2016,"Transit"
"Kepler-910 b",2016,"Transit"
"Kepler-964 b",2016,"Transit"
"Kepler-866 b",2016,"Transit"
"Kepler-915 b",2016,"Transit"
"Kepler-914 b",2016,"Transit"
"Kepler-1051 b",2016,"Transit"
"Kepler-1058 b",2016,"Transit"
"Kepler-863 b",2016,"Transit"
"Kepler-923 b",2016,"Transit"
"Kepler-916 b",2016,"Transit"
"Kepler-950 b",2016,"Transit"
"Kepler-1029 b",2016,"Transit"
"Kepler-958 b",2016,"Transit"
"Kepler-861 b",2016,"Transit"
"Kepler-862 b",2016,"Transit"
"Kepler-927 b",2016,"Transit"
"Kepler-962 b",2016,"Transit"
"TOI-1855 b",2024,"Transit"
"Kepler-930 b",2016,"Transit"
"Kepler-929 b",2016,"Transit"
"Kepler-965 b",2016,"Transit"
"Kepler-979 b",2016,"Transit"
"Kepler-932 b",2016,"Transit"
"Kepler-931 b",2016,"Transit"
"Kepler-1006 b",2016,"Transit"
"Kepler-990 b",2016,"Transit"
"Kepler-892 b",2016,"Transit"
"Kepler-895 b",2016,"Transit"
"Kepler-507 b",2016,"Transit"
"Kepler-1027 b",2016,"Transit"
"Kepler-982 b",2016,"Transit"
"Kepler-897 b",2016,"Transit"
"Kepler-898 b",2016,"Transit"
"Kepler-938 b",2016,"Transit"
"Kepler-986 b",2016,"Transit"
"Kepler-978 b",2016,"Transit"
"Kepler-960 b",2016,"Transit"
"Kepler-976 b",2016,"Transit"
"Kepler-899 b",2016,"Transit"
"Kepler-1015 b",2016,"Transit"
"Kepler-1002 b",2016,"Transit"
"Kepler-889 b",2016,"Transit"
"Kepler-903 b",2016,"Transit"
"Kepler-904 b",2016,"Transit"
"Kepler-918 b",2016,"Transit"
"Kepler-920 b",2016,"Transit"
"Kepler-961 b",2016,"Transit"
"Kepler-972 b",2016,"Transit"
"Kepler-886 b",2016,"Transit"
"Kepler-885 b",2016,"Transit"
"Kepler-906 b",2016,"Transit"
"Kepler-466 c",2016,"Transit"
"Kepler-921 b",2016,"Transit"
"Kepler-943 b",2016,"Transit"
"Kepler-946 b",2016,"Transit"
"Kepler-1014 b",2016,"Transit"
"Kepler-852 b",2016,"Transit"
"Kepler-884 b",2016,"Transit"
"Kepler-529 c",2016,"Transit"
"Kepler-944 b",2016,"Transit"
"Kepler-942 b",2016,"Transit"
"Kepler-1010 b",2016,"Transit"
"Kepler-882 b",2016,"Transit"
"Kepler-255 d",2016,"Transit"
"Kepler-758 c",2016,"Transit"
"Kepler-1034 b",2016,"Transit"
"Kepler-1013 b",2016,"Transit"
"Kepler-1054 b",2016,"Transit"
"Kepler-760 c",2016,"Transit"
"Kepler-271 c",2014,"Transit"
"Kepler-967 b",2016,"Transit"
"Kepler-995 b",2016,"Transit"
"TOI-2368 b",2024,"Transit"
"Kepler-1033 b",2016,"Transit"
"Kepler-876 b",2016,"Transit"
"Kepler-875 b",2016,"Transit"
"Kepler-732 c",2016,"Transit"
"Kepler-1060 b",2016,"Transit"
"Kepler-1008 b",2016,"Transit"
"Kepler-1055 b",2016,"Transit"
"Kepler-1045 b",2016,"Transit"
"Kepler-872 b",2016,"Transit"
"Kepler-1071 b",2016,"Transit"
"Kepler-1139 b",2016,"Transit"
"Kepler-1180 b",2016,"Transit"
"Kepler-991 b",2016,"Transit"
"Kepler-1141 b",2016,"Transit"
"Kepler-1140 b",2016,"Transit"
"Kepler-1183 b",2016,"Transit"
"Kepler-1192 b",2016,"Transit"
"Kepler-1028 b",2016,"Transit"
"Kepler-1004 b",2016,"Transit"
"Kepler-1072 b",2016,"Transit"
"TOI-3919 b",2024,"Transit"
"Kepler-1065 b",2016,"Transit"
"Kepler-1077 b",2016,"Transit"
"Kepler-1194 b",2016,"Transit"
"Kepler-1197 b",2016,"Transit"
"Kepler-1146 b",2016,"Transit"
"Kepler-1144 b",2016,"Transit"
"Kepler-1079 b",2016,"Transit"
"Kepler-1066 b",2016,"Transit"
"Kepler-1198 b",2016,"Transit"
"Kepler-1199 b",2016,"Transit"
"Kepler-968 b",2016,"Transit"
"Kepler-1047 b",2016,"Transit"
"Kepler-1148 b",2016,"Transit"
"Kepler-1147 b",2016,"Transit"
"Kepler-1081 b",2016,"Transit"
"Kepler-1062 b",2016,"Transit"
"Kepler-1063 b",2016,"Transit"
"Kepler-1064 b",2016,"Transit"
"Kepler-1084 b",2016,"Transit"
"Kepler-1087 b",2016,"Transit"
"Kepler-1207 b",2016,"Transit"
"Kepler-1209 b",2016,"Transit"
"Kepler-1114 b",2016,"Transit"
"Kepler-1115 b",2016,"Transit"
"Kepler-1154 b",2016,"Transit"
"Kepler-1089 b",2016,"Transit"
"Kepler-1216 b",2016,"Transit"
"Kepler-1215 b",2016,"Transit"
"Kepler-1117 b",2016,"Transit"
"Kepler-1156 b",2016,"Transit"
"Kepler-1092 b",2016,"Transit"
"Kepler-1093 b",2016,"Transit"
"Kepler-1210 b",2016,"Transit"
"Kepler-1212 b",2016,"Transit"
"Kepler-1120 b",2016,"Transit"
"Kepler-1159 b",2016,"Transit"
"Kepler-1160 b",2016,"Transit"
"Kepler-1096 b",2016,"Transit"
"Kepler-1094 b",2016,"Transit"
"Kepler-1214 b",2016,"Transit"
"Kepler-1122 b",2016,"Transit"
"Kepler-1124 b",2016,"Transit"
"Kepler-1161 b",2016,"Transit"
"Kepler-1097 b",2016,"Transit"
"Kepler-1098 b",2016,"Transit"
"Kepler-1046 b",2016,"Transit"
"TOI-4153 b",2024,"Transit"
"Kepler-1125 b",2016,"Transit"
"Kepler-1166 b",2016,"Transit"
"Kepler-1164 b",2016,"Transit"
"Kepler-1102 b",2016,"Transit"
"Kepler-1100 b",2016,"Transit"
"Kepler-1000 b",2016,"Transit"
"Kepler-1127 b",2016,"Transit"
"Kepler-1128 b",2016,"Transit"
"Kepler-1073 b",2016,"Transit"
"Kepler-1169 b",2016,"Transit"
"Kepler-1106 b",2016,"Transit"
"Kepler-1037 b",2016,"Transit"
"Kepler-1131 b",2016,"Transit"
"Kepler-1132 b",2016,"Transit"
"Kepler-480 b",2016,"Transit"
"Kepler-1108 b",2016,"Transit"
"Kepler-1109 b",2016,"Transit"
"Kepler-994 b",2016,"Transit"
"Kepler-1133 b",2016,"Transit"
"Kepler-1172 b",2016,"Transit"
"Kepler-1173 b",2016,"Transit"
"Kepler-1111 b",2016,"Transit"
"Kepler-1049 b",2016,"Transit"
"Kepler-1135 b",2016,"Transit"
"Kepler-478 b",2016,"Transit"
"Kepler-1175 b",2016,"Transit"
"Kepler-1174 b",2016,"Transit"
"Kepler-508 b",2016,"Transit"
"Kepler-954 b",2016,"Transit"
"Kepler-1050 b",2016,"Transit"
"Kepler-1136 b",2016,"Transit"
"Kepler-1177 b",2016,"Transit"
"Kepler-1075 b",2016,"Transit"
"Kepler-1186 b",2016,"Transit"
"Kepler-1188 b",2016,"Transit"
"Kepler-1001 b",2016,"Transit"
"Kepler-1277 b",2016,"Transit"
"Kepler-1276 b",2016,"Transit"
"Kepler-1323 b",2016,"Transit"
"Kepler-1322 b",2016,"Transit"
"Kepler-1368 b",2016,"Transit"
"Kepler-1236 b",2016,"Transit"
"Kepler-1280 b",2016,"Transit"
"Kepler-1279 b",2016,"Transit"
"Kepler-1281 b",2016,"Transit"
"Kepler-1327 b",2016,"Transit"
"Kepler-1325 b",2016,"Transit"
"Kepler-1372 b",2016,"Transit"
"Kepler-1239 b",2016,"Transit"
"Kepler-1283 b",2016,"Transit"
"Kepler-1330 b",2016,"Transit"
"Kepler-1373 b",2016,"Transit"
"Kepler-1374 b",2016,"Transit"
"Kepler-1287 b",2016,"Transit"
"Kepler-1333 b",2016,"Transit"
"Kepler-1332 b",2016,"Transit"
"Kepler-528 b",2016,"Transit"
"Kepler-1376 b",2016,"Transit"
"Kepler-1289 b",2016,"Transit"
"Kepler-1335 b",2016,"Transit"
"Kepler-1334 b",2016,"Transit"
"Kepler-1377 b",2016,"Transit"
"Kepler-1378 b",2016,"Transit"
"Kepler-1247 b",2016,"Transit"
"Kepler-520 b",2016,"Transit"
"Kepler-1291 b",2016,"Transit"
"Kepler-1292 b",2016,"Transit"
"Kepler-1337 b",2016,"Transit"
"Kepler-1381 b",2016,"Transit"
"Kepler-1248 b",2016,"Transit"
"Kepler-1251 b",2016,"Transit"
"Kepler-1293 b",2016,"Transit"
"Kepler-1341 b",2016,"Transit"
"Kepler-1342 b",2016,"Transit"
"Kepler-1388 b",2016,"Transit"
"Kepler-1252 b",2016,"Transit"
"Kepler-1253 b",2016,"Transit"
"Kepler-1295 b",2016,"Transit"
"Kepler-1344 b",2016,"Transit"
"Kepler-1343 b",2016,"Transit"
"Kepler-1379 b",2016,"Transit"
"Kepler-1382 b",2016,"Transit"
"Kepler-1256 b",2016,"Transit"
"Kepler-1254 b",2016,"Transit"
"Kepler-1347 b",2016,"Transit"
"Kepler-1346 b",2016,"Transit"
"Kepler-1386 b",2016,"Transit"
"Kepler-1259 b",2016,"Transit"
"Kepler-1257 b",2016,"Transit"
"Kepler-616 c",2016,"Transit"
"Kepler-1300 b",2016,"Transit"
"Kepler-1350 b",2016,"Transit"
"Kepler-1351 b",2016,"Transit"
"Kepler-516 b",2016,"Transit"
"Kepler-1217 b",2016,"Transit"
"Kepler-1218 b",2016,"Transit"
"Kepler-1261 b",2016,"Transit"
"Kepler-1263 b",2016,"Transit"
"Kepler-1303 b",2016,"Transit"
"Kepler-1305 b",2016,"Transit"
"Kepler-521 b",2016,"Transit"
"Kepler-1219 b",2016,"Transit"
"Kepler-1220 b",2016,"Transit"
"Kepler-1264 b",2016,"Transit"
"Kepler-1265 b",2016,"Transit"
"Kepler-1223 b",2016,"Transit"
"Kepler-1224 b",2016,"Transit"
"Kepler-1268 b",2016,"Transit"
"Kepler-1266 b",2016,"Transit"
"Kepler-1309 b",2016,"Transit"
"Kepler-517 b",2016,"Transit"
"Kepler-1358 b",2016,"Transit"
"Kepler-1359 b",2016,"Transit"
"Kepler-1225 b",2016,"Transit"
"Kepler-1270 b",2016,"Transit"
"Kepler-1314 b",2016,"Transit"
"Kepler-1362 b",2016,"Transit"
"Kepler-1363 b",2016,"Transit"
"Kepler-1227 b",2016,"Transit"
"Kepler-1228 b",2016,"Transit"
"Kepler-1316 b",2016,"Transit"
"Kepler-1318 b",2016,"Transit"
"Kepler-1364 b",2016,"Transit"
"Kepler-1366 b",2016,"Transit"
"Kepler-1231 b",2016,"Transit"
"Kepler-523 b",2016,"Transit"
"Kepler-1274 b",2016,"Transit"
"Kepler-1367 b",2016,"Transit"
"Kepler-1235 b",2016,"Transit"
"Kepler-1424 b",2016,"Transit"
"Kepler-1426 b",2016,"Transit"
"Kepler-556 b",2016,"Transit"
"Kepler-1586 b",2016,"Transit"
"Kepler-770 d",2016,"Transit"
"Kepler-783 b",2016,"Transit"
"Kepler-1427 b",2016,"Transit"
"Kepler-1428 b",2016,"Transit"
"Kepler-541 b",2016,"Transit"
"Kepler-1165 b",2016,"Transit"
"Kepler-1553 b",2016,"Transit"
"Kepler-1588 b",2016,"Transit"
"Kepler-1589 b",2016,"Transit"
"Kepler-1432 b",2016,"Transit"
"Kepler-1556 b",2016,"Transit"
"Kepler-1590 b",2016,"Transit"
"Kepler-398 d",2016,"Transit"
"Kepler-1321 c",2016,"Transit"
"Kepler-1433 b",2016,"Transit"
"Kepler-1557 b",2016,"Transit"
"Kepler-1178 b",2016,"Transit"
"Kepler-1592 b",2016,"Transit"
"Kepler-1365 c",2016,"Transit"
"Kepler-1370 c",2016,"Transit"
"Kepler-1336 c",2016,"Transit"
"Kepler-1558 b",2016,"Transit"
"Kepler-1594 b",2016,"Transit"
"Kepler-1595 b",2016,"Transit"
"Kepler-1388 c",2016,"Transit"
"Kepler-1439 b",2016,"Transit"
"Kepler-1438 b",2016,"Transit"
"Kepler-1440 b",2016,"Transit"
"Kepler-576 b",2016,"Transit"
"Kepler-1596 b",2016,"Transit"
"Kepler-577 b",2016,"Transit"
"Kepler-1393 b",2016,"Transit"
"Kepler-1394 b",2016,"Transit"
"Kepler-1441 b",2016,"Transit"
"Kepler-511 b",2016,"Transit"
"Kepler-1563 b",2016,"Transit"
"Kepler-1564 b",2016,"Transit"
"Kepler-1603 b",2016,"Transit"
"Kepler-1395 b",2016,"Transit"
"Kepler-1565 b",2016,"Transit"
"Kepler-1567 b",2016,"Transit"
"Kepler-1598 b",2016,"Transit"
"Kepler-1599 b",2016,"Transit"
"Kepler-1399 b",2016,"Transit"
"Kepler-684 b",2016,"Transit"
"Kepler-605 c",2016,"Transit"
"Kepler-1569 b",2016,"Transit"
"Kepler-687 b",2016,"Transit"
"Kepler-1597 b",2016,"Transit"
"Kepler-1402 b",2016,"Transit"
"Kepler-610 c",2016,"Transit"
"Kepler-1571 b",2016,"Transit"
"Kepler-1389 b",2016,"Transit"
"Kepler-1405 b",2016,"Transit"
"Kepler-1406 b",2016,"Transit"
"Kepler-625 c",2016,"Transit"
"Kepler-217 d",2016,"Transit"
"Kepler-1573 b",2016,"Transit"
"Kepler-1574 b",2016,"Transit"
"Kepler-758 d",2016,"Transit"
"Kepler-533 b",2016,"Transit"
"Kepler-1407 b",2016,"Transit"
"Kepler-653 c",2016,"Transit"
"Kepler-1541 b",2016,"Transit"
"Kepler-1245 c",2016,"Transit"
"Kepler-1050 c",2016,"Transit"
"Kepler-534 b",2016,"Transit"
"Kepler-1412 b",2016,"Transit"
"Kepler-1413 b",2016,"Transit"
"Kepler-1542 b",2016,"Transit"
"TOI-5301 b",2024,"Transit"
"Kepler-536 b",2016,"Transit"
"Kepler-1414 b",2016,"Transit"
"Kepler-1415 b",2016,"Transit"
"Kepler-1545 b",2016,"Transit"
"Kepler-1254 d",2016,"Transit"
"Kepler-555 b",2016,"Transit"
"Kepler-245 e",2016,"Transit"
"Kepler-1417 b",2016,"Transit"
"Kepler-1418 b",2016,"Transit"
"Kepler-1548 b",2016,"Transit"
"Kepler-1579 b",2016,"Transit"
"Kepler-903 c",2016,"Transit"
"Kepler-1419 b",2016,"Transit"
"Kepler-1154 c",2016,"Transit"
"Kepler-1583 b",2016,"Transit"
"Kepler-1582 b",2016,"Transit"
"Kepler-1584 b",2016,"Transit"
"Kepler-1469 b",2016,"Transit"
"Kepler-633 b",2016,"Transit"
"Kepler-1511 b",2016,"Transit"
"Kepler-1525 b",2016,"Transit"
"Kepler-1617 b",2016,"Transit"
"Kepler-1470 b",2016,"Transit"
"Kepler-132 e",2016,"Transit"
"Kepler-695 b",2016,"Transit"
"Kepler-704 b",2016,"Transit"
"Kepler-1527 b",2016,"Transit"
"Kepler-1618 b",2016,"Transit"
"Kepler-630 b",2016,"Transit"
"Kepler-1472 b",2016,"Transit"
"Kepler-622 b",2016,"Transit"
"Kepler-967 c",2016,"Transit"
"Kepler-154 e",2016,"Transit"
"Kepler-1529 b",2016,"Transit"
"Kepler-1090 b",2016,"Transit"
"Kepler-1619 b",2016,"Transit"
"Kepler-1477 b",2016,"Transit"
"Kepler-598 b",2016,"Transit"
"Kepler-1530 b",2016,"Transit"
"Kepler-1530 c",2016,"Transit"
"Kepler-692 b",2016,"Transit"
"Kepler-1622 b",2016,"Transit"
"Kepler-1479 b",2016,"Transit"
"Kepler-1480 b",2016,"Transit"
"Kepler-969 c",2016,"Transit"
"Kepler-990 c",2016,"Transit"
"Kepler-1093 c",2016,"Transit"
"Kepler-1531 b",2016,"Transit"
"Kepler-631 b",2016,"Transit"
"Kepler-1623 b",2016,"Transit"
"Kepler-1481 b",2016,"Transit"
"Kepler-1483 b",2016,"Transit"
"Kepler-636 b",2016,"Transit"
"Kepler-489 b",2016,"Transit"
"Kepler-1016 c",2016,"Transit"
"Kepler-705 b",2016,"Transit"
"Kepler-1536 b",2016,"Transit"
"Kepler-632 b",2016,"Transit"
"Kepler-545 b",2016,"Transit"
"Kepler-1486 b",2016,"Transit"
"Kepler-342 e",2016,"Transit"
"Kepler-582 b",2016,"Transit"
"Kepler-1409 b",2016,"Transit"
"Kepler-1444 b",2016,"Transit"
"Kepler-581 b",2016,"Transit"
"Kepler-1516 b",2016,"Transit"
"Kepler-600 b",2016,"Transit"
"Kepler-1537 b",2016,"Transit"
"Kepler-1447 b",2016,"Transit"
"Kepler-1488 b",2016,"Transit"
"WASP-156 b",2017,"Transit"
"Kepler-1538 b",2016,"Transit"
"Kepler-1448 b",2016,"Transit"
"Kepler-1493 b",2016,"Transit"
"Kepler-1519 b",2016,"Transit"
"Kepler-688 b",2016,"Transit"
"Kepler-1450 b",2016,"Transit"
"Kepler-1494 b",2016,"Transit"
"Kepler-1495 b",2016,"Transit"
"Kepler-1520 b",2016,"Transit"
"Kepler-637 b",2016,"Transit"
"Kepler-1607 b",2016,"Transit"
"Kepler-1496 b",2016,"Transit"
"Kepler-937 c",2016,"Transit"
"Kepler-1065 c",2016,"Transit"
"Kepler-1067 b",2016,"Transit"
"Kepler-578 b",2016,"Transit"
"Kepler-689 b",2016,"Transit"
"Kepler-1460 b",2016,"Transit"
"Kepler-1498 b",2016,"Transit"
"Kepler-1073 c",2016,"Transit"
"Kepler-701 b",2016,"Transit"
"Kepler-1611 b",2016,"Transit"
"Kepler-624 b",2016,"Transit"
"Kepler-1462 b",2016,"Transit"
"Kepler-1500 b",2016,"Transit"
"Kepler-1522 b",2016,"Transit"
"Kepler-625 b",2016,"Transit"
"Kepler-1612 b",2016,"Transit"
"Kepler-1464 b",2016,"Transit"
"Kepler-1464 c",2016,"Transit"
"Kepler-1504 b",2016,"Transit"
"Kepler-1505 b",2016,"Transit"
"Kepler-1523 b",2016,"Transit"
"Kepler-1085 b",2016,"Transit"
"Kepler-1613 b",2016,"Transit"
"Kepler-1614 b",2016,"Transit"
"Kepler-1468 b",2016,"Transit"
"Kepler-1507 b",2016,"Transit"
"Kepler-1509 b",2016,"Transit"
"Kepler-1086 c",2016,"Transit"
"Kepler-1524 b",2016,"Transit"
"Kepler-1616 b",2016,"Transit"
"Kepler-1645 b",2016,"Transit"
"Kepler-741 b",2016,"Transit"
"Kepler-564 b",2016,"Transit"
"Kepler-594 b",2016,"Transit"
"Kepler-154 d",2016,"Transit"
"Kepler-642 b",2016,"Transit"
"Kepler-643 b",2016,"Transit"
"Kepler-726 b",2016,"Transit"
"Kepler-1143 c",2016,"Transit"
"Kepler-148 d",2016,"Transit"
"Kepler-673 b",2016,"Transit"
"Kepler-674 b",2016,"Transit"
"Kepler-712 b",2016,"Transit"
"Kepler-1628 b",2016,"Transit"
"Kepler-1388 e",2016,"Transit"
"Kepler-655 b",2016,"Transit"
"Kepler-565 b",2016,"Transit"
"Kepler-676 b",2016,"Transit"
"Kepler-675 b",2016,"Transit"
"Kepler-1630 b",2016,"Transit"
"Kepler-1482 b",2016,"Transit"
"Kepler-587 b",2016,"Transit"
"Kepler-657 b",2016,"Transit"
"Kepler-483 b",2016,"Transit"
"Kepler-572 b",2016,"Transit"
"Kepler-714 b",2016,"Transit"
"Kepler-623 b",2016,"Transit"
"Kepler-658 b",2016,"Transit"
"Kepler-680 b",2016,"Transit"
"Kepler-1633 b",2016,"Transit"
"Kepler-605 b",2016,"Transit"
"Kepler-727 b",2016,"Transit"
"Kepler-588 b",2016,"Transit"
"Kepler-589 b",2016,"Transit"
"Kepler-573 b",2016,"Transit"
"Kepler-596 b",2016,"Transit"
"Kepler-715 b",2016,"Transit"
"Kepler-716 b",2016,"Transit"
"Kepler-1185 b",2016,"Transit"
"Kepler-660 b",2016,"Transit"
"Kepler-496 b",2016,"Transit"
"HD 63935 c",2021,"Radial Velocity"
"Kepler-1636 b",2016,"Transit"
"Kepler-561 b",2016,"Transit"
"Kepler-728 b",2016,"Transit"
"Kepler-566 b",2016,"Transit"
"Kepler-550 b",2016,"Transit"
"Kepler-574 b",2016,"Transit"
"Kepler-585 b",2016,"Transit"
"Kepler-611 b",2016,"Transit"
"Kepler-729 b",2016,"Transit"
"Kepler-662 b",2016,"Transit"
"Kepler-551 b",2016,"Transit"
"OGLE-2012-BLG-0724L b",2016,"Microlensing"
"Kepler-1638 b",2016,"Transit"
"Kepler-586 b",2016,"Transit"
"HIP 97166 c",2021,"Radial Velocity"
"TOI-1601 b",2021,"Transit"
"TOI-1444 b",2021,"Transit"
"Kepler-618 b",2016,"Transit"
"Kepler-601 b",2016,"Transit"
"Kepler-645 b",2016,"Transit"
"Kepler-719 b",2016,"Transit"
"Kepler-612 b",2016,"Transit"
"Kepler-590 b",2016,"Transit"
"Kepler-552 b",2016,"Transit"
"Kepler-1454 b",2016,"Transit"
"Kepler-460 c",2016,"Transit"
"Kepler-646 b",2016,"Transit"
"Kepler-735 b",2016,"Transit"
"Kepler-591 b",2016,"Transit"
"TOI-1842 b",2021,"Transit"
"HIP 97166 b",2021,"Transit"
"Kepler-602 b",2016,"Transit"
"Kepler-721 b",2016,"Transit"
"Kepler-722 b",2016,"Transit"
"Kepler-568 b",2016,"Transit"
"Kepler-569 b",2016,"Transit"
"TOI-1296 b",2021,"Transit"
"TOI-1298 b",2021,"Transit"
"Kepler-615 b",2016,"Transit"
"Kepler-593 b",2016,"Transit"
"Kepler-592 b",2016,"Transit"
"Kepler-709 b",2016,"Transit"
"Kepler-1625 b",2016,"Transit"
"Kepler-1642 b",2016,"Transit"
"Kepler-1642 c",2016,"Transit"
"Kepler-652 b",2016,"Transit"
"Kepler-737 b",2016,"Transit"
"Kepler-669 b",2016,"Transit"
"Kepler-558 b",2016,"Transit"
"Kepler-609 b",2016,"Transit"
"Kepler-724 b",2016,"Transit"
"Kepler-1646 b",2016,"Transit"
"Kepler-710 b",2016,"Transit"
"K2-88 b",2016,"Transit"
"K2-89 b",2016,"Transit"
"K2-116 b",2017,"Transit"
"K2-102 b",2016,"Transit"
"K2-5 b",2015,"Transit"
"K2-5 c",2015,"Transit"
"K2-91 b",2016,"Transit"
"K2-72 c",2016,"Transit"
"K2-16 b",2015,"Transit"
"K2-16 c",2015,"Transit"
"Kepler-223 e",2014,"Transit"
"Kepler-223 b",2014,"Transit"
"Kepler-223 d",2014,"Transit"
"K2-81 b",2016,"Transit"
"TOI-1451 b",2024,"Transit"
"TOI-2267 d",2025,"Transit"
"KMT-2024-BLG-2005L b",2026,"Microlensing"
"NGC 2682 YBP 1194 b",2014,"Radial Velocity"
"NGC 2682 YBP 1514 b",2014,"Radial Velocity"
"Kepler-80 d",2014,"Transit"
"GJ 1148 b",2010,"Radial Velocity"
"K2-90 c",2016,"Transit"
"GJ 1148 c",2017,"Radial Velocity"
"TOI-1753 b",2024,"Transit"
"HD 17674 b",2017,"Radial Velocity"
"HD 42012 b",2017,"Radial Velocity"
"TOI-1776 b",2024,"Transit"
"OGLE-2012-BLG-0026L b",2012,"Microlensing"
"Kepler-80 c",2012,"Transit"
"HD 6061 b",2023,"Transit"
"OGLE-2012-BLG-0026L c",2012,"Microlensing"
"TOI-1443 b",2024,"Transit"
"HD 59686 A b",2016,"Radial Velocity"
"KIC 7917485 b",2016,"Pulsation Timing Variations"
"OGLE-2013-BLG-1721L b",2017,"Microlensing"
"HD 34445 c",2017,"Radial Velocity"
"TOI-329 b",2024,"Transit"
"TOI-2518 b",2026,"Transit"
"K2-46 b",2016,"Transit"
"K2-42 b",2016,"Transit"
"HD 25463 c",2023,"Transit"
"HD 37124 c",2002,"Radial Velocity"
"HD 87646 b",2016,"Radial Velocity"
"HD 34445 g",2017,"Radial Velocity"
"Wolf 1061 c",2015,"Radial Velocity"
"K2-47 b",2016,"Transit"
"K2-48 b",2016,"Transit"
"MXB 1658-298 b",2017,"Eclipse Timing Variations"
"K2-290 b",2019,"Transit"
"TOI-1279 b",2024,"Transit"
"NGC 2682 Sand 978 b",2017,"Radial Velocity"
"GJ 3293 b",2015,"Radial Velocity"
"K2-50 b",2016,"Transit"
"K2-49 b",2016,"Transit"
"HD 219134 d",2015,"Radial Velocity"
"HD 219134 g",2015,"Radial Velocity"
"HD 15337 b",2019,"Transit"
"HAT-P-67 b",2017,"Transit"
"Kepler-1652 b",2017,"Transit"
"GJ 3293 c",2015,"Radial Velocity"
"K2-58 d",2016,"Transit"
"K2-59 c",2016,"Transit"
"HD 9174 b",2016,"Radial Velocity"
"K2-63 c",2016,"Transit"
"K2-63 b",2016,"Transit"
"CoRoT-32 b",2018,"Transit"
"HD 221585 b",2016,"Radial Velocity"
"Kepler-539 c",2016,"Transit Timing Variations"
"K2-64 b",2016,"Transit"
"K2-68 b",2016,"Transit"
"K2-21 b",2015,"Transit"
"Kepler-1647 b",2016,"Transit"
"K2-70 b",2016,"Transit"
"K2-71 b",2016,"Transit"
"K2-118 b",2017,"Transit"
"TOI-1669 b",2023,"Radial Velocity"
"TOI-2379 b",2024,"Transit"
"TOI-2384 b",2024,"Transit"
"TOI-1011 b",2025,"Transit"
"K2-74 b",2016,"Transit"
"K2-75 b",2016,"Transit"
"K2-125 b",2017,"Transit"
"TOI-2485 b",2024,"Transit"
"TOI-2420 b",2024,"Transit"
"K2-83 b",2016,"Transit"
"K2-130 b",2017,"Transit"
"TOI-421 c",2020,"Transit"
"MOA-2010-BLG-353L b",2015,"Microlensing"
"K2-84 b",2016,"Transit"
"K2-84 c",2016,"Transit"
"K2-35 b",2016,"Transit"
"HD 86950 b",2016,"Radial Velocity"
"K2-33 b",2016,"Transit"
"K2-161 b",2018,"Transit"
"K2-160 b",2018,"Transit"
"HD 215152 d",2018,"Radial Velocity"
"TOI-1173 b",2024,"Transit"
"BD+60 1417 b",2021,"Imaging"
"HD 103197 b",2009,"Radial Velocity"
"HD 109246 b",2010,"Radial Velocity"
"OGLE-2016-BLG-1195L b",2017,"Microlensing"
"Kepler-1650 b",2017,"Transit"
"HD 183579 b",2021,"Transit"
"Kepler-1654 b",2018,"Transit"
"HD 121504 b",2003,"Radial Velocity"
"TOI-1824 b",2024,"Transit"
"BD+03 2562 b",2017,"Radial Velocity"
"K2-186 b",2018,"Transit"
"K2-190 c",2018,"Transit"
"TOI-712 c",2022,"Transit"
"K2-231 b",2018,"Transit"
"HD 134987 b",1999,"Radial Velocity"
"HD 137388 b",2011,"Radial Velocity"
"HD 177565 b",2017,"Radial Velocity"
"K2-195 c",2018,"Transit"
"K2-201 b",2018,"Transit"
"TOI-2768 b",2024,"Transit"
"TOI-5319 b",2024,"Transit"
"OGLE-2017-BLG-1522L b",2018,"Microlensing"
"HD 13931 b",2009,"Radial Velocity"
"HD 142245 b",2011,"Radial Velocity"
"HIP 65426 b",2017,"Imaging"
"Ross 128 b",2017,"Radial Velocity"
"K2-201 c",2018,"Transit"
"K2-202 b",2018,"Transit"
"K2-321 b",2020,"Transit"
"GJ 486 b",2021,"Radial Velocity"
"HD 142415 b",2003,"Radial Velocity"
"HD 111591 b",2017,"Radial Velocity"
"OGLE-2016-BLG-1190L b",2017,"Microlensing"
"K2-206 b",2018,"Transit"
"K2-207 b",2018,"Transit"
"TOI-6651 b",2024,"Transit"
"HD 16141 b",2000,"Radial Velocity"
"HD 162020 b",2002,"Radial Velocity"
"OGLE-2016-BLG-0613L AB b",2017,"Microlensing"
"CoRoT-9 b",2009,"Transit"
"K2-209 b",2018,"Transit"
"16 Cyg B b",1996,"Radial Velocity"
"Kepler-80 g",2017,"Transit"
"K2-218 b",2018,"Transit"
"K2-219 b",2018,"Transit"
"HD 215152 b",2018,"Radial Velocity"
"K2-219 c",2018,"Transit"
"K2-219 d",2018,"Transit"
"GJ 86 b",1999,"Radial Velocity"
"TOI-6002 b",2024,"Transit"
"GJ 3138 b",2017,"Radial Velocity"
"HD 7924 c",2015,"Radial Velocity"
"BD-06 1339 c",2013,"Radial Velocity"
"HIP 65891 b",2015,"Radial Velocity"
"K2-227 b",2018,"Transit"
"K2-80 d",2018,"Transit"
"K2-260 b",2018,"Transit"
"K2-261 b",2018,"Transit"
"TOI-1883 b",2024,"Transit"
"GJ 3323 b",2017,"Radial Velocity"
"GJ 3138 d",2017,"Radial Velocity"
"GJ 3323 c",2017,"Radial Velocity"
"TOI-1230.01",2021,"Transit"
"Kepler-289 c",2014,"Transit"
"K2-170 c",2018,"Transit"
"K2-164 b",2018,"Transit"
"GJ 273 b",2017,"Radial Velocity"
"HD 238914 b",2018,"Radial Velocity"
"K2-170 b",2018,"Transit"
"K2-171 b",2018,"Transit"
"K2-77 b",2016,"Transit"
"K2-180 b",2018,"Transit"
"GJ 3293 e",2017,"Radial Velocity"
"GJ 3293 d",2017,"Radial Velocity"
"TYC 3318-01333-1 b",2018,"Radial Velocity"
"K2-172 b",2018,"Transit"
"K2-172 c",2018,"Transit"
"HD 101581 c",2025,"Transit"
"K2-182 b",2018,"Transit"
"K2-97 b",2016,"Transit"
"K2-148 d",2018,"Transit"
"K2-148 b",2018,"Transit"
"K2-191 b",2018,"Transit"
"HD 102117 b",2005,"Radial Velocity"
"Kepler-150 f",2017,"Transit"
"K2-98 b",2016,"Transit"
"K2-114 b",2017,"Transit"
"HD 40307 g",2013,"Radial Velocity"
"HIP 57274 b",2011,"Radial Velocity"
"K2-179 b",2018,"Transit"
"HD 102195 b",2006,"Radial Velocity"
"HD 102329 b",2011,"Radial Velocity"
"K2-277 b",2018,"Transit"
"IRAS 04125+2902 b",2024,"Transit"
"K2-246 b",2018,"Transit"
"HD 240237 b",2011,"Radial Velocity"
"HD 2638 b",2005,"Radial Velocity"
"K2-247 b",2018,"Transit"
"HD 290327 b",2009,"Radial Velocity"
"HD 31253 b",2010,"Radial Velocity"
"HD 77338 b",2012,"Radial Velocity"
"K2-249 b",2018,"Transit"
"K2-248 b",2018,"Transit"
"K2-251 b",2018,"Transit"
"K2-252 b",2018,"Transit"
"K2-385 b",2022,"Transit"
"GJ 143 b",2019,"Transit"
"K2-254 c",2018,"Transit"
"HD 5891 b",2011,"Radial Velocity"
"HD 6434 b",2003,"Radial Velocity"
"K2-239 c",2018,"Transit"
"K2-257 b",2018,"Transit"
"K2-258 b",2018,"Transit"
"IC 4651 9122 b",2018,"Radial Velocity"
"K2-240 c",2018,"Transit"
"K2-240 b",2018,"Transit"
"OGLE-2017-BLG-0482L b",2018,"Microlensing"
"Kepler-289 e",2025,"Transit"
"HD 75289 b",1999,"Radial Velocity"
"HD 76700 b",2002,"Radial Velocity"
"K2-381 b",2022,"Transit"
"TOI-2285 b",2021,"Transit"
"HD 222155 b",2011,"Radial Velocity"
"OGLE-2014-BLG-1722L c",2018,"Microlensing"
"K2-244 b",2018,"Transit"
"K2-158 b",2018,"Transit"
"TOI-7041 b",2025,"Transit"
"HD 89307 b",2009,"Radial Velocity"
"HD 96127 b",2011,"Radial Velocity"
"K2-159 b",2018,"Transit"
"HD 1690 b",2010,"Radial Velocity"
"TOI-1803 c",2025,"Transit"
"TOI-1803 b",2025,"Transit"
"K2-166 b",2018,"Transit"
"HD 171028 b",2007,"Radial Velocity"
"HD 17092 b",2007,"Radial Velocity"
"HAT-P-11 b",2008,"Transit"
"HAT-P-11 c",2018,"Radial Velocity"
"HR 858 c",2019,"Transit"
"K2-224 c",2018,"Transit"
"TOI-2328 b",2025,"Transit"
"K2-263 b",2018,"Transit"
"K2-381 d",2022,"Transit"
"HD 285507 b",2013,"Radial Velocity"
"K2-230 b",2018,"Transit"
"K2-229 c",2018,"Transit"
"K2-259 b",2018,"Transit"
"HD 192263 b",1999,"Radial Velocity"
"TOI-677 b",2020,"Transit"
"HD 95127 b",2015,"Radial Velocity"
"HD 216536 b",2015,"Radial Velocity"
"HD 210277 b",1998,"Radial Velocity"
"ups And b",1996,"Radial Velocity"
"HR 810 b",1999,"Radial Velocity"
"K2-241 b",2018,"Transit"
"HD 141937 b",2002,"Radial Velocity"
"HD 212301 b",2005,"Radial Velocity"
"CoRoT-5 b",2009,"Transit"
"K2-242 b",2018,"Transit"
"HD 218566 b",2010,"Radial Velocity"
"MOA-2016-BLG-319L b",2018,"Microlensing"
"HD 99706 c",2018,"Radial Velocity"
"KMT-2025-BLG-0121L b",2026,"Microlensing"
"TOI-5027 b",2025,"Transit"
"HD 134060 b",2019,"Radial Velocity"
"K2-269 b",2018,"Transit"
"K2-270 c",2018,"Transit"
"HD 116029 c",2018,"Radial Velocity"
"KOI-3680 b",2018,"Transit"
"K2-383 b",2022,"Transit"
"EPIC 229004835 b",2023,"Transit"
"HD 20003 c",2019,"Radial Velocity"
"HD 20781 b",2019,"Radial Velocity"
"K2-348 c",2021,"Transit"
"GJ 3779 b",2018,"Radial Velocity"
"HD 21693 b",2019,"Radial Velocity"
"HD 21693 c",2019,"Radial Velocity"
"K2-123 b",2017,"Transit"
"70 Vir b",1996,"Radial Velocity"
"K2-24 b",2016,"Transit"
"K2-276 b",2018,"Transit"
"HD 108863 b",2011,"Radial Velocity"
"K2-286 b",2018,"Transit"
"HD 51608 b",2019,"Radial Velocity"
"HD 51608 c",2019,"Radial Velocity"
"K2-278 b",2018,"Transit"
"HD 159868 b",2006,"Radial Velocity"
"HD 1502 b",2011,"Radial Velocity"
"TOI-6695 b",2025,"Transit"
"HD 20781 e",2019,"Radial Velocity"
"HD 45184 c",2019,"Radial Velocity"
"PSR J2322-2650 b",2017,"Pulsar Timing"
"HD 163607 c",2010,"Radial Velocity"
"HD 175541 b",2007,"Radial Velocity"
"K2-343 c",2021,"Transit"
"Kepler-21 b",2012,"Transit"
"HD 73344 b",2024,"Transit"
"K2-368 c",2022,"Transit"
"K2-195 b",2018,"Transit"
"HD 185269 b",2006,"Radial Velocity"
"HD 20781 d",2019,"Radial Velocity"
"K2-279 b",2018,"Transit"
"HD 200964 b",2010,"Radial Velocity"
"HD 202696 b",2019,"Radial Velocity"
"K2-344 b",2021,"Transit"
"MASCARA-4 b",2020,"Transit"
"KMT-2016-BLG-1107L b",2019,"Microlensing"
"K2-264 b",2018,"Transit"
"K2-379 b",2022,"Transit"
"Kepler-730 b",2016,"Transit"
"HD 202696 c",2019,"Radial Velocity"
"Kepler-730 c",2018,"Transit"
"HD 73534 b",2008,"Radial Velocity"
"HD 88133 b",2004,"Radial Velocity"
"K2-270 b",2018,"Transit"
"OGLE-2011-BLG-0173L b",2018,"Microlensing"
"HD 96167 b",2009,"Radial Velocity"
"HD 95089 b",2009,"Radial Velocity"
"LHS 1903 e",2026,"Transit"
"KMT-2024-BLG-2087L b",2026,"Microlensing"
"HD 5319 c",2014,"Radial Velocity"
"K2-52 b",2016,"Transit"
"K2-281 b",2018,"Transit"
"K2-283 b",2018,"Transit"
"WASP-104 b",2014,"Transit"
"47 UMa b",1996,"Radial Velocity"
"HD 75784 c",2018,"Radial Velocity"
"K2-53 b",2016,"Transit"
"K2-343 b",2021,"Transit"
"GJ 96 b",2018,"Radial Velocity"
"OGLE-2015-BLG-0954L b",2016,"Microlensing"
"HD 14787 b",2018,"Radial Velocity"
"HD 18015 b",2018,"Radial Velocity"
"K2-90 b",2016,"Transit"
"TOI-1201 b",2021,"Transit"
"2MASS J12073346-3932539 b",2004,"Imaging"
"KMT-2016-BLG-1397L b",2018,"Microlensing"
"HD 94834 b",2018,"Radial Velocity"
"HD 180053 b",2018,"Radial Velocity"
"CoRoT-2 b",2008,"Transit"
"HD 190360 b",2003,"Radial Velocity"
"HD 190360 c",2005,"Radial Velocity"
"HD 154345 b",2006,"Radial Velocity"
"K2-292 b",2019,"Transit"
"K2-384 f",2022,"Transit"
"HD 104067 b",2009,"Radial Velocity"
"K2-139 b",2017,"Transit"
"EPIC 212424622 b",2019,"Transit"
"Kepler-9 c",2010,"Transit"
"TOI-2267 c",2025,"Transit"
"TOI-178 c",2021,"Transit"
"TOI-2431 b",2026,"Transit"
"TOI-178 e",2021,"Transit"
"TOI-5205 b",2023,"Transit"
"TOI-1794 b",2024,"Transit"
"HIP 8152 b",2023,"Transit"
"HD 92788 b",2000,"Radial Velocity"
"KOI-1599.02",2019,"Transit"
"HD 50499 c",2019,"Radial Velocity"
"EPIC 248847494 b",2018,"Transit"
"GJ 15 A c",2018,"Radial Velocity"
"K2-105 b",2017,"Transit"
"K2-121 b",2017,"Transit"
"DMPP-2 c",2026,"Radial Velocity"
"EPIC 212737443 b",2019,"Transit"
"KMT-2017-BLG-0165L b",2018,"Microlensing"
"K2-384 c",2022,"Transit"
"HD 11506 c",2008,"Radial Velocity"
"HD 118203 b",2005,"Radial Velocity"
"HD 167042 b",2007,"Radial Velocity"
"HD 181342 b",2009,"Radial Velocity"
"HD 181433 c",2008,"Radial Velocity"
"Kepler-47 b",2012,"Transit"
"LSPM J2116+0234 b",2019,"Radial Velocity"
"TOI-6303 b",2025,"Transit"
"Kepler-82 f",2019,"Transit Timing Variations"
"GJ 27.1 b",2014,"Radial Velocity"
"GJ 160.2 b",2014,"Radial Velocity"
"Kepler-47 d",2019,"Transit"
"Kepler-82 b",2012,"Transit"
"GJ 682 b",2014,"Radial Velocity"
"OGLE-2015-BLG-1649L b",2019,"Microlensing"
"HD 117207 b",2004,"Radial Velocity"
"HD 114729 b",2002,"Radial Velocity"
"HD 126525 b",2018,"Radial Velocity"
"HD 152079 b",2009,"Radial Velocity"
"TOI-1898 b",2024,"Transit"
"gam Lib b",2018,"Radial Velocity"
"HD 211970 b",2019,"Radial Velocity"
"HIP 35173 b",2019,"Radial Velocity"
"HD 190647 b",2007,"Radial Velocity"
"HD 23127 b",2006,"Radial Velocity"
"K2-168 b",2018,"Transit"
"HD 4208 b",2001,"Radial Velocity"
"K2-146 b",2018,"Transit"
"HD 8326 b",2019,"Radial Velocity"
"HIP 54373 b",2019,"Radial Velocity"
"CoRoT-7 d",2022,"Radial Velocity"
"XO-3 b",2007,"Transit"
"HR 8799 c",2008,"Imaging"
"GJ 3473 c",2020,"Radial Velocity"
"KMT-2017-BLG-1038L b",2019,"Microlensing"
"HD 85426 c",2026,"Radial Velocity"
"K2-350 b",2021,"Transit"
"HIP 54373 c",2019,"Radial Velocity"
"HD 220689 b",2012,"Radial Velocity"
"TOI-1075 b",2022,"Transit"
"TOI-756 c",2025,"Radial Velocity"
"HD 52265 b",2000,"Radial Velocity"
"CoRoT-35 b",2022,"Transit"
"HD 222076 b",2016,"Radial Velocity"
"WASP-132 b",2016,"Transit"
"HD 156279 c",2018,"Radial Velocity"
"HR 5183 b",2019,"Radial Velocity"
"HD 85390 b",2009,"Radial Velocity"
"eps Eri b",2000,"Radial Velocity"
"TYC 2187-512-1 b",2022,"Radial Velocity"
"HD 17156 b",2007,"Radial Velocity"
"OGLE-2018-BLG-0596L b",2019,"Microlensing"
"WASP-110 b",2021,"Transit"
"HD 189567 b",2021,"Radial Velocity"
"KMT-2022-BLG-1551L b",2026,"Microlensing"
"TOI-561 e",2020,"Transit"
"EPIC 201497682 b",2019,"Transit"
"EPIC 201615463 c",2019,"Transit"
"OGLE-2015-BLG-1670L b",2019,"Microlensing"
"K2-293 b",2019,"Transit"
"EPIC 201833600 c",2019,"Transit"
"EPIC 206024342 b",2019,"Transit"
"TOI-178 g",2021,"Transit"
"TOI-178 b",2021,"Transit"
"TOI-178 f",2021,"Transit"
"TOI-756 b",2025,"Transit"
"OGLE-2018-BLG-1011L c",2019,"Microlensing"
"KMT-2016-BLG-0212L b",2018,"Microlensing"
"K2-294 b",2019,"Transit"
"KOI-1599.01",2019,"Transit"
"TOI-1246 e",2022,"Transit"
"GJ 433 c",2014,"Radial Velocity"
"KOI-142 c",2013,"Transit Timing Variations"
"EPIC 249893012 b",2020,"Transit"
"EPIC 249893012 c",2020,"Transit"
"OGLE-2018-BLG-0677L b",2020,"Microlensing"
"KOI-142 b",2013,"Transit"
"EPIC 249893012 d",2020,"Transit"
"OGLE-2018-BLG-1700L b",2020,"Microlensing"
"OGLE-2015-BLG-1771L b",2020,"Microlensing"
"HD 196050 b",2002,"Radial Velocity"
"HD 187123 c",2008,"Radial Velocity"
"GJ 9827 c",2017,"Transit"
"TOI-4511 b",2026,"Transit"
"TOI-4363 b",2026,"Transit"
"OGLE-2012-BLG-0838L b",2020,"Microlensing"
"K2-370 b",2022,"Transit"
"Kepler-160 b",2014,"Transit"
"K2-374 b",2022,"Transit"
"K2-384 b",2022,"Transit"
"WASP-45 b",2011,"Transit"
"TOI-3714 b",2022,"Transit"
"HD 160691 b",2000,"Radial Velocity"
"TOI-1130 b",2020,"Transit"
"TOI-1648 b",2025,"Transit"
"OGLE-2016-BLG-1227L b",2020,"Microlensing"
"Kepler-58 b",2012,"Transit"
"K2-374 c",2022,"Transit"
"WASP-20 b",2015,"Transit"
"OGLE-2014-BLG-1760L b",2016,"Microlensing"
"TOI-4479 b",2022,"Transit"
"WASP-120 b",2016,"Transit"
"WASP-94 B b",2014,"Radial Velocity"
"HD 23472 b",2019,"Transit"
"WASP-166 b",2019,"Transit"
"TOI-4507 b",2025,"Transit"
"HD 24040 c",2021,"Radial Velocity"
"HD 66428 c",2021,"Radial Velocity"
"HD 220197 b",2018,"Radial Velocity"
"HD 233832 b",2018,"Radial Velocity"
"TOI-1670 b",2022,"Transit"
"PSR B0329+54 b",2017,"Pulsar Timing"
"WASP-12 b",2008,"Transit"
"WASP-19 b",2009,"Transit"
"GJ 1061 d",2020,"Radial Velocity"
"TOI-5349 b",2026,"Transit"
"Kepler-1649 b",2017,"Transit"
"Kepler-1649 c",2020,"Transit"
"Kepler-29 c",2011,"Transit"
"HD 191939 e",2022,"Radial Velocity"
"USco1556 b",2019,"Imaging"
"Kepler-177 b",2013,"Transit"
"KOI-1783.02",2020,"Transit"
"Kepler-297 b",2014,"Transit"
"K2-111 c",2020,"Radial Velocity"
"DMPP-8 b",2026,"Radial Velocity"
"GJ 180 b",2014,"Radial Velocity"
"HD 164922 c",2016,"Radial Velocity"
"HD 28109 c",2022,"Transit"
"WASP-108 b",2020,"Transit"
"KELT-20 b",2017,"Transit"
"EPIC 212587672 b",2019,"Transit"
"TOI-1338 b",2020,"Transit"
"OGLE-2017-BLG-1049L b",2020,"Microlensing"
"KMT-2019-BLG-0842L b",2020,"Microlensing"
"Kepler-1684 b",2020,"Transit"
"Kepler-1679 b",2020,"Transit"
"KMT-2016-BLG-2397L b",2020,"Microlensing"
"HD 107148 c",2021,"Radial Velocity"
"Kepler-1687 b",2020,"Transit"
"Kepler-1688 b",2020,"Transit"
"Kepler-462 b",2016,"Transit"
"OGLE-2017-BLG-0604L b",2020,"Microlensing"
"MOA-2009-BLG-319L b",2010,"Microlensing"
"HD 160691 d",2004,"Radial Velocity"
"HD 136925 b",2021,"Radial Velocity"
"HD 156668 c",2021,"Radial Velocity"
"Kepler-462 c",2020,"Transit"
"HD 164922 e",2021,"Radial Velocity"
"EPIC 201757695.02",2020,"Transit"
"KMT-2023-BLG-0548L b",2025,"Microlensing"
"KMT-2024-BLG-2059L b",2025,"Microlensing"
"Kepler-1664 b",2020,"Transit"
"Kepler-1001 c",2020,"Transit"
"HD 3765 b",2021,"Radial Velocity"
"Kepler-1701 b",2020,"Transit"
"Kepler-1702 b",2020,"Transit"
"MOA-2013-BLG-220L b",2014,"Microlensing"
"HD 4760 b",2021,"Radial Velocity"
"Kepler-1665 b",2020,"Transit"
"Kepler-1698 b",2020,"Transit"
"TYC 0434-04538-1 b",2021,"Radial Velocity"
"Kepler-1700 b",2020,"Transit"
"Kepler-1697 b",2020,"Transit"
"Gl 686 b",2018,"Radial Velocity"
"HD 180617 b",2018,"Radial Velocity"
"NGTS-20 b",2022,"Transit"
"HATS-37 A b",2020,"Transit"
"HD 216520 c",2020,"Radial Velocity"
"HIP 107772 b",2020,"Radial Velocity"
"HD 238090 b",2020,"Radial Velocity"
"Kepler-1667 b",2020,"Transit"
"GJ 414 A c",2021,"Radial Velocity"
"GJ 414 A b",2021,"Radial Velocity"
"Kepler-1663 b",2020,"Transit"
"Kepler-1675 b",2020,"Transit"
"Kepler-1676 b",2020,"Transit"
"HR 2562 b",2016,"Imaging"
"WASP-93 b",2016,"Transit"
"EPIC 206024342 d",2021,"Transit"
"EPIC 206024342 c",2021,"Transit"
"KOI-3503 b",2021,"Transit"
"KOI-1831 d",2021,"Transit"
"EPIC 206042996 c",2021,"Transit"
"KOI-1833 d",2021,"Transit"
"KOI-3503 c",2021,"Transit"
"KMT-2018-BLG-1976L b",2021,"Microlensing"
"OGLE-2019-BLG-0954L b",2021,"Microlensing"
"TOI-2545 b",2022,"Transit"
"DMPP-6 c",2026,"Radial Velocity"
"DMPP-2 d",2026,"Radial Velocity"
"KMT-2018-BLG-1025L b",2021,"Microlensing"
"TOI-4504 c",2024,"Transit"
"TOI-238 b",2024,"Transit"
"TOI-199 b",2023,"Transit"
"HD 93385 c",2021,"Radial Velocity"
"HD 93385 b",2021,"Radial Velocity"
"K2-280 b",2018,"Transit"
"HD 203030 b",2006,"Imaging"
"HD 96700 d",2021,"Radial Velocity"
"HD 96700 b",2021,"Radial Velocity"
"TOI-2382 b",2025,"Transit"
"OGLE-2018-BLG-1185L b",2021,"Microlensing"
"HD 27969 b",2021,"Radial Velocity"
"HD 115954 b",2021,"Radial Velocity"
"HD 211403 b",2021,"Radial Velocity"
"HD 109286 b",2021,"Radial Velocity"
"CD Cet b",2020,"Radial Velocity"
"GJ 9689 b",2020,"Radial Velocity"
"G 264-012 b",2021,"Radial Velocity"
"TOI-715 b",2023,"Transit"
"K2-187 c",2018,"Transit"
"TOI-1777.01",2024,"Transit"
"K2-282 b",2018,"Transit"
"K2-156 b",2018,"Transit"
"K2-187 b",2018,"Transit"
"K2-210 b",2018,"Transit"
"Kepler-129 d",2021,"Radial Velocity"
"K2-223 c",2018,"Transit"
"K2-223 b",2018,"Transit"
"EPIC 212624936 c",2021,"Transit"
"K2-137 b",2017,"Transit"
"TOI-784 b",2023,"Transit"
"EPIC 206215704 b",2019,"Transit"
"TOI-1801 b",2023,"Transit"
"BD+63 1405 b",2021,"Radial Velocity"
"HD 155193 b",2021,"Radial Velocity"
"Kepler-1788 b",2021,"Transit"
"Kepler-1861 b",2021,"Transit"
"K2-273 b",2018,"Transit"
"K2-272 b",2018,"Transit"
"Kepler-1712 b",2021,"Transit"
"Kepler-1789 b",2021,"Transit"
"Kepler-1790 b",2021,"Transit"
"Kepler-1862 b",2021,"Transit"
"Kepler-1865 b",2021,"Transit"
"K2-122 b",2017,"Transit"
"K2-274 b",2018,"Transit"
"Kepler-1767 b",2021,"Transit"
"Kepler-1765 b",2021,"Transit"
"Kepler-1766 b",2021,"Transit"
"Kepler-1792 b",2021,"Transit"
"Kepler-1090 c",2021,"Transit"
"Kepler-1311 d",2021,"Transit"
"Kepler-1761 b",2021,"Transit"
"Kepler-1777 b",2021,"Transit"
"Kepler-1794 b",2021,"Transit"
"Kepler-1868 b",2021,"Transit"
"Kepler-1872 b",2021,"Transit"
"HD 22496 b",2021,"Radial Velocity"
"Kepler-1775 b",2021,"Transit"
"Kepler-1772 b",2021,"Transit"
"Kepler-1796 b",2021,"Transit"
"Kepler-1797 b",2021,"Transit"
"Kepler-1714 b",2021,"Transit"
"Kepler-1874 b",2021,"Transit"
"OGLE-2018-BLG-0962L b",2021,"Microlensing"
"Kepler-1774 b",2021,"Transit"
"Kepler-799 c",2021,"Transit"
"Kepler-1822 b",2021,"Transit"
"Kepler-1875 b",2021,"Transit"
"HD 137496 b",2021,"Transit"
"Kepler-1824 b",2021,"Transit"
"Kepler-1825 b",2021,"Transit"
"Kepler-1826 b",2021,"Transit"
"Kepler-1130 c",2021,"Transit"
"KMT-2016-BLG-2605L b",2021,"Microlensing"
"HD 137496 c",2021,"Radial Velocity"
"Kepler-1782 b",2021,"Transit"
"Kepler-1768 b",2021,"Transit"
"Kepler-1830 b",2021,"Transit"
"Kepler-1881 b",2021,"Transit"
"Kepler-1882 b",2021,"Transit"
"Kepler-1733 b",2021,"Transit"
"Kepler-1779 b",2021,"Transit"
"Kepler-1776 b",2021,"Transit"
"Kepler-1832 b",2021,"Transit"
"Kepler-1883 b",2021,"Transit"
"Kepler-1884 b",2021,"Transit"
"Kepler-1737 b",2021,"Transit"
"Kepler-1739 b",2021,"Transit"
"Kepler-1771 b",2021,"Transit"
"Kepler-1799 b",2021,"Transit"
"Kepler-1838 b",2021,"Transit"
"TCP J05074264+2447555 b",2018,"Microlensing"
"Kepler-418 c",2021,"Transit"
"Kepler-1750 b",2021,"Transit"
"TOI-1244 b",2024,"Transit"
"TOI-1194 b",2023,"Transit"
"Kepler-1804 b",2021,"Transit"
"Kepler-1840 b",2021,"Transit"
"Kepler-1715 b",2021,"Transit"
"HD 25723 b",2020,"Radial Velocity"
"17 Sco b",2020,"Radial Velocity"
"Kepler-1748 b",2021,"Transit"
"Kepler-1747 b",2021,"Transit"
"Kepler-1805 b",2021,"Transit"
"Kepler-1742 b",2021,"Transit"
"Kepler-1741 b",2021,"Transit"
"Kepler-1809 b",2021,"Transit"
"Kepler-1810 b",2021,"Transit"
"Kepler-1846 b",2021,"Transit"
"Kepler-1847 b",2021,"Transit"
"K2-101 b",2016,"Transit"
"K2-95 b",2016,"Transit"
"Kepler-1745 b",2021,"Transit"
"Kepler-1813 b",2021,"Transit"
"Kepler-1848 b",2021,"Transit"
"K2-355 b",2021,"Transit"
"EPIC 211822797 b",2016,"Transit"
"Kepler-1754 b",2021,"Transit"
"Kepler-1753 b",2021,"Transit"
"Kepler-1815 b",2021,"Transit"
"Kepler-1787 b",2021,"Transit"
"Kepler-1853 b",2021,"Transit"
"Kepler-1854 b",2021,"Transit"
"K2-357 b",2021,"Transit"
"K2-356 b",2021,"Transit"
"Kepler-1755 b",2021,"Transit"
"Kepler-1757 b",2021,"Transit"
"Kepler-1817 b",2021,"Transit"
"Kepler-1818 b",2021,"Transit"
"Kepler-1857 b",2021,"Transit"
"K2-184 b",2018,"Transit"
"K2-358 b",2021,"Transit"
"Kepler-1963 b",2021,"Transit"
"Kepler-1911 b",2021,"Transit"
"Kepler-1893 b",2021,"Transit"
"Kepler-1964 b",2021,"Transit"
"KOI-4777.01",2022,"Transit"
"Kepler-1897 b",2021,"Transit"
"Kepler-1898 b",2021,"Transit"
"Kepler-1967 b",2021,"Transit"
"TOI-871 b",2024,"Transit"
"TOI-1836 b",2024,"Transit"
"Kepler-1913 b",2021,"Transit"
"TOI-2196 b",2022,"Transit"
"Kepler-1906 b",2021,"Transit"
"Kepler-1907 b",2021,"Transit"
"Kepler-1916 b",2021,"Transit"
"TOI-2876 b",2025,"Transit"
"HIP 34222 b",2021,"Radial Velocity"
"Kepler-1910 b",2021,"Transit"
"Kepler-1717 b",2021,"Transit"
"Kepler-1919 b",2021,"Transit"
"Kepler-1918 b",2021,"Transit"
"Kepler-1920 b",2021,"Transit"
"HIP 86221 b",2021,"Radial Velocity"
"TOI-913 b",2023,"Transit"
"KMT-2021-BLG-0912L b",2022,"Microlensing"
"Kepler-589 c",2021,"Transit"
"Kepler-1922 b",2021,"Transit"
"TOI-2211.01",2024,"Transit"
"Kepler-1936 b",2021,"Transit"
"Kepler-1937 b",2021,"Transit"
"Kepler-1927 b",2021,"Transit"
"Kepler-1938 b",2021,"Transit"
"Kepler-1939 b",2021,"Transit"
"Kepler-1940 b",2021,"Transit"
"Kepler-1722 b",2021,"Transit"
"TOI-286 b",2024,"Transit"
"Kepler-1942 b",2021,"Transit"
"Kepler-1944 b",2021,"Transit"
"Kepler-1930 b",2021,"Transit"
"Kepler-1266 c",2021,"Transit"
"Kepler-1945 b",2021,"Transit"
"Kepler-529 d",2021,"Transit"
"YZ Cet b",2017,"Radial Velocity"
"YZ Cet c",2017,"Radial Velocity"
"Kepler-913 c",2021,"Transit"
"Kepler-1719 b",2021,"Transit"
"Kepler-1926 b",2021,"Transit"
"Kepler-1718 b",2021,"Transit"
"Kepler-501 c",2021,"Transit"
"Kepler-1312 c",2021,"Transit"
"Kepler-1950 b",2021,"Transit"
"Kepler-1951 b",2021,"Transit"
"Kepler-607 c",2021,"Transit"
"Kepler-1721 b",2021,"Transit"
"TOI-1347 c",2024,"Transit"
"Kepler-1315 c",2021,"Transit"
"Kepler-1728 b",2021,"Transit"
"Kepler-1705 c",2021,"Transit"
"Kepler-1322 c",2021,"Transit"
"Kepler-1693 c",2021,"Transit"
"Kepler-1956 b",2021,"Transit"
"Kepler-1957 b",2021,"Transit"
"Kepler-1711 b",2021,"Transit"
"Kepler-1888 b",2021,"Transit"
"Kepler-1959 b",2021,"Transit"
"OGLE-2018-BLG-0532L b",2020,"Microlensing"
"b Cen AB b",2021,"Imaging"
"Kepler-1890 b",2021,"Transit"
"Kepler-1892 b",2021,"Transit"
"K2-317 b",2020,"Transit"
"TOI-1467 b",2024,"Transit"
"TOI-1438 c",2025,"Transit"
"K2-319 b",2020,"Transit"
"HD 174205 b",2022,"Radial Velocity"
"K2-322 b",2020,"Transit"
"HD 106252 b",2002,"Radial Velocity"
"KELT-14 b",2016,"Transit"
"K2-324 b",2020,"Transit"
"HD 171238 b",2009,"Radial Velocity"
"HD 81040 b",2005,"Radial Velocity"
"Kepler-167 e",2016,"Transit"
"K2-326 b",2020,"Transit"
"TOI-2010 b",2023,"Transit"
"HD 29021 b",2017,"Radial Velocity"
"TOI-2345 b",2025,"Transit"
"HD 83443 b",2002,"Radial Velocity"
"Kepler-1669 c",2021,"Transit"
"TOI-2981 b",2024,"Transit"
"HD 83443 c",2022,"Radial Velocity"
"kap And b",2012,"Imaging"
"LTT 3780 b",2020,"Transit"
"LTT 3780 c",2020,"Transit"
"TOI-5624 d",2026,"Transit"
"TOI-5624 b",2026,"Transit"
"TOI-5624 c",2026,"Transit"
"TOI-5624 e",2026,"Transit"
"TOI-5624 f",2026,"Transit Timing Variations"
"Kepler-1991 c",2023,"Transit"
"HD 109833 b",2022,"Transit"
"TOI-1691 b",2024,"Transit"
"TOI-5293 A b",2023,"Transit"
"HD 39091 b",2001,"Radial Velocity"
"TOI-1518 b",2021,"Transit"
"pi Men d",2022,"Radial Velocity"
"55 Cnc c",2004,"Radial Velocity"
"HD 12661 c",2002,"Radial Velocity"
"2MASS J19383260+4603591 b",2015,"Eclipse Timing Variations"
"Kepler-451 d",2022,"Eclipse Timing Variations"
"OGLE-2014-BLG-0676L b",2016,"Microlensing"
"TOI-1859 b",2023,"Transit"
"HD 103891 b",2022,"Radial Velocity"
"KOI-984 c",2022,"Transit Timing Variations"
"HD 7924 d",2015,"Radial Velocity"
"GJ 4274 b",2026,"Radial Velocity"
"HD 81688 b",2007,"Radial Velocity"
"LTT 1445 A b",2019,"Transit"
"TOI-2969 b",2025,"Transit"
"HD 142 A d",2022,"Radial Velocity"
"HD 144899 b",2022,"Radial Velocity"
"GJ 2030 c",2022,"Radial Velocity"
"HD 125612 c",2009,"Radial Velocity"
"HD 219828 c",2016,"Radial Velocity"
"HD 214823 b",2016,"Radial Velocity"
"GJ 676 A c",2016,"Radial Velocity"
"HD 149806 b",2022,"Radial Velocity"
"GJ 9714 b",2022,"Radial Velocity"
"HD 142 b",2001,"Radial Velocity"
"HD 139357 b",2008,"Radial Velocity"
"HD 224538 b",2016,"Radial Velocity"
"HD 153557 d",2022,"Radial Velocity"
"HD 115404 A b",2022,"Radial Velocity"
"HIP 67537 b",2017,"Radial Velocity"
"HD 30177 c",2016,"Radial Velocity"
"HD 156098 b",2022,"Radial Velocity"
"HD 12235 c",2022,"Radial Velocity"
"HD 203387 b",2022,"Radial Velocity"
"HD 156098 c",2022,"Radial Velocity"
"HIP 35965 b",2022,"Radial Velocity"
"HD 203387 c",2022,"Radial Velocity"
"bet Pic c",2019,"Radial Velocity"
"HD 25015 b",2019,"Radial Velocity"
"GJ 229 b",2014,"Radial Velocity"
"HD 18143 c",2022,"Radial Velocity"
"HD 217786 b",2011,"Radial Velocity"
"HD 204313 c",2015,"Radial Velocity"
"HD 125390 b",2019,"Radial Velocity"
"HD 81817 b",2020,"Radial Velocity"
"HD 190228 b",2022,"Radial Velocity"
"HD 23596 b",2003,"Radial Velocity"
"GJ 367 b",2021,"Transit"
"HD 204313 e",2022,"Radial Velocity"
"HD 30177 b",2002,"Radial Velocity"
"HD 217958 b",2022,"Radial Velocity"
"HD 213519 b",2022,"Radial Velocity"
"HD 43197 b",2010,"Radial Velocity"
"HD 4113 b",2007,"Radial Velocity"
"HD 95544 b",2021,"Radial Velocity"
"HD 25912 c",2022,"Radial Velocity"
"HD 105618 c",2022,"Radial Velocity"
"HD 28192 b",2022,"Radial Velocity"
"HD 43197 c",2022,"Radial Velocity"
"HD 74156 c",2003,"Radial Velocity"
"HD 74156 b",2003,"Radial Velocity"
"HD 7449 b",2011,"Radial Velocity"
"HD 110537 b",2022,"Radial Velocity"
"HD 56957 b",2022,"Radial Velocity"
"HD 86264 b",2009,"Radial Velocity"
"HD 111232 c",2022,"Radial Velocity"
"HD 62549 b",2022,"Radial Velocity"
"HD 142 c",2012,"Radial Velocity"
"HD 217107 c",2005,"Radial Velocity"
"HD 73267 c",2022,"Radial Velocity"
"HD 219077 b",2012,"Radial Velocity"
"HD 113337 b",2013,"Radial Velocity"
"HD 125271 b",2022,"Radial Velocity"
"HD 127506 b",2022,"Radial Velocity"
"HD 81817 c",2022,"Radial Velocity"
"bet Pic b",2008,"Imaging"
"HD 145934 b",2015,"Radial Velocity"
"HIP 97233 b",2014,"Radial Velocity"
"HD 93351 b",2022,"Radial Velocity"
"HD 88072 b",2022,"Radial Velocity"
"HD 93351 c",2022,"Radial Velocity"
"HD 10697 b",1999,"Radial Velocity"
"MOA-2007-BLG-400L b",2008,"Microlensing"
"KMT-2021-BLG-1077L b",2022,"Microlensing"
"HD 10180 e",2010,"Radial Velocity"
"Wolf 1069 b",2023,"Radial Velocity"
"OGLE-2017-BLG-1691L b",2022,"Microlensing"
"KMT-2021-BLG-0320L b",2022,"Microlensing"
"MOA-2020-BLG-135L b",2022,"Microlensing"
"TrES-2 b",2006,"Transit"
"TOI-6223 b",2025,"Transit"
"WASP-47 d",2015,"Transit"
"HD 360 b",2021,"Radial Velocity"
"OGLE-2006-BLG-284L A b",2020,"Microlensing"
"KMT-2018-BLG-2602L b",2022,"Microlensing"
"OGLE-2018-BLG-1119L b",2022,"Microlensing"
"WASP-65 b",2013,"Transit"
"HAT-P-21 b",2010,"Transit"
"MOA-2019-BLG-008L b",2022,"Microlensing"
"GJ 436 b",2004,"Radial Velocity"
"HD 32518 b",2009,"Radial Velocity"
"KMT-2021-BLG-0909L b",2023,"Microlensing"
"KMT-2021-BLG-2478L b",2023,"Microlensing"
"HD 95735 c",2021,"Radial Velocity"
"KMT-2019-BLG-0414L b",2022,"Microlensing"
"KMT-2017-BLG-1194L b",2023,"Microlensing"
"WASP-88 b",2014,"Transit"
"TIC 153919886 b",2026,"Transit"
"HATS-8 b",2015,"Transit"
"Kepler-311 b",2014,"Transit"
"KMT-2017-BLG-1003L b",2023,"Microlensing"
"KMT-2019-BLG-1552L b",2022,"Microlensing"
"HD 45364 b",2008,"Radial Velocity"
"L 363-38 b",2023,"Radial Velocity"
"WASP-56 b",2012,"Transit"
"KMT-2019-BLG-2974L b",2022,"Microlensing"
"HD 45364 c",2008,"Radial Velocity"
"KMT-2019-BLG-0253L b",2022,"Microlensing"
"OGLE-2018-BLG-0506L b",2022,"Microlensing"
"TOI-5595 b",2026,"Transit"
"OGLE-2018-BLG-0977L b",2022,"Microlensing"
"HAT-P-26 b",2010,"Transit"
"KMT-2021-BLG-1391L b",2022,"Microlensing"
"KMT-2021-BLG-1253L b",2022,"Microlensing"
"WISE J033605.05-014350.4 b",2023,"Imaging"
"OGLE-2018-BLG-1367L b",2022,"Microlensing"
"HAT-P-28 b",2011,"Transit"
"MOA-2022-BLG-249L b",2023,"Microlensing"
"HAT-P-16 b",2010,"Transit"
"HAT-P-13 c",2009,"Radial Velocity"
"OGLE-2018-BLG-1212L b",2022,"Microlensing"
"K2-2016-BLG-0005L b",2023,"Microlensing"
"HN Lib b",2023,"Radial Velocity"
"WASP-64 b",2012,"Transit"
"TOI-3486 b",2025,"Transit"
"TrES-4 b",2007,"Transit"
"HAT-P-20 b",2010,"Transit"
"WASP-35 b",2011,"Transit"
"KMT-2021-BLG-2010L b",2023,"Microlensing"
"KMT-2019-BLG-1216L b",2023,"Microlensing"
"HD 66428 b",2005,"Radial Velocity"
"OGLE-2019-BLG-0249L b",2023,"Microlensing"
"TOI-3593 b",2025,"Transit"
"HAT-P-3 b",2007,"Transit"
"HD 108236 b",2020,"Transit"
"VHS J125601.92-125723.9 b",2015,"Imaging"
"HD 68988 b",2001,"Radial Velocity"
"Kepler-896 c",2023,"Transit"
"HATS-3 b",2013,"Transit"
"K2-417 b",2023,"Transit"
"K2-18 c",2017,"Radial Velocity"
"K2-253 b",2018,"Transit"
"Kepler-491 b",2016,"Transit"
"HATS-36 b",2018,"Transit"
"K2-216 b",2018,"Transit"
"NN Ser d",2010,"Eclipse Timing Variations"
"Kepler-471 b",2016,"Transit"
"TOI-3884 b",2022,"Transit"
"Kepler-289 d",2014,"Transit"
"KELT-8 b",2015,"Transit"
"WASP-174 b",2018,"Transit"
"Teegarden's Star d",2024,"Radial Velocity"
"TOI-7149 b",2025,"Transit"
"TOI-5789 c",,"Transit"
"KMT-2021-BLG-1150L b",2023,"Microlensing"
"Luhman 16 b",2017,"Imaging"
"TOI-5726.01",2024,"Transit"
"TOI-5736 b",2025,"Transit"
"Kepler-849 b",2016,"Transit"
"NGTS-25 b",2022,"Transit"
"BD-210397 c",2023,"Radial Velocity"
"KMT-2018-BLG-0885L b",2023,"Microlensing"
"KMT-2019-BLG-0335L b",2023,"Microlensing"
"WASP-74 b",2015,"Transit"
"Kepler-257 b",2014,"Transit"
"TOI-5322 b",2025,"Transit"
"WASP-82 b",2015,"Transit"
"KMT-2022-BLG-0371L b",2023,"Microlensing"
"TOI-1136 g",2022,"Transit"
"GJ 9404 b",2023,"Radial Velocity"
"TOI-1386 c",2024,"Radial Velocity"
"TOI-1249 b",2024,"Transit"
"TIC 434398831 b",2025,"Transit"
"TOI-6330 b",2025,"Transit"
"MOA-2007-BLG-192L b",2008,"Microlensing"
"GJ 680 b",2022,"Radial Velocity"
"GJ 3473 b",2020,"Transit"
"TOI-2018 b",2023,"Transit"
"HIP 113103 c",2023,"Transit"
"Gaia-4 b",2025,"Astrometry"
"BD+05 4868 A b",2025,"Transit"
"HIP 111909 b",2025,"Radial Velocity"
"TIC 147027702 b",2026,"Transit"
"Kepler-23 c",2011,"Transit"
"WASP-163 b",2018,"Transit"
"WASP-150 b",2020,"Transit"
"TOI-907.01",2024,"Transit"
"Kepler-57 c",2012,"Transit"
"Kepler-305 d",2014,"Transit"
"Kepler-454 d",2023,"Radial Velocity"
"K2-312 c",2023,"Radial Velocity"
"Kepler-28 b",2011,"Transit"
"TOI-6692 b",2026,"Transit"
"TOI-3321 b",2024,"Transit"
"TOI-4156 c",2026,"Transit"
"Kepler-28 c",2011,"Transit"
"HD 332231 b",2020,"Transit"
"Kepler-1996 c",2023,"Transit"
"NGTS-26 b",2024,"Transit"
"HD 11506 b",2007,"Radial Velocity"
"TOI-5398 c",2023,"Transit"
"Kepler-2000 b",2023,"Transit"
"2MASS J11550485-7919108 b",2024,"Imaging"
"TOI-6016 b",2024,"Transit"
"HAT-P-52 b",2015,"Transit"
"G 196-3 b",2024,"Imaging"
"TIC 365102760 b",2024,"Transit"
"OGLE-2023-BLG-0836L b",2024,"Microlensing"
"HAT-P-60 b",2021,"Transit"
"HD 48265 c",2026,"Radial Velocity"
"TOI-1294 b",2024,"Transit"
"TOI-1669 c",2024,"Transit"
"TOI-1823 b",2024,"Transit"
"TIC 139270665 c",2024,"Radial Velocity"
"TIC 139270665 b",2024,"Transit"
"Kepler-43 b",2011,"Transit"
"TOI-3364 b",2023,"Transit"
"TOI-6029 b",2024,"Transit"
"HAT-P-69 b",2019,"Transit"
"HD 48948 c",2024,"Radial Velocity"
"KMT-2023-BLG-0416L b",2024,"Microlensing"
"GJ 900 b",2024,"Imaging"
"TOI-2580 b",2024,"Transit"
"HD 76920 b",2017,"Radial Velocity"
"KMT-2023-BLG-1454L b",2024,"Microlensing"
"Kepler-448 c",2017,"Transit Timing Variations"
"TIC 77319217 b",2026,"Transit"
"HIP 39017 b",2024,"Imaging"
"HIP 54515 b",2026,"Imaging"
"TOI-6000 b",2025,"Transit"
"TOI-1410.01",2024,"Transit"
"Kepler-24 c",2011,"Transit"
"TOI-5532 b",2026,"Transit"
"Kepler-24 b",2011,"Transit"
"Kepler-725 c",2025,"Transit Timing Variations"
"TWA 7 b",2025,"Imaging"
"MOA-2022-BLG-563L b",2024,"Microlensing"
"2MASS J0249-0557 c",2018,"Imaging"
"KMT-2016-BLG-2321L b",2024,"Microlensing"
"K2-203 b",2018,"Transit"
"TOI-1742 b",2024,"Transit"
"Gaia22dkvL b",2024,"Microlensing"
"LP 890-9 c",2022,"Transit"
"K2-208 b",2018,"Transit"
"K2-225 b",2018,"Transit"
"rho CrB e",2023,"Radial Velocity"
"WASP-168 b",2018,"Transit"
"WASP-126 c",2019,"Transit Timing Variations"
"TOI-220 b",2021,"Transit"
"TOI-7384 b",2026,"Transit"
"K2-7 b",2015,"Transit"
"K2-226 b",2018,"Transit"
"NGTS-31 b",2025,"Transit"
"WASP-173 A b",2018,"Transit"
"TOI-1203.01",2021,"Transit"
"TOI-837 b",2020,"Transit"
"WASP-47 b",2012,"Transit"
"OGLE-2017-BLG-0448L b",2024,"Microlensing"
"BD-17 63 b",2008,"Radial Velocity"
"TIC 4672985 b",2024,"Transit"
"TOI-2803 A b",2023,"Transit"
"K2-57 b",2016,"Transit"
"CoRoT-12 b",2010,"Transit"
"WASP-160 B b",2018,"Transit"
"TOI-132 b",2020,"Transit"
"TOI-892 b",2020,"Transit"
"HD 11506 d",2022,"Radial Velocity"
"HD 140901 c",2022,"Radial Velocity"
"HD 16905 b",2022,"Radial Velocity"
"HD 3167 e",2022,"Radial Velocity"
"WASP-193 b",2023,"Transit"
"HD 110067 d",2023,"Transit"
"LHS 1815 b",2020,"Transit"
"HD 75898 c",2024,"Radial Velocity"
"TOI-771 c",2025,"Radial Velocity"
"TIC 18942729 b",2026,"Transit"
"TIC 32032563 b",2026,"Transit"
"TOI-1937 A b",2023,"Transit"
"TOI-1739 b",2024,"Transit"
"HD 86728 b",2025,"Radial Velocity"
"KMT-2022-BLG-0303L b",2024,"Microlensing"
"KELT-6 b",2014,"Transit"
"Kepler-485 b",2016,"Transit"
"CoRoT-19 b",2011,"Transit"
"Kepler-222 d",2014,"Transit"
"TOI-1899 b",2020,"Transit"
"GJ 9773 b",2025,"Radial Velocity"
"TOI-122 b",2020,"Transit"
"TIC 24750448 c",2026,"Transit"
"TOI-2005 b",2025,"Transit"
"TOI-2236 b",2022,"Transit"
"OGLE-2016-BLG-1598L b",2024,"Microlensing"
"OGLE-2016-BLG-1800L b",2024,"Microlensing"
"HAT-P-40 b",2012,"Transit"
"K2-411 b",2022,"Transit"
"GJ 1289 b",2024,"Radial Velocity"
"TOI-1052 c",2023,"Radial Velocity"
"GJ 367 d",2023,"Radial Velocity"
"HD 134606 f",2024,"Radial Velocity"
"Kepler-1489 c",2024,"Transit"
"K2-157 d",2025,"Radial Velocity"
"HD 35843 b",2025,"Radial Velocity"
"K2-360 c",2024,"Radial Velocity"
"EPIC 201595106 b",2021,"Transit"
"KMT-2017-BLG-2197L b",2025,"Microlensing"
"GJ 581 e",2009,"Radial Velocity"
"Kepler-279 e",2025,"Transit"
"KMT-2022-BLG-2076L b",2025,"Microlensing"
"LHS 1478 b",2021,"Transit"
"HIP 9618 c",2023,"Transit"
"KOBE-1 b",2025,"Radial Velocity"
"Kepler-20 d",2011,"Transit"
"KOBE-1 c",2025,"Radial Velocity"
"CD-35 2722 b",2011,"Imaging"
"WASP-22 b",2010,"Transit"
"OGLE-2016-BLG-0007L b",2025,"Microlensing"
"KMT-2023-BLG-0949L b",2025,"Microlensing"
"GJ 3998 c",2016,"Radial Velocity"
"Kepler-105 b",2013,"Transit"
"Kepler-105 c",2014,"Transit"
"TOI-1294 c",2024,"Radial Velocity"
"KMT-2023-BLG-0830L b",2025,"Microlensing"
"Kepler-1656 b",2018,"Transit"
"KMT-2017-BLG-0849L b",2024,"Microlensing"
"ZTF J1828+2308 b",2025,"Transit"
"KMT-2017-BLG-2331L b",2024,"Microlensing"
"KMT-2023-BLG-1743L b",2024,"Microlensing"
"K2-271 b",2018,"Transit"
"MOA-2022-BLG-091L b",2025,"Microlensing"
"KMT-2024-BLG-1209L b",2025,"Microlensing"
"K2-214 b",2018,"Transit"
"Kepler-391 c",2014,"Transit"
"K2-220 b",2018,"Transit"
"Kepler-450 b",2015,"Transit"
"Kepler-407 b",2014,"Transit"
"BEBOP-3 b",2025,"Radial Velocity"
"K2-37 c",2016,"Transit"
"Kepler-134 b",2014,"Transit"
"K2-37 d",2016,"Transit"
"WASP-85 A b",2016,"Transit"
"TOI-1227 b",2022,"Transit"
"HD 207496 b",2023,"Transit"
"GJ 806 b",2023,"Transit"
"HD 29985 b",2022,"Radial Velocity"
"Kepler-228 c",2014,"Transit"
"HD 15906 c",2023,"Transit"
"Kepler-1985 b",2023,"Transit"
"MOA-2022-BLG-033L b",2025,"Microlensing"
"KMT-2023-BLG-0119L b",2025,"Microlensing"
"K2-233 c",2018,"Transit"
"Kepler-949 c",2023,"Transit"
"TOI-4600 c",2023,"Transit"
"TOI-1752 b",2026,"Transit"
"TOI-1752 c",2026,"Transit"
"TOI-1472 c",2025,"Radial Velocity"
"Kepler-495 c",2021,"Transit"
"Kepler-278 b",2014,"Transit"
"Kepler-416 d",2023,"Transit"
"Kepler-391 b",2014,"Transit"
"KOI-351 h",2013,"Transit"
"TOI-6695 c",2025,"Radial Velocity"
"Kepler-166 d",2016,"Transit"
"Kepler-1732 b",2021,"Transit"
"Kepler-1026 b",2016,"Transit"
"K2-175 b",2018,"Transit"
"GJ 1061 b",2020,"Radial Velocity"
"ups And d",1999,"Radial Velocity"
"K2-176 b",2018,"Transit"
"K2-177 b",2018,"Transit"
"Kepler-9 d",2010,"Transit"
"SWEEPS-4 b",2006,"Transit"
"K2-183 b",2018,"Transit"
"LP 791-18 c",2019,"Transit"
"Kepler-763 c",2023,"Transit"
"K2-187 e",2018,"Transit"
"K2-189 b",2018,"Transit"
"Kepler-257 d",2014,"Transit"
"Kepler-42 b",2011,"Transit"
"K2-199 b",2018,"Transit"
"K2-151 b",2018,"Transit"
"Kepler-197 b",2014,"Transit"
"Kepler-139 b",2014,"Transit"
"Kepler-1998 b",2023,"Transit"
"Kepler-549 b",2016,"Transit"
"HD 109749 b",2005,"Radial Velocity"
"gam Cep b",2003,"Radial Velocity"
"TOI-128.01",2024,"Transit"
"HD 111232 b",2003,"Radial Velocity"
"51 Peg b",1995,"Radial Velocity"
"Kepler-58 e",2023,"Transit"
"GJ 433 b",2011,"Radial Velocity"
"Kepler-65 c",2012,"Transit"
"Kepler-7 b",2009,"Transit"
"KOI-12 b",2015,"Transit"
"HD 116029 b",2011,"Radial Velocity"
"GJ 676 A b",2010,"Radial Velocity"
"HD 117618 b",2004,"Radial Velocity"
"7 CMa b",2011,"Radial Velocity"
"HD 125612 d",2009,"Radial Velocity"
"AB Pic b",2005,"Imaging"
"GJ 581 b",2005,"Radial Velocity"
"HD 11977 b",2005,"Radial Velocity"
"BD-10 3166 b",2000,"Radial Velocity"
"GJ 581 c",2007,"Radial Velocity"
"BD+14 4559 b",2009,"Radial Velocity"
"GJ 876 c",2000,"Radial Velocity"
"HD 101930 b",2005,"Radial Velocity"
"BD+20 2457 c",2009,"Radial Velocity"
"Kepler-40 b",2010,"Transit"
"GSC 06214-00210 b",2010,"Imaging"
"Kepler-123 b",2014,"Transit"
"HD 108147 b",2002,"Radial Velocity"
"HD 108874 b",2002,"Radial Velocity"
"TOI-4184 b",2023,"Transit"
"CT Cha b",2007,"Imaging"
"Kepler-6 b",2009,"Transit"
"HD 136418 b",2009,"Radial Velocity"
"HD 69830 b",2006,"Radial Velocity"
"HD 164509 b",2010,"Radial Velocity"
"Kepler-267 b",2014,"Transit"
"HD 192699 b",2007,"Radial Velocity"
"HD 145377 b",2008,"Radial Velocity"
"HD 147018 b",2009,"Radial Velocity"
"HD 20003 b",2019,"Radial Velocity"
"Kepler-1713 b",2021,"Transit"
"HD 196885 A b",2007,"Radial Velocity"
"HD 149143 b",2005,"Radial Velocity"
"HD 126614 b",2009,"Radial Velocity"
"HD 152581 b",2011,"Radial Velocity"
"HD 177830 b",1999,"Radial Velocity"
"HD 128311 c",2005,"Radial Velocity"
"HD 154672 b",2008,"Radial Velocity"
"HD 178911 B b",2001,"Radial Velocity"
"HD 155358 b",2007,"Radial Velocity"
"HD 13189 b",2005,"Radial Velocity"
"HD 131496 b",2011,"Radial Velocity"
"HD 156668 b",2010,"Radial Velocity"
"HD 134060 c",2019,"Radial Velocity"
"HD 158038 b",2011,"Radial Velocity"
"HD 187085 b",2006,"Radial Velocity"
"24 Sex b",2010,"Radial Velocity"
"HD 206610 b",2009,"Radial Velocity"
"HD 63454 b",2005,"Radial Velocity"
"HD 62509 b",2006,"Radial Velocity"
"K2-27 b",2016,"Transit"
"HD 20781 c",2019,"Radial Velocity"
"HD 285968 b",2008,"Radial Velocity"
"HD 69830 d",2006,"Radial Velocity"
"HD 63765 b",2009,"Radial Velocity"
"HD 28678 b",2011,"Radial Velocity"
"HD 70642 b",2003,"Radial Velocity"
"HD 30562 b",2009,"Radial Velocity"
"HD 73267 b",2008,"Radial Velocity"
"HD 100777 b",2007,"Radial Velocity"
"HD 212771 b",2009,"Radial Velocity"
"HD 31527 c",2019,"Radial Velocity"
"HD 31527 d",2019,"Radial Velocity"
"HD 31527 b",2019,"Radial Velocity"
"TOI-1846 b",2025,"Transit"
"TOI-5210 b",2025,"Transit"
"HD 216435 b",2002,"Radial Velocity"
"HD 82886 b",2011,"Radial Velocity"
"HD 8574 b",2002,"Radial Velocity"
"HD 86081 b",2006,"Radial Velocity"
"HD 37124 d",2005,"Radial Velocity"
"HD 9446 c",2009,"Radial Velocity"
"HD 96063 b",2011,"Radial Velocity"
"HD 8673 b",2009,"Radial Velocity"
"Kepler-263 b",2014,"Transit"
"HD 219828 b",2007,"Radial Velocity"
"HD 38529 b",2000,"Radial Velocity"
"HD 99706 b",2011,"Radial Velocity"
"HIP 14810 d",2009,"Radial Velocity"
"Kepler-746 b",2016,"Transit"
"HD 40307 b",2009,"Radial Velocity"
"HATS-1 b",2012,"Transit"
"HD 40979 b",2002,"Radial Velocity"
"OGLE-TR-132 b",2004,"Transit"
"CoRoT-7 c",2009,"Radial Velocity"
"HD 4203 b",2001,"Radial Velocity"
"HD 43691 b",2007,"Radial Velocity"
"HD 41004 B b",2003,"Radial Velocity"
"tau Boo b",1996,"Radial Velocity"
"TOI-1723 b",2024,"Transit"
"HD 231701 b",2007,"Radial Velocity"
"HD 204313 b",2010,"Radial Velocity"
"Kepler-1738 b",2021,"Transit"
"HD 5319 b",2007,"Radial Velocity"
"Pr0201 b",2012,"Radial Velocity"
"Pr0211 b",2012,"Radial Velocity"
"bet Cnc b",2014,"Radial Velocity"
"bet UMi b",2014,"Radial Velocity"
"Kapteyn c",2014,"Radial Velocity"
"Kepler-754 b",2016,"Transit"
"HD 207832 c",2012,"Radial Velocity"
"CoRoT-24 b",2014,"Transit"
"CoRoT-24 c",2014,"Transit"
"HIP 105854 b",2014,"Radial Velocity"
"K2-138 c",2017,"Transit"
"HATS-63 b",2018,"Transit"
"CoRoT-22 b",2014,"Transit"
"TYC 1422-614-1 b",2014,"Radial Velocity"
"TYC 1422-614-1 c",2014,"Radial Velocity"
"BD-11 4672 b",2014,"Radial Velocity"
"BD+49 828 b",2015,"Radial Velocity"
"HD 1666 b",2015,"Radial Velocity"
"HD 67087 c",2015,"Radial Velocity"
"Kepler-268 b",2014,"Transit"
"HATS-11 b",2016,"Transit"
"Kepler-47 c",2012,"Transit"
"K2-4 b",2015,"Transit"
"HD 175607 b",2015,"Radial Velocity"
"Kepler-772 b",2016,"Transit"
"HD 27631 b",2012,"Radial Velocity"
"HD 24064 b",2015,"Radial Velocity"
"K2-21 c",2015,"Transit"
"HD 98649 b",2012,"Radial Velocity"
"K2-9 b",2015,"Transit"
"CoRoT-29 b",2015,"Transit"
"HATS-39 b",2018,"Transit"
"LkCa 15 b",2015,"Imaging"
"HU Aqr AB c",2011,"Eclipse Timing Variations"
"HD 164595 b",2015,"Radial Velocity"
"K2-8 b",2015,"Transit"
"PH1 b",2012,"Transit"
"GJ 676 A e",2012,"Radial Velocity"
"BD+15 2940 b",2013,"Radial Velocity"
"SR 12 AB c",2010,"Imaging"
"GJ 667 C e",2013,"Radial Velocity"
"tau Gem b",2013,"Radial Velocity"
"GJ 667 C g",2013,"Radial Velocity"
"GJ 504 b",2013,"Imaging"
"HD 159243 c",2013,"Radial Velocity"
"ROXs 12 b",2013,"Imaging"
"NGTS-14 A b",2021,"Transit"
"Kepler-36 b",2012,"Transit"
"Kepler-48 e",2014,"Radial Velocity"
"HD 4203 c",2014,"Radial Velocity"
"KOI-984 b",2022,"Transit"
"NGC 2682 YBP 401 b",2016,"Radial Velocity"
"GJ 3998 b",2016,"Radial Velocity"
"K2-239 b",2018,"Transit"
"K2-233 d",2018,"Transit"
"HD 110082 b",2021,"Transit"
"TOI-558 b",2021,"Transit"
"K2-243 b",2018,"Transit"
"K2-255 b",2018,"Transit"
"K2-264 c",2018,"Transit"
"HD 211810 b",2018,"Radial Velocity"
"Kepler-262 c",2014,"Transit"
"47 UMa d",2009,"Radial Velocity"
"HD 145457 b",2010,"Radial Velocity"
"HD 183263 c",2008,"Radial Velocity"
"HD 95089 c",2018,"Radial Velocity"
"HD 72892 b",2016,"Radial Velocity"
"HD 128356 b",2016,"Radial Velocity"
"HD 165155 b",2016,"Radial Velocity"
"Kepler-761 b",2016,"Transit"
"2MASS J22362452+4751425 b",2016,"Imaging"
"CoRoT-21 b",2012,"Transit"
"HD 13167 b",2018,"Radial Velocity"
"WASP-177 b",2019,"Transit"
"LP 791-18 d",2023,"Transit"
"K2-288 B b",2018,"Transit"
"TOI-640 b",2021,"Transit"
"Gl 378 b",2019,"Radial Velocity"
"Kepler-766 b",2016,"Transit"
"K2-107 b",2017,"Transit"
"Kepler-780 b",2016,"Transit"
"HD 39855 b",2019,"Radial Velocity"
"HD 92788 c",2019,"Radial Velocity"
"K2-224 b",2018,"Transit"
"EPIC 205950854 c",2019,"Transit"
"EPIC 206032309 b",2019,"Transit"
"K2-228 b",2018,"Transit"
"K2-229 b",2018,"Transit"
"TYC 4282-00605-1 b",2017,"Radial Velocity"
"HD 206255 b",2019,"Radial Velocity"
"Kepler-411 e",2018,"Transit Timing Variations"
"psi1 Dra B b",2015,"Radial Velocity"
"Kepler-758 b",2016,"Transit"
"Kepler-454 c",2015,"Radial Velocity"
"K2-128 b",2017,"Transit"
"K2-129 b",2017,"Transit"
"GJ 625 b",2017,"Radial Velocity"
"HATS-76 b",2021,"Transit"
"HATS-77 b",2021,"Transit"
"Wolf 1061 d",2015,"Radial Velocity"
"Wolf 1061 b",2015,"Radial Velocity"
"HD 34445 d",2017,"Radial Velocity"
"KELT-17 b",2016,"Transit"
"HD 113996 b",2017,"Radial Velocity"
"HD 143105 b",2016,"Radial Velocity"
"HD 35759 b",2016,"Radial Velocity"
"Pr0211 c",2016,"Radial Velocity"
"Kepler-65 e",2019,"Radial Velocity"
"TOI-500 d",2022,"Radial Velocity"
"TOI-2109 b",2021,"Transit"
"HD 191806 b",2016,"Radial Velocity"
"BD+48 740 b",2018,"Radial Velocity"
"K2-148 c",2018,"Transit"
"K2-149 b",2018,"Transit"
"KPS-1 b",2018,"Transit"
"V830 Tau b",2016,"Radial Velocity"
"K2-233 b",2018,"Transit"
"K2-211 b",2018,"Transit"
"K2-221 b",2018,"Transit"
"K2-215 b",2018,"Transit"
"K2-217 b",2018,"Transit"
"K2-183 d",2018,"Transit"
"K2-163 b",2018,"Transit"
"K2-162 b",2018,"Transit"
"K2-205 b",2018,"Transit"
"K2-204 b",2018,"Transit"
"HD 224018 c",2025,"Transit"
"TOI-7510 b",2025,"Transit"
"Kepler-37 d",2013,"Transit"
"55 Cnc B b",2025,"Radial Velocity"
"55 Cnc B c",2025,"Radial Velocity"
"Kepler-281 c",2014,"Transit"
"Kepler-451 c",2022,"Eclipse Timing Variations"
"Gl 49 b",2019,"Radial Velocity"
"Kepler-805 b",2016,"Transit"
"HD 110113 b",2021,"Transit"
"Kepler-504 b",2016,"Transit"
"Kepler-277 b",2013,"Transit"
"HD 33844 c",2015,"Radial Velocity"
"HD 105779 b",2022,"Radial Velocity"
"Kepler-814 b",2016,"Transit"
"Kepler-798 b",2016,"Transit"
"HD 69123 b",2022,"Radial Velocity"
"TOI-1203 c",2025,"Radial Velocity"
"TOI-1478 b",2021,"Transit"
"Kepler-280 b",2014,"Transit"
"LP 261-75 b",2006,"Imaging"
"Kepler-1859 c",2023,"Transit"
"TOI-1203 b",2025,"Radial Velocity"
"HD 93385 d",2021,"Radial Velocity"
"Kepler-279 c",2013,"Transit"
"HD 154088 b",2021,"Radial Velocity"
"Kepler-286 b",2014,"Transit"
"Kepler-896 b",2016,"Transit"
"HD 19615 b",2022,"Radial Velocity"
"Kepler-809 b",2016,"Transit"
"HD 29399 b",2022,"Radial Velocity"
"Kepler-788 b",2016,"Transit"
"Kepler-1988 b",2023,"Transit"
"Kepler-1992 b",2023,"Transit"
"TOI-5713 b",2024,"Transit"
"Kepler-1997 b",2023,"Transit"
"Kepler-818 b",2016,"Transit"
"Kepler-463 b",2016,"Transit"
"Kepler-799 b",2016,"Transit"
"Kepler-139 d",2023,"Transit"
"Kepler-65 b",2012,"Transit"
"HD 208487 b",2004,"Radial Velocity"
"Kepler-1643 b",2016,"Transit"
"Kepler-80 e",2014,"Transit"
"Kepler-1672 b",2020,"Transit"
"Kepler-82 d",2014,"Transit"
"Kepler-1162 c",2023,"Transit"
"Kepler-1229 b",2016,"Transit"
"Kepler-1837 b",2021,"Transit"
"Kepler-406 b",2014,"Transit"
"Kepler-1855 b",2021,"Transit"
"Kepler-446 b",2015,"Transit"
"Kepler-231 b",2014,"Transit"
"Kepler-1232 b",2016,"Transit"
"Kepler-1168 b",2016,"Transit"
"Kepler-1680 b",2020,"Transit"
"Kepler-1831 b",2021,"Transit"
"Kepler-201 c",2014,"Transit"
"Kepler-1785 b",2021,"Transit"
"Kepler-1152 b",2016,"Transit"
"Kepler-175 c",2014,"Transit"
"Kepler-1296 b",2016,"Transit"
"Kepler-1345 b",2016,"Transit"
"Kepler-1798 b",2021,"Transit"
"Kepler-1187 b",2016,"Transit"
"Kepler-430 b",2015,"Transit"
"Kepler-385 c",2014,"Transit"
"Kepler-1716 b",2021,"Transit"
"Kepler-1113 b",2016,"Transit"
"Kepler-60 b",2012,"Transit"
"Kepler-104 d",2014,"Transit"
"Kepler-100 b",2014,"Transit"
"Kepler-1190 b",2016,"Transit"
"Kepler-1823 b",2021,"Transit"
"Kepler-1833 b",2021,"Transit"
"Kepler-1211 b",2016,"Transit"
"Kepler-1685 b",2020,"Transit"
"Kepler-182 b",2014,"Transit"
"Kepler-514 b",2016,"Transit"
"Kepler-515 b",2016,"Transit"
"Kepler-1143 b",2016,"Transit"
"Kepler-110 c",2014,"Transit"
"Kepler-1088 b",2016,"Transit"
"Kepler-362 c",2014,"Transit"
"Kepler-1145 b",2016,"Transit"
"Kepler-1242 b",2016,"Transit"
"KOI-2513.01",2023,"Transit"
"Kepler-1302 b",2016,"Transit"
"Kepler-401 b",2014,"Transit"
"K2-338 b",2021,"Transit"
"Kepler-1691 b",2020,"Transit"
"Kepler-1193 b",2016,"Transit"
"Kepler-144 c",2014,"Transit"
"Kepler-519 b",2016,"Transit"
"Kepler-167 d",2016,"Transit"
"Kepler-395 c",2014,"Transit"
"Kepler-206 b",2014,"Transit"
"Kepler-1091 b",2016,"Transit"
"Kepler-380 b",2014,"Transit"
"Kepler-1267 b",2016,"Transit"
"Kepler-1282 b",2016,"Transit"
"Kepler-1353 b",2016,"Transit"
"Kepler-116 c",2014,"Transit"
"Kepler-145 b",2013,"Transit"
"Kepler-403 b",2014,"Transit"
"Kepler-957 b",2016,"Transit"
"Kepler-85 b",2012,"Transit"
"Kepler-36 c",2012,"Transit"
"Kepler-510 b",2016,"Transit"
"Kepler-1250 b",2016,"Transit"
"TOI-1634 b",2021,"Transit"
"Kepler-285 c",2014,"Transit"
"Kepler-161 c",2014,"Transit"
"Kepler-187 b",2014,"Transit"
"Kepler-1880 b",2021,"Transit"
"Kepler-367 b",2014,"Transit"
"Kepler-384 b",2014,"Transit"
"Kepler-1842 b",2021,"Transit"
"Kepler-172 d",2014,"Transit"
"Kepler-1272 b",2016,"Transit"
"KMT-2021-BLG-0171L b",2022,"Microlensing"
"Kepler-1312 b",2016,"Transit"
"Kepler-1336 b",2016,"Transit"
"Kepler-1829 b",2021,"Transit"
"Kepler-1313 b",2016,"Transit"
"Kepler-114 d",2013,"Transit"
"Kepler-293 c",2014,"Transit"
"Kepler-370 c",2014,"Transit"
"Kepler-1142 b",2016,"Transit"
"Kepler-1808 b",2021,"Transit"
"Kepler-1682 b",2020,"Transit"
"Kepler-1811 b",2021,"Transit"
"Kepler-1885 b",2021,"Transit"
"Kepler-349 c",2014,"Transit"
"Kepler-1155 b",2016,"Transit"
"Kepler-481 b",2016,"Transit"
"KMT-2021-BLG-0119L b",2022,"Microlensing"
"KMT-2022-BLG-0440L b",2023,"Microlensing"
"Kepler-1163 b",2016,"Transit"
"Kepler-530 b",2016,"Transit"
"Kepler-292 b",2014,"Transit"
"Kepler-1816 b",2021,"Transit"
"Kepler-1819 b",2021,"Transit"
"Kepler-85 d",2014,"Transit"
"TOI-3984 A b",2023,"Transit"
"Kepler-100 e",2023,"Radial Velocity"
"Kepler-357 d",2014,"Transit"
"Kepler-1692 b",2020,"Transit"
"Kepler-1678 b",2020,"Transit"
"Kepler-1390 b",2016,"Transit"
"Kepler-355 b",2014,"Transit"
"Kepler-331 b",2014,"Transit"
"Kepler-350 c",2013,"Transit"
"Kepler-55 c",2012,"Transit"
"2MASS J11011926-7732383 b",2024,"Imaging"
"HIP 77900 b",2024,"Imaging"
"Kepler-1370 b",2016,"Transit"
"Kepler-417 b",2014,"Transit Timing Variations"
"UCAC4 328-061594 b",2024,"Imaging"
"UCAC3 113-933 b",2024,"Imaging"
"Kepler-363 c",2014,"Transit"
"Kepler-1032 b",2016,"Transit"
"HD 48948 b",2024,"Radial Velocity"
"HD 48948 d",2024,"Radial Velocity"
"Kepler-272 b",2014,"Transit"
"TIC 241249530 b",2024,"Transit"
"Kepler-1375 b",2016,"Transit"
"Kepler-125 c",2014,"Transit"
"Kepler-1130 d",2021,"Transit"
"TOI-4443.01",2024,"Transit"
"Kepler-1059 b",2016,"Transit"
"Kepler-237 b",2014,"Transit"
"NGTS-6 b",2019,"Transit"
"NGTS-32 b",2025,"Transit"
"Kepler-266 c",2014,"Transit"
"Kepler-164 c",2014,"Transit"
"K2-365 b",2022,"Transit"
"TOI-5344 b",2023,"Transit"
"K2-354 b",2021,"Transit"
"K2-345 b",2021,"Transit"
"Kepler-985 b",2016,"Transit"
"Kepler-127 d",2014,"Transit"
"Kepler-275 d",2014,"Transit"
"Kepler-335 b",2014,"Transit"
"Kepler-344 b",2014,"Transit"
"Kepler-969 b",2016,"Transit"
"Kepler-329 c",2014,"Transit"
"Kepler-325 b",2014,"Transit"
"Kepler-1800 b",2021,"Transit"
"Kepler-365 b",2014,"Transit"
"Kepler-1069 b",2016,"Transit"
"Kepler-345 b",2014,"Transit"
"Kepler-382 c",2014,"Transit"
"Kepler-544 b",2016,"Transit"
"Kepler-1912 b",2021,"Transit"
"Kepler-240 c",2014,"Transit"
"Kepler-332 c",2014,"Transit"
"Kepler-424 b",2014,"Transit"
"Kepler-207 b",2014,"Transit"
"Kepler-219 c",2014,"Transit"
"Kepler-223 c",2014,"Transit"
"Kepler-402 e",2014,"Transit"
"Kepler-1895 b",2021,"Transit"
"Kepler-1909 b",2021,"Transit"
"Kepler-1953 b",2021,"Transit"
"Kepler-168 c",2014,"Transit"
"Kepler-634 b",2016,"Transit"
"TOI-663 c",2024,"Transit"
"TOI-1634 c",2022,"Radial Velocity"
"Kepler-238 d",2014,"Transit"
"Kepler-224 d",2014,"Transit"
"Kepler-1499 b",2016,"Transit"
"Kepler-850 b",2016,"Transit"
"HIP 79098 AB b",2019,"Imaging"
"Kepler-851 b",2016,"Transit"
"KMT-2024-BLG-2242L b",2025,"Microlensing"
"Kepler-241 c",2014,"Transit"
"Kepler-249 b",2014,"Transit"
"Kepler-325 d",2014,"Transit"
"Kepler-149 b",2014,"Transit"
"Kepler-1473 b",2016,"Transit"
"Kepler-1501 b",2016,"Transit"
"EPIC 212737443 c",2019,"Transit"
"Kepler-476 b",2016,"Transit"
"GJ 740 b",2021,"Radial Velocity"
"Kepler-838 b",2016,"Transit"
"TOI-4640 b",2026,"Transit"
"HATS-30 b",2016,"Transit"
"Kepler-1949 b",2021,"Transit"
"Kepler-1954 b",2021,"Transit"
"Kepler-238 e",2013,"Transit"
"Kepler-1917 b",2021,"Transit"
"Kepler-1710 b",2021,"Transit"
"Kepler-342 c",2014,"Transit"
"K2-367 b",2022,"Transit"
"Kepler-106 c",2014,"Transit"
"Kepler-837 b",2016,"Transit"
"Kepler-273 c",2014,"Transit"
"Kepler-1391 b",2016,"Transit"
"Kepler-1543 b",2016,"Transit"
"Kepler-1580 b",2016,"Transit"
"Kepler-621 b",2016,"Transit"
"Kepler-150 c",2014,"Transit"
"Kepler-1476 b",2016,"Transit"
"GJ 682 c",2014,"Radial Velocity"
"7 CMa c",2019,"Radial Velocity"
"Kepler-301 b",2014,"Transit"
"Kepler-1749 b",2021,"Transit"
"BD+55 362 b",2021,"Radial Velocity"
"HD 124330 b",2021,"Radial Velocity"
"Kepler-327 c",2014,"Transit"
"Kepler-329 b",2014,"Transit"
"Kepler-336 c",2014,"Transit"
"Kepler-1392 b",2016,"Transit"
"Kepler-1934 b",2021,"Transit"
"Kepler-1965 b",2021,"Transit"
"Kepler-1696 b",2020,"Transit"
"Kepler-1660 AB b",2023,"Eclipse Timing Variations"
"WASP-167 b",2017,"Transit"
"Kepler-299 c",2014,"Transit"
"HD 213472 b",2021,"Radial Velocity"
"HD 26161 b",2021,"Radial Velocity"
"Kepler-304 e",2016,"Transit"
"Kepler-341 e",2014,"Transit"
"Kepler-27 d",2021,"Transit"
"Kepler-341 b",2014,"Transit"
"Kepler-1935 b",2021,"Transit"
"Kepler-80 b",2012,"Transit"
"GJ 229 A c",2020,"Radial Velocity"
"GJ 720 A b",2021,"Radial Velocity"
"Kepler-94 b",2014,"Transit"
"Kepler-305 c",2013,"Transit"
"Kepler-279 d",2013,"Transit"
"Kepler-770 c",2016,"Transit"
"Kepler-1397 b",2016,"Transit"
"Kepler-169 d",2014,"Transit"
"Kepler-438 b",2015,"Transit"
"Kepler-201 b",2014,"Transit"
"K2-347 b",2021,"Transit"
"Kepler-298 b",2014,"Transit"
"KIC 8121913 b",2021,"Orbital Brightness Modulation"
"HD 80869 b",2021,"Radial Velocity"
"Kepler-305 e",2020,"Transit"
"Kepler-101 b",2014,"Transit"
"Kepler-295 d",2014,"Transit"
"Kepler-295 c",2014,"Transit"
"Kepler-1889 b",2021,"Transit"
"Kepler-1547 b",2016,"Transit"
"Kepler-1620 b",2016,"Transit"
"TOI-4662 b",2026,"Transit"
"CoRoT-30 b",2020,"Transit"
"CoRoT-31 b",2020,"Transit"
"Kepler-69 c",2013,"Transit"
"Kepler-431 b",2015,"Transit"
"Kepler-196 d",2021,"Transit"
"Kepler-1609 b",2016,"Transit"
"Kepler-1968 b",2021,"Transit"
"Kepler-1047 c",2016,"Transit"
"HD 164922 d",2020,"Radial Velocity"
"Kepler-88 d",2020,"Radial Velocity"
"EPIC 201427007 b",2021,"Transit"
"EPIC 212624936 b",2021,"Transit"
"K2-133 b",2017,"Transit"
"Kepler-84 f",2014,"Transit"
"Kepler-117 c",2014,"Transit"
"Kepler-1550 b",2016,"Transit"
"Kepler-443 b",2015,"Transit"
"HATS-4 b",2014,"Transit"
"Kepler-160 d",2020,"Transit Timing Variations"
"Kepler-1517 b",2016,"Transit"
"Kepler-294 c",2014,"Transit"
"TOI-2567 b",2022,"Transit"
"Kepler-92 d",2015,"Transit"
"Kepler-1429 b",2016,"Transit"
"Kepler-616 d",2021,"Transit"
"Kepler-1705 b",2021,"Transit"
"Kepler-274 c",2014,"Transit"
"Kepler-1488 c",2021,"Transit"
"TOI-3862 b",2026,"Transit"
"BD-11 4672 c",2020,"Radial Velocity"
"K2-315 b",2020,"Transit"
"KELT-4 A b",2016,"Transit"
"Kepler-1492 b",2016,"Transit"
"Kepler-352 d",2021,"Transit"
"HIP 4845 b",2020,"Radial Velocity"
"K2-316 b",2020,"Transit"
"Kepler-292 f",2014,"Transit"
"Kepler-1410 b",2016,"Transit"
"Kepler-575 b",2016,"Transit"
"Kepler-1434 b",2016,"Transit"
"Kepler-1653 b",2017,"Transit"
"Kepler-627 b",2016,"Transit"
"Kepler-1962 b",2021,"Transit"
"K2-320 b",2020,"Transit"
"K2-323 b",2020,"Transit"
"K2-318 b",2020,"Transit"
"Kepler-317 c",2014,"Transit"
"Kepler-1411 b",2016,"Transit"
"Kepler-1435 b",2016,"Transit"
"Kepler-215 e",2014,"Transit"
"Kepler-1576 b",2016,"Transit"
"Kepler-1593 b",2016,"Transit"
"Kepler-1915 b",2021,"Transit"
"Kepler-638 b",2016,"Transit"
"WASP-141 b",2016,"Transit"
"TOI-6038 A b",2025,"Transit"
"TOI-6041 b",2025,"Transit"
"EPIC 201170410.02",2020,"Transit"
"G 9-40 b",2019,"Transit"
"Kepler-401 c",2014,"Transit"
"Kepler-1437 b",2016,"Transit"
"Kepler-220 b",2014,"Transit"
"Kepler-703 b",2016,"Transit"
"Kepler-1425 b",2016,"Transit"
"Kepler-1350 c",2016,"Transit"
"Kepler-354 c",2014,"Transit"
"Kepler-1699 b",2020,"Transit"
"Kepler-206 c",2014,"Transit"
"Kepler-702 b",2016,"Transit"
"TOI-2322 c",2025,"Transit"
"Kepler-439 b",2015,"Transit"
"Kepler-639 b",2016,"Transit"
"Kepler-171 b",2014,"Transit"
"Kepler-1526 b",2016,"Transit"
"HD 86065 b",2022,"Radial Velocity"
"HD 115404 A c",2022,"Radial Velocity"
"Kepler-408 b",2014,"Transit"
"rho CrB c",2016,"Radial Velocity"
"Kepler-19 d",2017,"Radial Velocity"
"TOI-1107 b",2022,"Transit"
"Kepler-164 d",2014,"Transit"
"TOI-2537 c",2024,"Radial Velocity"
"TOI-1873 b",2026,"Transit"
"TOI-2267 b",2025,"Transit"
"KMT-2021-BLG-0852L b",2026,"Microlensing"
"CoRoT-4 b",2008,"Transit"
"Kepler-935 b",2016,"Transit"
"Kepler-917 b",2016,"Transit"
"Kepler-1760 b",2021,"Transit"
"DMPP-9 b",2026,"Radial Velocity"
"51 Eri b",2015,"Imaging"
"Kepler-164 b",2014,"Transit"
"Kepler-549 d",2023,"Transit"
"Kepler-1773 b",2021,"Transit"
"Kepler-1009 b",2016,"Transit"
"Kepler-1035 b",2016,"Transit"
"Kepler-322 c",2014,"Transit"
"Kepler-66 b",2013,"Transit"
"Kepler-479 b",2016,"Transit"
"KOI-351 d",2013,"Transit"
"Kepler-908 b",2016,"Transit"
"Kepler-1677 b",2020,"Transit"
"Kepler-473 b",2016,"Transit"
"KOI-1783.01",2020,"Transit"
"HD 109988 b",2022,"Radial Velocity"
"Kepler-909 b",2016,"Transit"
"HD 11112 b",2022,"Radial Velocity"
"HATS-27 b",2016,"Transit"
"HD 11505 b",2022,"Radial Velocity"
"HD 122562 c",2022,"Radial Velocity"
"HD 135872 b",2022,"Radial Velocity"
"HD 113337 c",2020,"Radial Velocity"
"HD 151450 c",2022,"Radial Velocity"
"HD 188641 b",2022,"Radial Velocity"
"HD 13724 c",2022,"Radial Velocity"
"Ross 508 b",2022,"Radial Velocity"
"HD 164604 c",2026,"Radial Velocity"
"Kepler-50 b",2012,"Transit"
"HD 205158 b",2022,"Radial Velocity"
"Kepler-162 b",2014,"Transit"
"Kepler-176 b",2014,"Transit"
"K2-189 c",2018,"Transit"
"K2-126 b",2017,"Transit"
"KMT-2018-BLG-0247L b",2022,"Microlensing"
"KMT-2021-BLG-1372L b",2022,"Microlensing"
"Kepler-193 c",2014,"Transit"
"Kepler-464 b",2016,"Transit"
"Kepler-244 b",2014,"Transit"
"Kepler-183 b",2014,"Transit"
"K2-193 b",2018,"Transit"
"TOI-908 b",2023,"Transit"
"K2-197 b",2018,"Transit"
"Kepler-180 c",2014,"Transit"
"KMT-2021-BLG-1105L b",2023,"Microlensing"
"KMT-2021-BLG-0712L b",2023,"Microlensing"
"Kepler-209 b",2014,"Transit"
"Kepler-1729 b",2021,"Transit"
"Kepler-81 b",2012,"Transit"
"K2-198 d",2019,"Transit"
"Kepler-501 b",2016,"Transit"
"K2-198 c",2019,"Transit"
"OGLE-2013-BLG-0132L b",2017,"Microlensing"
"KMT-2018-BLG-1996L b",2021,"Microlensing"
"OGLE-2018-BLG-1647L b",2022,"Microlensing"
"Kepler-853 b",2016,"Transit"
"Kepler-883 b",2016,"Transit"
"HD 28185 b",2001,"Radial Velocity"
"Kepler-54 b",2012,"Transit"
"Kepler-1631 b",2016,"Transit"
"Kepler-155 b",2014,"Transit"
"Kepler-100 c",2014,"Transit"
"K2-377 b",2022,"Transit"
"KMT-2018-BLG-1743L b",2021,"Microlensing"
"OGLE-2017-BLG-1434L b",2018,"Microlensing"
"KMT-2019-BLG-2783L b",2023,"Microlensing"
"Kepler-877 b",2016,"Transit"
"Kepler-1730 b",2021,"Transit"
"Kepler-1639 b",2016,"Transit"
"Kepler-559 b",2016,"Transit"
"Kepler-121 b",2014,"Transit"
"Kepler-55 d",2014,"Transit"
"Kepler-82 c",2012,"Transit"
"Kepler-561 c",2016,"Transit"
"Kepler-172 c",2014,"Transit"
"OGLE-2017-BLG-0173L b",2018,"Microlensing"
"OGLE-2019-BLG-0304L b",2021,"Microlensing"
"OGLE-2019-BLG-0679L b",2023,"Microlensing"
"Kepler-867 b",2016,"Transit"
"Kepler-187 c",2014,"Transit"
"Kepler-250 c",2014,"Transit"
"Kepler-540 b",2016,"Transit"
"Kepler-1388 d",2016,"Transit"
"Kepler-1534 b",2016,"Transit"
"PSR B1257+12 c",1992,"Pulsar Timing"
"Kepler-215 b",2014,"Transit"
"OGLE-2017-BLG-0373L b",2018,"Microlensing"
"OGLE-2017-BLG-1140L b",2018,"Microlensing"
"KMT-2021-BLG-1547L b",2023,"Microlensing"
"MOA-2020-BLG-208L b",2023,"Microlensing"
"Kepler-1668 b",2020,"Transit"
"Kepler-210 c",2014,"Transit"
"Kepler-650 b",2016,"Transit"
"Kepler-191 d",2016,"Transit"
"KMT-2019-BLG-0297L b",2023,"Microlensing"
"OGLE-2019-BLG-1180L b",2023,"Microlensing"
"Kepler-304 b",2014,"Transit"
"Kepler-49 b",2012,"Transit"
"Kepler-1726 b",2021,"Transit"
"Kepler-614 b",2016,"Transit"
"Kepler-258 b",2014,"Transit"
"Kepler-259 b",2014,"Transit"
"PSR J1719-1438 b",2011,"Pulsar Timing"
"MOA-2015-BLG-337L b",2018,"Microlensing"
"KMT-2023-BLG-0735L b",2024,"Microlensing"
"KMT-2023-BLG-1431L b",2024,"Microlensing"
"Kepler-84 b",2012,"Transit"
"Kepler-310 c",2014,"Transit"
"Kepler-616 b",2016,"Transit"
"Kepler-222 b",2014,"Transit"
"MOA-2011-BLG-293L b",2012,"Microlensing"
"OGLE-2019-BLG-1470L AB c",2022,"Microlensing"
"Kepler-1758 b",2021,"Transit"
"Kepler-905 b",2016,"Transit"
"Kepler-276 b",2014,"Transit"
"Kepler-165 b",2014,"Transit"
"OGLE-2016-BLG-1067L b",2019,"Microlensing"
"KMT-2023-BLG-1866L b",2024,"Microlensing"
"Kepler-284 c",2014,"Transit"
"Kepler-277 c",2013,"Transit"
"Kepler-1629 b",2016,"Transit"
"Kepler-663 b",2016,"Transit"
"Kepler-227 b",2014,"Transit"
"WISEP J121756.91+162640.2 A b",2012,"Imaging"
"KMT-2017-BLG-0673L b",2022,"Microlensing"
"KMT-2022-BLG-2286L b",2024,"Microlensing"
"K2-35 c",2016,"Transit"
"Kepler-229 c",2014,"Transit"
"K2-37 b",2016,"Transit"
"K2-44 b",2016,"Transit"
"MOA-2011-BLG-322L b",2013,"Microlensing"
"OGLE-2013-BLG-0911L b",2019,"Microlensing"
"KMT-2023-BLG-2209L b",2025,"Microlensing"
"Kepler-302 b",2014,"Transit"
"Kepler-665 b",2016,"Transit"
"K2-289 b",2019,"Transit"
"K2-351 b",2021,"Transit"
"K2-62 b",2016,"Transit"
"OGLE-2006-BLG-109L c",2008,"Microlensing"
"KMT-2018-BLG-0029L b",2020,"Microlensing"
"KMT-2019-BLG-1806L b",2023,"Microlensing"
"Kepler-84 c",2012,"Transit"
"K2-66 b",2016,"Transit"
"K2-72 b",2016,"Transit"
"K2-72 d",2016,"Transit"
"K2-65 b",2016,"Transit"
"OGLE-2015-BLG-0966L b",2016,"Microlensing"
"KMT-2018-BLG-1292L b",2020,"Microlensing"
"Kepler-119 c",2014,"Transit"
"Kepler-133 b",2014,"Transit"
"K2-183 c",2018,"Transit"
"K2-119 b",2017,"Transit"
"K2-86 b",2016,"Transit"
"KMT-2019-BLG-1953L b",2020,"Microlensing"
"OGLE-2018-BLG-0516L b",2022,"Microlensing"
"KMT-2016-BLG-1105L b",2023,"Microlensing"
"Kepler-153 c",2014,"Transit"
"Kepler-553 c",2016,"Transit"
"Kepler-672 b",2016,"Transit"
"K2-187 d",2018,"Transit"
"BD+42 2315 b",2023,"Radial Velocity"
"OGLE-2016-BLG-1093L b",2022,"Microlensing"
"KMT-2019-BLG-0953L b",2022,"Microlensing"
"Kepler-786 b",2016,"Transit"
"Kepler-275 c",2014,"Transit"
"Kepler-762 b",2016,"Transit"
"Kepler-32 e",2012,"Transit"
"Kepler-219 d",2014,"Transit"
"Kepler-235 e",2014,"Transit"
"Kepler-176 d",2014,"Transit"
"Kepler-82 e",2014,"Transit"
"Kepler-251 b",2014,"Transit"
"Kepler-53 c",2012,"Transit"
"Kepler-42 d",2011,"Transit"
"Kepler-253 b",2014,"Transit"
"KOI-351 g",2013,"Transit"
"KMT-2024-BLG-1005L b",2025,"Microlensing"
"OGLE-TR-113 b",2004,"Transit"
"Kepler-76 b",2013,"Orbital Brightness Modulation"
"WASP-47 c",2015,"Radial Velocity"
"WASP-55 b",2012,"Transit"
"TOI-5938 b",2026,"Transit"
"GJ 411 b",2019,"Radial Velocity"
"TOI-1774.01",2021,"Transit"
"HD 192310 b",2011,"Radial Velocity"
"HD 176986 b",2017,"Radial Velocity"
"HD 28185 c",2022,"Radial Velocity"
"KMT-2024-BLG-0176L b",2026,"Microlensing"
"TOI-7009 b",2026,"Transit"
"TOI-375 b",2026,"Transit"
"HD 39194 b",2021,"Radial Velocity"
"K2-290 c",2019,"Transit"
"DMPP-7 b",2026,"Radial Velocity"
"KMT-2024-BLG-0349L b",2026,"Microlensing"
"HD 164604 b",2009,"Radial Velocity"
"V1298 Tau d",2019,"Transit"
"KMT-2024-BLG-1870L b",2026,"Microlensing"
"TOI-813 b",2020,"Transit"
"LHS 1903 b",2026,"Transit"
"TOI-375 d",2026,"Radial Velocity"
"TOI-2411 b",2022,"Transit"
"KMT-2016-BLG-1337L b",2026,"Microlensing"
"KMT-2025-BLG-0481L b",2026,"Microlensing"
"TOI-1232 b",2026,"Transit"
"TOI-1232 c",2026,"Transit Timing Variations"
"TOI-178 d",2021,"Transit"
"TOI-4364 b",2025,"Transit"
"TOI-198 b",2023,"Transit"
"TIC 154870955 b",2026,"Transit"
"TOI-1470 c",2023,"Transit"
"TOI-1238 c",2022,"Transit"
"TIC 445839811 b",2026,"Transit"
"TOI-7008 b",2026,"Transit"
"TIC 290487717 b",2026,"Transit"
"TIC 142589416 b",2026,"Transit"
"TOI-1732 b",2026,"Transit"
"TIC 139702105 b",2026,"Transit"
"TOI-4156 b",2026,"Transit"
"TIC 178172313 b",2026,"Transit"
"TOI-5159 b",2026,"Transit"
"GJ 238 b",2024,"Transit"
"TIC 206466666 b",2026,"Transit"
"TOI-5599 b",2026,"Transit"
"TOI-2654 b",2026,"Transit"
"TIC 423703298 b",2026,"Transit"
"TIC 117642575 b",2026,"Transit"
"TIC 356227008 b",2026,"Transit"
"TOI-5515 b",2026,"Transit"
"TOI-4588 b",2026,"Transit"
"K2-284 b",2018,"Transit"
"HD 5278 c",2021,"Radial Velocity"
"TIC 390586021 b",2026,"Transit"
"HIP 8152 c",2023,"Transit"
"HD 5278 b",2021,"Transit"
"TOI-209 b",2026,"Transit"
"TIC 38828280 b",2026,"Transit"
"WASP-117 b",2014,"Transit"
"TIC 34085383 b",2026,"Transit"
"TOI-125 c",2019,"Transit"
"TIC 67686059 b",2026,"Transit"
"TIC 437041147 b",2026,"Transit"
"TOI-799 b",2026,"Transit"
"HATS-38 b",2020,"Transit"
"TIC 77552382 b",2026,"Transit"
"TOI-6281 b",2026,"Transit"
"TOI-941 b",2026,"Transit"
"TOI-929 b",2026,"Transit"
"TOI-5335 b",2026,"Transit"
"TOI-5630 b",2026,"Transit"
"TOI-6954 b",2026,"Transit"
"TIC 249022743 b",2026,"Transit"
"TOI-1814 b",2026,"Transit"
"TIC 160113658 b",2026,"Transit"
"TIC 320419023 b",2026,"Transit"
"TOI-2453 b",2026,"Transit"
"TIC 38825265 b",2026,"Transit"
"TOI-4930 b",2026,"Transit"
"TOI-1226 b",2026,"Transit"
"TOI-6699 b",2026,"Transit"
"TOI-5502 b",2026,"Transit"
"TIC 260969020 b",2026,"Transit"
"TOI-1470 b",2023,"Transit"
"TOI-7155 b",2026,"Transit"
"TOI-763 c",2020,"Transit"
"TIC 88692598 b",2026,"Transit"
