pl_name,pl_bmassj,pl_bmasse,pl_orbper,discoverymethod
"Kepler-1167 b",0.01120000,3.57000000,1.00393373900,"Transit"
"Kepler-1740 b",0.03470000,11.00000000,8.17240047500,"Transit"
"Kepler-1581 b",0.00137000,0.43700000,6.28385491000,"Transit"
"Kepler-644 b",0.03170000,10.10000000,3.17391710300,"Transit"
"Kepler-1752 b",0.05900000,18.70000000,56.35850143000,"Transit"
"Kepler-280 c",0.01480000,4.70000000,4.80709100000,"Transit"
"Kepler-1208 b",0.01890000,5.99000000,11.08507637000,"Transit"
"Kepler-263 c",0.02100000,6.66000000,47.33277300000,"Transit"
"Kepler-1101 b",0.02100000,6.66000000,81.31510590000,"Transit"
"HD 168746 b",0.27000000,85.81410000,6.40400000000,"Radial Velocity"
"TOI-2406 b",0.04908309,15.60000000,3.07668910000,"Transit"
"HD 18599 b",0.07582708,24.10000000,4.13743540000,"Transit"
"Kepler-560 b",0.01130000,3.61000000,18.47764449000,"Transit"
"Kepler-150 d",0.02580000,8.20000000,12.56093000000,"Transit"
"Kepler-498 b",0.02970000,9.43000000,9.61375356000,"Transit"
"Kepler-817 b",0.18900000,60.20000000,3.99010622900,"Transit"
"Kepler-937 b",0.04200000,13.40000000,67.66882700000,"Transit"
"K2-10 b",0.07928807,25.20000000,19.30553000000,"Transit"
"Kepler-571 b",0.02350000,7.46000000,4.79859938800,"Transit"
"Kepler-1458 b",0.02530000,8.05000000,47.98727640000,"Transit"
"Kepler-1600 c",0.01390000,4.43000000,7.29804992700,"Transit"
"Kepler-221 d",0.01135833,3.61000000,10.04156000000,"Transit"
"Kepler-626 b",0.01840000,5.86000000,14.48585199000,"Transit"
"Kepler-1549 b",0.02240000,7.13000000,214.88654500000,"Transit"
"K2-62 c",0.01450000,4.62000000,16.19697000000,"Transit"
"Kepler-1149 b",0.00839000,2.67000000,3.73089898000,"Transit"
"Kepler-1288 b",0.00459000,1.46000000,2.76122421000,"Transit"
"Kepler-128 b",0.01192467,3.79000000,15.00000000000,"Transit"
"Kepler-1245 b",0.00839000,2.67000000,4.35409304000,"Transit"
"Kepler-1068 b",0.04030000,12.80000000,16.92344113000,"Transit"
"Kepler-150 e",0.03120000,9.91000000,30.82655700000,"Transit"
"Kepler-272 c",0.30800000,97.80000000,6.05734200000,"Transit"
"Kepler-152 c",0.01980000,6.30000000,88.25505500000,"Transit"
"Kepler-1506 b",0.00724000,2.30000000,14.03291540000,"Transit"
"CoRoT-3 b",21.66000000,6883.91000000,4.25680000000,"Transit"
"HD 205739 b",1.37000000,435.41000000,279.80000000000,"Radial Velocity"
"HD 224693 b",0.70000000,222.48100000,26.69040000000,"Radial Velocity"
"HD 16417 b",0.06960000,22.10000000,17.24000000000,"Radial Velocity"
"HD 19994 b",1.37000000,435.41000000,466.20000000000,"Radial Velocity"
"GJ 179 b",0.95000000,301.93698665,2288.00000000000,"Radial Velocity"
"GQ Lup b",20.00000000,6356.00000000,,"Imaging"
"HD 37605 b",2.69000000,854.96270000,55.01292000000,"Radial Velocity"
"HD 33283 b",0.32900000,104.56607000,18.19910000000,"Radial Velocity"
"HD 9446 b",0.70000000,222.47200000,30.05200000000,"Radial Velocity"
"HD 134987 c",0.82000000,260.00000000,5000.00000000000,"Radial Velocity"
"HD 110014 b",11.09000000,3524.59000000,835.47700000000,"Radial Velocity"
"HD 79498 b",1.34000000,425.89220000,1807.00000000000,"Radial Velocity"
"HD 45652 b",0.43300000,137.62039000,44.07300000000,"Radial Velocity"
"HIP 79431 b",2.10000000,667.41500000,111.70000000000,"Radial Velocity"
"GJ 876 b",2.27560000,723.22350000,61.11660000000,"Radial Velocity"
"HD 86226 b",0.45000000,143.02350000,1628.00000000000,"Radial Velocity"
"HD 47186 c",0.35061000,111.42000000,1353.60000000000,"Radial Velocity"
"HD 148156 b",0.85000000,270.14400000,1027.00000000000,"Radial Velocity"
"HD 86226 c",0.02281094,7.25000000,3.98442000000,"Transit"
"HIP 14810 c",1.31000000,416.35730000,147.74700000000,"Radial Velocity"
"HIP 14810 b",3.90000000,1239.53700000,6.67389200000,"Radial Velocity"
"GJ 876 d",0.02100000,6.83000000,1.93778000000,"Radial Velocity"
"GJ 876 e",0.04600000,14.60000000,124.26000000000,"Radial Velocity"
"gam1 Leo b",8.78000000,2790.43000000,428.50000000000,"Radial Velocity"
"HD 156411 b",0.74000000,235.18000000,842.20000000000,"Radial Velocity"
"HD 8535 b",0.68000000,216.12440000,1313.00000000000,"Radial Velocity"
"HD 37605 c",3.19000000,1013.87770000,2720.00000000000,"Radial Velocity"
"HD 1605 c",3.62000000,1150.54460000,2149.00000000000,"Radial Velocity"
"BD+20 2457 b",21.42000000,6807.63000000,379.63000000000,"Radial Velocity"
"HD 240210 b",5.21000000,1655.82000000,501.75000000000,"Radial Velocity"
"CoRoT-17 b",2.43000000,772.29000000,3.76810000000,"Transit"
"HD 132563 b",1.49000000,473.54700000,1544.00000000000,"Radial Velocity"
"HD 55696 b",4.27000000,1357.12729789,1827.00000000000,"Radial Velocity"
"HD 148164 b",1.23000000,390.93090000,328.55000000000,"Radial Velocity"
"24 Sex c",0.86000000,273.32000000,883.00000000000,"Radial Velocity"
"HD 22781 b",13.65000000,4338.20000000,528.07000000000,"Radial Velocity"
"HD 148164 c",5.16000000,1640.00280000,5062.00000000000,"Radial Velocity"
"HD 90156 b",0.05700000,17.98000000,49.77000000000,"Radial Velocity"
"HD 45350 b",1.79000000,568.89000000,963.60000000000,"Radial Velocity"
"MOA-2009-BLG-266L b",0.03270000,10.40000000,2800.00000000000,"Microlensing"
"Kepler-595 c",0.01038291,3.30000000,12.38602000000,"Transit"
"Kepler-595 b",0.05474625,17.40000000,25.30290920000,"Transit"
"HD 177830 c",0.15000000,47.67250000,110.90000000000,"Radial Velocity"
"OGLE-TR-111 b",0.55000000,174.79900000,4.01444630000,"Transit"
"PSR B1257+12 b",0.00006293,0.02000000,25.26200000000,"Pulsar Timing"
"PSR B1257+12 d",0.01227071,3.90000000,98.21140000000,"Pulsar Timing"
"HD 21749 c",0.01164144,3.70000000,7.78993000000,"Transit"
"eps Ind A b",6.31000000,2005.49724817,16510.00000000000,"Radial Velocity"
"CoRoT-18 b",3.47000000,1102.82000000,1.90006930000,"Transit"
"Kepler-45 b",0.50500000,160.49700000,2.45523900000,"Transit"
"WASP-23 b",0.88400000,280.95000000,2.94442560000,"Transit"
"HD 107148 b",0.21000000,66.74100000,48.05600000000,"Radial Velocity"
"SWEEPS-11 b",9.70000000,3082.82000000,1.79600000000,"Transit"
"OGLE-TR-211 b",1.03000000,327.35100000,3.67724000000,"Transit"
"Lupus-TR-3 b",0.81000000,257.43100000,3.91405000000,"Transit"
"OGLE-2005-BLG-390L b",0.01700000,5.50000000,3285.00000000000,"Microlensing"
"HN Peg b",21.99870000,6991.57000000,,"Imaging"
"MOA-2009-BLG-387L b",2.60000000,830.00000000,1980.00000000000,"Microlensing"
"GJ 674 b",0.03500000,11.09000000,4.69380000000,"Radial Velocity"
"CoRoT-11 b",2.33000000,740.51000000,2.99433000000,"Transit"
"2MASS J04414489+2301513 b",7.50000000,2383.60000000,,"Imaging"
"GJ 3634 b",0.02600000,8.40000000,2.64561000000,"Radial Velocity"
"CoRoT-13 b",1.30800000,415.70400000,4.03519000000,"Transit"
"OGLE-TR-10 b",0.62000000,197.04600000,3.10127800000,"Transit"
"HD 27442 b",1.56000000,495.80000000,428.10000000000,"Radial Velocity"
"GJ 3021 b",3.37000000,1071.04000000,133.71000000000,"Radial Velocity"
"CoRoT-8 b",0.22000000,69.92000000,6.21229000000,"Transit"
"Kepler-18 c",0.05400000,17.30000000,7.64159000000,"Transit"
"Kepler-18 b",0.02200000,6.90000000,3.50472500000,"Transit"
"HD 46375 b",0.22600000,71.80000000,3.02357300000,"Radial Velocity"
"HD 221287 b",3.09000000,982.05000000,456.10000000000,"Radial Velocity"
"HD 33564 b",9.10000000,2892.10000000,388.00000000000,"Radial Velocity"
"HD 189733 b",1.13000000,359.14790000,2.21857567000,"Radial Velocity"
"Kepler-4 b",0.07700000,24.47200000,3.21346000000,"Transit"
"WASP-38 b",3.44000000,1093.33520000,6.87188000000,"Transit"
"Kepler-30 c",2.01000000,640.00000000,60.32310500000,"Transit"
"Kepler-18 d",0.05200000,16.40000000,14.85888000000,"Transit"
"HAT-P-37 b",1.16900000,371.52800000,2.79743600000,"Transit"
"HD 129445 b",2.51000000,797.74930157,1840.00000000000,"Radial Velocity"
"Kepler-419 c",7.30000000,2320.10000000,675.47000000000,"Transit Timing Variations"
"HD 70573 b",6.10000000,1900.00000000,851.80000000000,"Radial Velocity"
"HD 47536 b",7.32000000,2330.00000000,712.13000000000,"Radial Velocity"
"WASP-67 b",0.43000000,136.66690000,4.61442000000,"Transit"
"CoRoT-14 b",7.60000000,2415.40000000,1.51214000000,"Transit"
"MOA-2008-BLG-310L b",0.07360000,23.40000000,,"Microlensing"
"Kepler-419 b",2.50000000,794.50000000,69.75460000000,"Transit"
"WASP-43 b",1.78000000,565.71400000,0.81347500000,"Transit"
"HD 11964 c",0.07880000,25.00000000,37.91000000000,"Radial Velocity"
"CoRoT-6 b",2.96000000,940.74000000,8.88659300000,"Transit"
"WASP-31 b",0.47800000,151.91600000,3.40590960000,"Transit"
"HD 108236 f",0.01490000,4.72000000,29.54115000000,"Transit"
"Kepler-59 c",0.01198760,3.81000000,17.98012350000,"Transit"
"WASP-8 c",9.45000000,3003.37000000,4323.00000000000,"Radial Velocity"
"HD 154857 c",2.58000000,819.97000000,3452.00000000000,"Radial Velocity"
"KOI-217 b",,,3.90512000000,"Transit"
"Kepler-416 b",0.18300000,58.20000000,6.31900000000,"Transit Timing Variations"
"Kepler-37 e",0.02548545,8.10000000,51.19600000000,"Transit Timing Variations"
"HAT-P-22 b",2.47000000,785.04010000,3.21222000000,"Transit"
"CHXR 73 b",12.56900000,3994.48600000,,"Imaging"
"FU Tau b",16.00000000,5085.28000000,,"Imaging"
"GJ 667 C b",0.01789000,5.68000000,7.20300000000,"Radial Velocity"
"HD 187123 b",0.52300000,166.21800000,3.09658280000,"Radial Velocity"
"HAT-P-18 b",0.19700000,62.61000000,5.50802300000,"Transit"
"Kepler-59 b",0.01290004,4.10000000,11.86817070000,"Transit"
"Kepler-53 b",0.34924506,111.00000000,18.64895250000,"Transit"
"HD 82943 c",1.95900000,622.60300000,220.07800000000,"Radial Velocity"
"HD 82943 b",1.68100000,534.25000000,441.47000000000,"Radial Velocity"
"UZ For b",6.30000000,2002.20000000,5840.00000000000,"Eclipse Timing Variations"
"Kepler-69 b",0.01780000,5.65000000,13.72234100000,"Transit"
"HIP 5158 c",15.04000000,4780.16320000,9017.76000000000,"Radial Velocity"
"HU Aqr AB b",5.90000000,1875.19700000,2390.00000000000,"Eclipse Timing Variations"
"Kepler-58 c",0.16675665,53.00000000,15.57415680000,"Transit"
"Kepler-30 b",0.03600000,11.30000000,29.33434000000,"Transit"
"Kepler-65 d",0.01300000,4.14000000,8.13123000000,"Transit"
"Kepler-52 c",0.14284437,45.40000000,16.38500210000,"Transit"
"Kepler-55 b",0.13500000,43.00000000,27.94814490000,"Transit"
"UZ For c",7.70000000,2447.20000000,1916.25000000000,"Eclipse Timing Variations"
"Kepler-413 b",0.21100000,67.00000000,66.26200000000,"Transit"
"WASP-14 b",8.84000000,2809.61720000,2.24375000000,"Transit"
"HAT-P-2 b",9.02000000,2866.81223114,5.63351580000,"Transit"
"HAT-P-42 b",1.04400000,331.80100000,4.64187800000,"Transit"
"WASP-59 b",0.86300000,274.27600000,7.91958500000,"Transit"
"HAT-P-39 b",0.59900000,190.37200000,3.54387000000,"Transit"
"alf Ari b",1.80000000,572.07000000,380.80000000000,"Radial Velocity"
"KOI-55 b",0.00140000,0.44000000,0.24010400000,"Orbital Brightness Modulation"
"GJ 536 b",0.02004226,6.37000000,8.70874000000,"Radial Velocity"
"WTS-2 b",1.12000000,355.96960000,1.01870680000,"Transit"
"KELT-6 c",3.71000000,1179.14930000,1276.00000000000,"Radial Velocity"
"KOI-55 c",0.00210000,0.65500000,0.34288700000,"Orbital Brightness Modulation"
"Ross 458 c",6.00000000,1906.98000000,,"Imaging"
"Kepler-38 b",0.38400000,122.00000000,105.59900000000,"Transit"
"HD 114783 b",1.10000000,349.60000000,493.70000000000,"Radial Velocity"
"HAT-P-13 b",0.85100000,270.46200000,2.91625000000,"Transit"
"ROXs 42 B b",9.00000000,2860.00000000,,"Imaging"
"HD 95086 b",5.00000000,1589.00000000,,"Imaging"
"RR Cae b",4.20000000,1334.88600000,4343.50000000000,"Eclipse Timing Variations"
"Kepler-50 c",0.02580009,8.20000000,9.37647000000,"Transit"
"HD 233604 b",6.57500000,2089.64400000,192.00000000000,"Radial Velocity"
"WD 0806-661 b",8.00000000,2542.62725600,,"Imaging"
"Kepler-63 b",0.37800000,120.00000000,9.43415050000,"Transit"
"Kepler-77 b",0.43000000,136.66100000,3.57878087000,"Transit"
"HAT-P-44 c",4.00000000,1271.30000000,872.20000000000,"Radial Velocity"
"HATS-5 b",0.23700000,75.32300000,4.76338700000,"Transit"
"HD 10180 d",10.37000000,3295.88058059,16.35700000000,"Radial Velocity"
"WTS-1 b",4.01000000,1274.44000000,3.35205700000,"Transit"
"Kepler-297 c",0.13200000,42.10000000,74.92013700000,"Transit"
"Kepler-347 b",0.01430000,4.54000000,12.79836000000,"Transit"
"CoRoT-26 b",0.52000000,165.26000000,4.20474000000,"Transit"
"CoRoT-25 b",0.27000000,85.81000000,4.86069000000,"Transit"
"Kepler-186 b",0.00390000,1.24000000,3.88679070000,"Transit"
"91 Aqr b",3.20000000,1017.00000000,181.40000000000,"Radial Velocity"
"GJ 163 b",0.03335116,10.60000000,8.63182000000,"Radial Velocity"
"Kepler-27 c",13.80000000,4385.87000000,31.33090000000,"Transit"
"Kepler-27 b",9.11000000,2895.31000000,15.33480000000,"Transit"
"Kepler-139 c",0.04090257,13.00000000,157.07287800000,"Transit"
"Kepler-311 c",0.00829000,2.63000000,19.73828600000,"Transit"
"BD-06 1339 b",4.79200000,1523.03372634,3.87280000000,"Radial Velocity"
"Kepler-186 d",0.00800000,2.54000000,13.34299600000,"Transit"
"Kepler-11 d",0.02300000,7.30000000,22.68450000000,"Transit"
"Kepler-11 b",0.00600000,1.90000000,10.30390000000,"Transit"
"Kepler-31 c",4.70000000,1493.70000000,42.63180000000,"Transit"
"Kepler-32 c",0.50000000,158.90000000,8.75220000000,"Transit"
"Kepler-1735 b",0.00578000,1.84000000,7.71792984000,"Transit"
"HD 66141 b",6.00000000,1906.90000000,480.50000000000,"Radial Velocity"
"HD 208527 b",9.90000000,3146.40000000,875.50000000000,"Radial Velocity"
"MOA-bin-1L b",3.70000000,1200.00000000,,"Microlensing"
"GU Psc b",11.30000000,3591.30000000,,"Imaging"
"GJ 163 c",0.02139509,6.80000000,25.63058000000,"Radial Velocity"
"GJ 163 d",0.09250228,29.40000000,603.95116000000,"Radial Velocity"
"Kepler-32 d",0.12556744,39.90890000,22.78020000000,"Transit"
"Kepler-31 d",6.80000000,2161.24400000,87.64510000000,"Transit"
"HAT-P-45 b",0.89200000,283.49200000,3.12899200000,"Transit"
"HAT-P-44 b",0.35200000,111.87100000,4.30121900000,"Transit"
"MOA-2010-BLG-073L b",11.00000000,3500.00000000,,"Microlensing"
"HAT-P-27 b",0.62000000,197.05000000,3.03957700000,"Transit"
"DENIS-P J082303.1-491201 b",28.50000000,9057.77000000,246.36000000000,"Astrometry"
"HIP 63242 b",9.18000000,2917.56000000,124.60000000000,"Radial Velocity"
"Kepler-31 b",0.11560263,36.74180000,20.86130000000,"Transit"
"Kepler-32 f",3.04953232,969.22800000,0.74296000000,"Transit"
"Kepler-58 d",0.77193540,245.34300000,40.10137100000,"Transit"
"Kepler-158 b",0.01620000,5.14000000,16.70918400000,"Transit"
"Kepler-424 c",6.97000000,2215.18000000,223.30000000000,"Radial Velocity"
"KMT-2023-BLG-1896L b",0.05144285,16.35000000,,"Microlensing"
"HD 190984 b",3.58000000,1137.82569706,4885.00000000000,"Radial Velocity"
"Kepler-134 c",0.00669000,2.13000000,10.10578500000,"Transit"
"Kepler-210 b",0.02820000,8.96000000,2.45323400000,"Transit"
"Kepler-422 b",0.43000000,136.66000000,7.89144830000,"Transit"
"Kepler-426 b",0.34000000,108.06000000,3.21751883000,"Transit"
"Kepler-16 b",0.33300000,105.83300000,228.77600000000,"Transit"
"KOI-94 d",0.33400000,106.00000000,22.34298900000,"Transit"
"KOI-94 b",0.03300000,10.50000000,3.74320800000,"Transit"
"Kepler-35 b",0.12700000,40.36300000,131.45800000000,"Transit"
"HD 103774 b",0.36700000,116.00000000,5.88810000000,"Radial Velocity"
"HD 109271 b",0.05400000,17.16200000,7.85430000000,"Radial Velocity"
"Kepler-415 c",0.01480000,4.70000000,8.70800000000,"Transit Timing Variations"
"HD 50554 b",5.85000000,1859.29618095,1293.00000000000,"Radial Velocity"
"Kepler-428 b",1.27000000,403.63000000,3.52563254000,"Transit"
"Kepler-425 b",0.25000000,79.45000000,3.79701816000,"Transit"
"WASP-70 A b",0.59000000,187.51200000,3.71302030000,"Transit"
"KOI-94 e",0.11000000,35.00000000,54.32031000000,"Transit"
"Kepler-396 c",0.05600000,17.90000000,88.50500000000,"Transit"
"MOA-2010-BLG-477L b",1.50000000,480.00000000,,"Microlensing"
"Kepler-290 c",0.02440000,7.75000000,36.77031000000,"Transit"
"Kepler-290 b",0.01790000,5.69000000,14.58934700000,"Transit"
"HD 166724 b",3.80000000,1207.74794660,5144.00000000000,"Radial Velocity"
"Kepler-122 f",0.11300000,36.00000000,56.26800000000,"Transit Timing Variations"
"Kepler-96 b",0.02700000,8.46000000,16.23850000000,"Transit"
"KOI-13 b",9.28000000,2949.46240000,1.76358800000,"Transit"
"Kepler-17 b",2.45000000,778.65000000,1.48571080000,"Transit"
"Kepler-784 b",0.00982000,3.12000000,31.59226460000,"Transit"
"Kepler-880 b",0.02380000,7.56000000,7.71468975000,"Transit"
"CoRoT-23 b",2.80000000,889.90000000,3.63130000000,"Transit"
"BD+20 274 b",4.20000000,1334.88600000,578.20000000000,"Radial Velocity"
"HD 219415 b",1.00000000,317.83000000,2093.30000000000,"Radial Velocity"
"HD 150706 b",2.43000000,772.32302901,5894.00000000000,"Radial Velocity"
"OGLE-2011-BLG-0251L b",0.53000000,170.00000000,,"Microlensing"
"Kepler-414 c",0.09400000,29.90000000,7.17100000000,"Transit Timing Variations"
"HAT-P-1 b",0.52500000,166.86075000,4.46529976000,"Transit"
"Kepler-42 c",0.18984143,60.33700000,0.45328509000,"Transit"
"Kepler-33 c",0.00122707,0.39000000,13.17562000000,"Transit"
"Kepler-641 b",0.01280000,4.08000000,9.48961571000,"Transit"
"Kepler-410 A b",0.02650000,8.44000000,17.83364800000,"Transit"
"Kepler-314 c",0.02750000,8.75000000,5.96039200000,"Transit"
"Kepler-879 b",0.02240000,7.13000000,33.38559380000,"Transit"
"Kepler-865 b",0.02130000,6.76000000,14.16399294000,"Transit"
"Kepler-415 b",0.37700000,119.90000000,4.17600000000,"Transit Timing Variations"
"Kepler-338 e",0.02700000,8.50000000,9.34100000000,"Transit Timing Variations"
"Kepler-33 e",0.01752509,5.57000000,31.78440000000,"Transit"
"Kepler-33 b",0.01160000,3.68000000,5.66793000000,"Transit"
"Kepler-46 c",0.37600000,119.49900000,57.01100000000,"Transit Timing Variations"
"Kepler-318 b",0.06270000,19.90000000,4.66271500000,"Transit"
"Kepler-314 b",0.00157000,0.49800000,2.46106900000,"Transit"
"Kepler-46 b",6.00000000,1907.00000000,33.60134000000,"Transit"
"USco CTIO 108 b",14.00000000,4449.62000000,,"Imaging"
"Kepler-130 c",0.02750000,8.75000000,27.50868000000,"Transit"
"Kepler-418 b",1.10000000,349.61124770,86.67856000000,"Transit"
"Kepler-33 f",0.03020483,9.60000000,41.02902000000,"Transit"
"Kepler-33 d",0.01230217,3.91000000,21.77596000000,"Transit"
"HD 155358 c",0.82000000,261.00000000,391.90000000000,"Radial Velocity"
"Kepler-52 b",0.42475750,135.00000000,7.87735650000,"Transit"
"Kepler-603 c",0.10800000,34.50000000,127.90757740000,"Transit"
"Kepler-952 b",0.14300000,45.40000000,130.35469190000,"Transit"
"Kepler-347 c",0.01170000,3.71000000,27.32087100000,"Transit"
"Kepler-158 c",0.01340000,4.27000000,28.55138300000,"Transit"
"HAT-P-53 b",1.48400000,471.65972000,1.96162410000,"Transit"
"HIP 74890 b",2.40000000,762.79200000,822.30000000000,"Radial Velocity"
"V0391 Peg b",3.20000000,1017.05600000,1170.00000000000,"Pulsation Timing Variations"
"HD 197037 b",0.79000000,251.00000000,1035.70000000000,"Radial Velocity"
"CFBDSIR J145829+101343 b",10.50000000,3337.10000000,10037.50000000000,"Imaging"
"Kepler-269 b",0.02100000,6.66000000,5.32671800000,"Transit"
"Kepler-300 c",0.01790000,5.69000000,40.71495500000,"Transit"
"Kepler-149 d",0.04670000,14.90000000,160.01803200000,"Transit"
"Kepler-124 d",0.00444000,1.41000000,30.95085100000,"Transit"
"Kepler-276 d",0.05100000,16.30000000,48.64800000000,"Transit"
"Kepler-114 c",0.00900000,2.80000000,8.04100000000,"Transit"
"XO-2 S c",1.37000000,435.40900000,120.80000000000,"Radial Velocity"
"Kepler-93 c",3.00000000,954.00000000,1460.00000000000,"Radial Velocity"
"WASP-83 b",0.30000000,95.34900000,4.97125200000,"Transit"
"WASP-89 b",5.90000000,1875.19700000,3.35642270000,"Transit"
"Kepler-402 c",0.00961000,3.05000000,6.12482100000,"Transit"
"Kepler-157 b",0.00724000,2.30000000,1.73234200000,"Transit"
"HATS-6 b",0.31900000,101.38777000,3.32527250000,"Transit"
"Kepler-450 c",0.03932920,12.50000000,15.41313500000,"Transit"
"Kepler-81 c",0.01400000,4.30000000,12.04000000000,"Transit"
"Kepler-412 b",0.94100000,299.07803000,1.72086040000,"Transit"
"Kepler-92 b",0.20200000,64.30000000,13.74900000000,"Transit"
"Kepler-288 c",0.02670000,8.50000000,19.30577200000,"Transit"
"Kepler-295 b",0.00624000,1.98000000,12.64516400000,"Transit"
"Kepler-178 d",0.04650000,14.80000000,96.67898800000,"Transit"
"Kepler-44 b",1.00000000,317.82000000,3.24672930000,"Transit"
"Kepler-41 b",0.56000000,177.98000000,1.85555820000,"Transit"
"Kepler-450 d",0.05537552,17.60000000,7.51464000000,"Transit"
"POTS-1 b",2.31000000,734.16000000,3.16062960000,"Transit"
"Kepler-350 d",0.04700000,14.90000000,26.13600000000,"Transit"
"Kepler-238 f",0.04200000,13.50000000,50.44700000000,"Transit"
"Kepler-287 c",0.20765922,66.00000000,44.85189600000,"Transit"
"Kepler-285 b",0.00742000,2.36000000,2.63386700000,"Transit"
"Kepler-181 b",0.00678000,2.15000000,3.13787300000,"Transit"
"Kepler-1398 c",0.00340000,1.08000000,4.13827595000,"Transit"
"Kepler-963 b",0.02380000,7.56000000,9.97683705000,"Transit"
"WASP-24 b",1.24000000,394.10920000,2.34121000000,"Transit"
"WASP-21 b",0.30000000,95.34500000,4.32248200000,"Transit"
"TOI-237 b",0.00839000,2.67000000,5.43609800000,"Transit"
"K2-237 b",1.36600000,434.15360396,2.18053332000,"Transit"
"Kepler-284 b",0.01780000,5.65000000,12.69914900000,"Transit"
"Kepler-654 b",0.01550000,4.94000000,13.72465129000,"Transit"
"Kepler-199 c",0.03340000,10.60000000,67.09340800000,"Transit"
"Kepler-214 b",0.02300000,7.32000000,15.66054400000,"Transit"
"Kepler-87 b",1.02000000,324.20000000,114.73635000000,"Transit"
"Kepler-75 b",10.10000000,3209.90000000,8.88491160000,"Transit"
"Kepler-74 b",0.63000000,200.22000000,7.34071100000,"Transit"
"Kepler-145 c",0.25000000,79.40000000,42.88200000000,"Transit"
"Kepler-328 b",0.09000000,28.50000000,34.92100000000,"Transit"
"Kepler-115 c",0.02290000,7.27000000,8.99088900000,"Transit"
"Kepler-341 c",0.01110000,3.53000000,8.01041000000,"Transit"
"Kepler-225 b",0.00588000,1.87000000,6.73897500000,"Transit"
"Kepler-871 b",0.04240000,13.50000000,22.04590180000,"Transit"
"Kepler-56 c",0.57000000,181.00000000,21.40239000000,"Transit"
"XO-5 b",1.19000000,378.20000000,4.18775580000,"Transit"
"Kepler-447 b",1.37000000,435.41000000,7.79430132000,"Transit"
"Kepler-216 b",0.01930000,6.12000000,7.69364100000,"Transit"
"Kepler-259 c",0.02440000,7.75000000,36.92493100000,"Transit"
"Kepler-293 b",0.03030000,9.64000000,19.25419600000,"Transit"
"Kepler-291 b",0.01670000,5.31000000,3.54651100000,"Transit"
"Kepler-242 c",0.01470000,4.66000000,14.49648100000,"Transit"
"Kepler-240 b",0.00771000,2.45000000,4.14449500000,"Transit"
"Kepler-56 b",0.07000000,22.10000000,10.50160000000,"Transit"
"WASP-16 b",1.24000000,394.10920000,3.11860000000,"Transit"
"WASP-17 b",0.78000000,247.90740000,3.73543000000,"Transit"
"WASP-18 b",10.20000000,3241.84975140,0.94145223000,"Transit"
"HAT-P-54 b",0.76000000,241.55080000,3.79984700000,"Transit"
"Kepler-148 c",0.03980000,12.60000000,4.18004300000,"Transit"
"Kepler-179 b",0.01050000,3.33000000,2.73592600000,"Transit"
"Kepler-303 b",0.00201000,0.64000000,1.93705500000,"Transit"
"Kepler-260 b",0.01480000,4.70000000,8.18739900000,"Transit"
"Kepler-226 b",0.07600000,24.00000000,3.94099700000,"Transit"
"WASP-26 b",0.85000000,270.15550000,2.75660000000,"Transit"
"WASP-33 b",2.09300000,665.21819000,1.21987000000,"Transit"
"HATS-14 b",1.07100000,340.39593000,2.76676410000,"Transit"
"Kepler-1162 b",0.01740000,5.52000000,32.56370690000,"Transit"
"Kepler-1126 b",0.01150000,3.64000000,108.59332900000,"Transit"
"Kepler-165 c",0.01760000,5.60000000,15.31299000000,"Transit"
"Kepler-197 d",0.00624000,1.98000000,15.67756300000,"Transit"
"Kepler-125 b",0.01950000,6.21000000,4.16438900000,"Transit"
"Kepler-306 c",0.01930000,6.12000000,7.24019300000,"Transit"
"KOI-351 e",0.02380000,7.56000000,91.93913000000,"Transit"
"KOI-351 c",0.00570000,1.81000000,8.71937500000,"Transit"
"Kepler-222 c",0.06120000,19.40000000,10.08881000000,"Transit"
"Kepler-184 d",0.02130000,6.76000000,29.02235800000,"Transit"
"Kepler-309 b",0.00961000,3.05000000,5.92365300000,"Transit"
"Kepler-696 b",0.09840000,31.30000000,4.19042557500,"Transit"
"Kepler-11 f",0.00600000,2.00000000,46.68880000000,"Transit"
"Kepler-11 e",0.02500000,8.00000000,31.99960000000,"Transit"
"Kepler-11 g",0.07900000,25.00000000,118.38070000000,"Transit"
"Kepler-166 c",0.01970000,6.26000000,34.26028100000,"Transit"
"Kepler-275 b",0.01910000,6.08000000,10.30068200000,"Transit"
"Kepler-1298 b",0.00714000,2.27000000,7.12811928000,"Transit"
"Kepler-11 c",0.00900000,2.90000000,13.02410000000,"Transit"
"WASP-57 b",0.64400000,204.68252000,2.83891856000,"Transit"
"HAT-P-50 b",1.35000000,429.07050000,3.12201090000,"Transit"
"MOA-2008-BLG-379L b",4.10000000,1300.00000000,,"Microlensing"
"HD 13908 b",0.86500000,274.91000000,19.38200000000,"Radial Velocity"
"Kepler-108 b",0.17600000,56.00000000,49.18392100000,"Transit"
"Kepler-264 b",0.03480000,11.10000000,40.80623100000,"Transit"
"Kepler-279 b",13.15467689,4180.93000000,12.30968100000,"Transit"
"Kepler-286 c",0.00771000,2.45000000,3.46809500000,"Transit"
"GJ 667 C c",0.01200000,3.80000000,28.14000000000,"Radial Velocity"
"HD 13908 c",5.13000000,1630.40000000,931.00000000000,"Radial Velocity"
"HD 159243 b",1.13000000,359.13000000,12.62000000000,"Radial Velocity"
"Kepler-261 b",0.01700000,5.39000000,10.38122700000,"Transit"
"HIP 57274 c",0.40902369,130.00000000,32.03000000000,"Radial Velocity"
"Kepler-292 d",0.01760000,5.60000000,7.05567900000,"Transit"
"GJ 667 C f",0.00800000,2.70000000,39.02600000000,"Radial Velocity"
"HD 73526 c",2.25000000,715.09000000,379.10000000000,"Radial Velocity"
"HD 106906 b",11.00000000,3496.00000000,,"Imaging"
"Kepler-119 b",0.03980000,12.60000000,2.42208200000,"Transit"
"HD 220074 b",16.64000000,5288.69120000,672.09998000000,"Radial Velocity"
"Kepler-343 b",0.02010000,6.39000000,8.96855000000,"Transit"
"Kepler-282 d",0.19200000,61.00000000,24.80600000000,"Transit"
"Kepler-619 b",0.03190000,10.10000000,5.40427219700,"Transit"
"Kepler-656 b",0.03120000,9.91000000,1.26025909400,"Transit"
"Kepler-273 b",0.00899000,2.86000000,2.93653200000,"Transit"
"Kepler-677 b",0.07860000,25.00000000,6.57531678000,"Transit"
"Kepler-306 b",0.00920000,2.92000000,4.64618600000,"Transit"
"Kepler-267 d",0.01820000,5.77000000,28.46451500000,"Transit"
"DP Leo b",6.28000000,1995.88832000,10220.00000000000,"Eclipse Timing Variations"
"Kepler-20 g",0.06280087,19.96000000,34.94000000000,"Radial Velocity"
"Kepler-19 c",0.04121700,13.10000000,28.73100000000,"Transit Timing Variations"
"HAT-P-34 b",3.33000000,1058.37390000,5.45265400000,"Transit"
"Kepler-549 c",0.02800000,8.91000000,117.04049800000,"Transit"
"Kepler-603 d",0.00724000,2.30000000,6.21712920000,"Transit"
"WASP-37 b",1.80000000,572.07000000,3.57746900000,"Transit"
"WASP-90 b",0.63000000,200.23290000,3.91624300000,"Transit"
"K2-26 b",0.02390000,7.61000000,14.56650000000,"Transit"
"Kepler-276 c",0.05200000,16.60000000,31.88400000000,"Transit"
"Kepler-305 b",0.03300000,10.50000000,5.48700000000,"Transit"
"Kepler-266 b",0.02110000,6.71000000,6.61833000000,"Transit"
"Kepler-121 c",0.01820000,5.77000000,41.00801100000,"Transit"
"Kepler-338 d",0.02920000,9.27000000,44.43101400000,"Transit"
"2MASS J01225093-2439505 b",24.50000000,7786.50000000,,"Imaging"
"WASP-52 b",0.46000000,146.20000000,1.74977980000,"Transit"
"WASP-75 b",1.07000000,340.06000000,2.48419300000,"Transit"
"WASP-135 b",1.90000000,603.87700000,1.40137940000,"Transit"
"HD 20794 e",0.01500802,4.77000000,147.02000000000,"Radial Velocity"
"HD 27894 c",0.16200000,51.48846000,36.07000000000,"Radial Velocity"
"Kepler-126 d",0.17175992,54.59018723,100.28313400000,"Transit"
"Kepler-381 c",0.00459000,1.46000000,13.39163500000,"Transit"
"Kepler-249 d",0.00972000,3.09000000,15.36845900000,"Transit"
"Kepler-254 d",0.02140000,6.80000000,18.74647700000,"Transit"
"Kepler-619 c",0.01100000,3.50000000,1.20846502600,"Transit"
"Kepler-1610 b",0.01010000,3.22000000,8.70181574000,"Transit"
"Kepler-363 d",0.01530000,4.86000000,11.93212500000,"Transit"
"Kepler-366 b",0.00859000,2.73000000,3.28195900000,"Transit"
"Kepler-141 b",0.00080900,0.25700000,3.10767500000,"Transit"
"Kepler-142 d",0.01670000,5.31000000,41.80911800000,"Transit"
"Kepler-400 b",0.01060000,3.36000000,9.02438900000,"Transit"
"Kepler-204 c",0.01210000,3.86000000,25.66059300000,"Transit"
"WASP-41 c",3.18000000,1010.69940000,421.00000000000,"Radial Velocity"
"Kepler-312 c",0.03170000,10.10000000,19.74741200000,"Transit"
"Kepler-286 d",0.00733000,2.33000000,5.91432300000,"Transit"
"Kepler-91 b",0.81000000,257.44230000,6.24658000000,"Transit"
"Kepler-1181 b",0.00972000,3.09000000,4.89337519000,"Transit"
"Kepler-1489 b",0.01190000,3.78000000,82.29475100000,"Transit"
"Kepler-1491 b",0.00909000,2.89000000,16.58617620000,"Transit"
"CoRoT-7 b",0.01282637,4.07660518,0.85359163000,"Transit"
"HD 176986 d",0.02126934,6.76000000,61.37600000000,"Radial Velocity"
"Kepler-354 b",0.01270000,4.04000000,5.47666000000,"Transit"
"Kepler-368 b",0.03360000,10.70000000,26.84768000000,"Transit"
"Kepler-135 b",0.01240000,3.93000000,6.00253000000,"Transit"
"Kepler-383 b",0.00724000,2.30000000,12.90453200000,"Transit"
"HAT-P-66 b",0.78300000,248.86089000,2.97208600000,"Transit"
"WASP-118 b",0.51400000,163.36462000,4.04604350000,"Transit"
"WASP-7 b",0.96000000,305.11680000,4.95464160000,"Transit"
"XO-4 b",1.42000000,451.31860000,4.12508000000,"Transit"
"KELT-2 A b",1.70000000,540.31100000,4.11379000000,"Transit"
"K2-30 b",0.57900000,184.02357000,4.09850300000,"Transit"
"WASP-101 b",0.51000000,162.09330000,3.58572000000,"Transit"
"Kepler-104 c",0.02247458,7.14430805,23.66820500000,"Transit"
"Kepler-369 c",0.00809000,2.57000000,14.87157200000,"Transit"
"Kepler-371 b",0.01330000,4.23000000,34.76327800000,"Transit"
"Kepler-147 b",0.00930000,2.96000000,12.61058400000,"Transit"
"Kepler-132 d",0.00951000,3.02000000,18.01019900000,"Transit"
"Kepler-208 c",0.00790000,2.51000000,7.46662300000,"Transit"
"Kepler-487 c",0.02410000,7.65000000,38.65199760000,"Transit"
"Kepler-316 c",0.00521000,1.65000000,6.82776600000,"Transit"
"Kepler-313 b",0.02180000,6.94000000,14.97041800000,"Transit"
"Kepler-372 c",0.01580000,5.02000000,20.05376300000,"Transit"
"Kepler-373 b",0.00761000,2.42000000,5.53530900000,"Transit"
"HD 176986 c",6.60100000,2097.98531461,16.81240000000,"Radial Velocity"
"Kepler-151 c",0.01580000,5.02000000,24.67461200000,"Transit"
"Kepler-386 c",0.00982000,3.12000000,25.19345800000,"Transit"
"Kepler-215 c",0.01190000,3.78000000,14.66710800000,"Transit"
"Kepler-404 b",0.00678000,2.15000000,11.82985100000,"Transit"
"NGTS-33 b",3.63000000,1153.71711741,2.82797200000,"Transit"
"OGLE-2018-BLG-1428L b",0.77000000,240.00000000,,"Microlensing"
"HAT-P-30 b",0.83000000,263.79890000,2.81060000000,"Transit"
"TOI-1288 c",0.26964235,85.70000000,416.00000000000,"Radial Velocity"
"Kepler-317 b",0.34500000,109.80000000,5.52424200000,"Transit"
"Kepler-319 c",0.02330000,7.41000000,6.94135700000,"Transit"
"Kepler-375 c",0.02360000,7.51000000,19.98632600000,"Transit"
"Kepler-356 c",0.01240000,3.93000000,13.12163200000,"Transit"
"Kepler-387 b",0.00340000,1.08000000,6.79163600000,"Transit"
"Kepler-388 b",0.00144000,0.45700000,3.17331500000,"Transit"
"Kepler-224 e",0.01430000,4.54000000,18.64357700000,"Transit"
"Kepler-226 d",0.00624000,1.98000000,8.10904400000,"Transit"
"Kepler-348 b",0.00920000,2.92000000,7.05677000000,"Transit"
"Kepler-338 b",0.09600000,30.60000000,13.72697600000,"Transit"
"Kepler-376 c",0.01210000,3.86000000,14.17232700000,"Transit"
"Kepler-377 c",0.01540000,4.90000000,27.01497600000,"Transit"
"Kepler-389 b",0.00909000,2.89000000,3.24410700000,"Transit"
"Kepler-118 b",0.01420000,4.50000000,7.51849600000,"Transit"
"Kepler-123 c",0.00879000,2.79000000,26.69507400000,"Transit"
"Kepler-243 c",0.01450000,4.62000000,20.02621800000,"Transit"
"GJ 3470 b",0.04373407,13.90000000,3.33664960000,"Radial Velocity"
"Kepler-379 c",0.01840000,5.86000000,62.78469700000,"Transit"
"Kepler-112 c",0.02000000,6.35000000,28.57426300000,"Transit"
"Kepler-137 c",0.01320000,4.19000000,18.73575300000,"Transit"
"Kepler-390 b",0.00150000,0.47700000,6.73808800000,"Transit"
"K2-400 b",0.00525000,1.67000000,3.86505300000,"Transit"
"HD 6860 b",28.26000000,8981.83078182,663.87000000000,"Radial Velocity"
"WASP-155 b",0.87100000,276.82854250,3.11041300000,"Transit"
"Kepler-351 c",0.03500000,11.10000000,57.24809000000,"Transit"
"Kepler-327 b",0.00444000,1.41000000,2.54957500000,"Transit"
"Kepler-114 b",0.00342952,1.09000000,5.18854900000,"Transit"
"Kepler-358 c",0.02670000,8.50000000,83.48836900000,"Transit"
"Kepler-169 c",0.00606000,1.92000000,6.19546900000,"Transit"
"Kepler-236 b",0.00972000,3.09000000,8.29561100000,"Transit"
"Kepler-141 c",0.00809000,2.57000000,7.01060600000,"Transit"
"Kepler-858 b",0.06640000,21.10000000,76.13602028000,"Transit"
"Kepler-855 b",0.16600000,52.70000000,7.88663110400,"Transit"
"Kepler-321 c",0.01890000,5.99000000,13.09392100000,"Transit"
"Kepler-349 b",0.29700000,94.50000000,5.92977800000,"Transit"
"Kepler-353 c",0.00780000,2.48000000,8.41089400000,"Transit"
"Kepler-359 c",0.00912437,2.90000000,57.68802000000,"Transit"
"Kepler-173 b",0.00696000,2.21000000,4.26374200000,"Transit"
"K2-29 b",0.73000000,232.01590000,3.25883210000,"Transit"
"Kepler-180 b",0.00899000,2.86000000,13.81712400000,"Transit"
"Kepler-244 d",0.04800000,15.20000000,20.05040100000,"Transit"
"Kepler-254 c",0.01000000,3.20000000,12.41218300000,"Transit"
"WASP-92 b",0.80500000,255.85315000,2.17467420000,"Transit"
"TOI-6109 b",0.06640000,21.10000000,5.69047600000,"Transit"
"Kepler-619 d",0.05100000,16.20000000,11.67894236000,"Transit"
"Kepler-138 d",0.00660734,2.10000000,23.09230000000,"Transit"
"Kepler-330 c",0.01400000,4.46000000,15.95538700000,"Transit"
"Kepler-1243 b",0.01170000,3.71000000,16.83207290000,"Transit"
"Kepler-360 b",0.01060000,3.36000000,3.28967200000,"Transit"
"Kepler-49 e",0.00326639,1.03815000,18.59610800000,"Transit"
"Kepler-140 b",0.01010000,3.22000000,3.25427000000,"Transit"
"Kepler-122 d",0.01720000,5.48000000,21.58747500000,"Transit"
"HIP 113103 b",0.01260000,4.00000000,7.61030300000,"Transit"
"HD 28109 d",0.01824884,5.80000000,84.28990000000,"Transit"
"Kepler-37 c",0.00409026,1.30000000,21.30184800000,"Transit"
"Kepler-268 c",0.03570000,11.40000000,83.44639300000,"Transit"
"Kepler-171 c",0.02230000,7.08000000,11.46346200000,"Transit"
"Kepler-133 c",0.02660000,8.45000000,31.51758600000,"Transit"
"Kepler-185 b",0.00537000,1.71000000,1.63290000000,"Transit"
"WASP-50 b",1.46880000,466.82870400,1.95510000000,"Transit"
"HD 167768 b",0.85000000,270.15414595,20.65320000000,"Radial Velocity"
"Kepler-346 b",0.02380000,7.56000000,6.51112700000,"Transit"
"Kepler-718 b",,,2.05234990500,"Transit"
"Kepler-720 b",0.16800000,53.40000000,4.70832654200,"Transit"
"Kepler-1241 b",0.02330000,7.41000000,18.55257010000,"Transit"
"Kepler-495 b",0.07490000,23.80000000,3.41303622100,"Transit"
"Kepler-281 b",1.01941800,324.00000000,14.64600800000,"Transit"
"Kepler-288 b",0.01080000,3.43000000,6.09732600000,"Transit"
"Kepler-394 b",0.01000000,3.19000000,8.00501300000,"Transit"
"Kepler-189 b",0.00606000,1.92000000,10.39993100000,"Transit"
"HD 27894 d",6.49300000,2063.65984665,5019.54244000000,"Radial Velocity"
"TOI-2986 b",0.30400000,96.61983573,3.27836620000,"Transit"
"WASP-154 b",0.62600000,198.96058278,3.81167800000,"Transit"
"Kepler-1990 c",0.00284000,0.90400000,4.06844957000,"Transit"
"Kepler-148 b",0.01230000,3.89000000,1.72936600000,"Transit"
"Kepler-178 c",0.02720000,8.65000000,20.55280200000,"Transit"
"Kepler-686 b",,,1.59474546300,"Transit"
"Kepler-468 b",,,38.47875706700,"Transit"
"Kepler-953 c",0.00570000,1.81000000,9.10967112000,"Transit"
"Kepler-342 b",0.01790000,5.69000000,15.17031800000,"Transit"
"Kepler-334 c",0.00829000,2.63000000,12.75800500000,"Transit"
"Kepler-291 c",0.01320000,4.19000000,5.70078600000,"Transit"
"Kepler-298 c",0.01380000,4.38000000,22.92881000000,"Transit"
"Kepler-190 c",0.00859000,2.73000000,3.76302400000,"Transit"
"Kepler-191 c",0.01300000,4.12000000,17.73850600000,"Transit"
"BD-08 2823 c",0.33000000,104.00000000,237.60000000000,"Radial Velocity"
"HD 10180 f",0.07520000,23.90000000,122.74400000000,"Radial Velocity"
"Kepler-207 c",0.00899000,2.86000000,3.07157100000,"Transit"
"Kepler-224 b",0.00790000,2.51000000,3.13292400000,"Transit"
"TOI-5678 b",0.06292704,20.00000000,47.73022000000,"Transit"
"TOI-836.01",0.03020498,9.60000000,8.59545000000,"Transit"
"HIP 75092 b",1.79000000,568.91284853,926.40000000000,"Radial Velocity"
"Kepler-337 c",0.01530000,4.86000000,9.69320100000,"Transit"
"Kepler-299 d",0.01300000,4.12000000,15.05478600000,"Transit"
"Kepler-953 b",0.05190000,16.50000000,88.40655258000,"Transit"
"Kepler-493 b",,,3.00387658100,"Transit"
"Kepler-303 c",0.00489000,1.55000000,7.06114900000,"Transit"
"Kepler-137 b",0.00869000,2.76000000,8.43638700000,"Transit"
"WASP-77 A b",1.66540000,529.31142902,1.36002939500,"Transit"
"HD 22946 d",0.08359857,26.57000000,47.42489000000,"Transit"
"Kepler-68 e",0.27200000,86.44932670,3455.00000000000,"Radial Velocity"
"Kepler-228 b",0.00930000,2.96000000,2.56654600000,"Transit"
"Kepler-238 c",0.47988788,152.52200000,6.15555700000,"Transit"
"KOI-7368 b",0.01750000,5.56000000,6.84303440000,"Transit"
"TOI-6008 b",0.01258541,4.00000000,0.85743470000,"Transit"
"Kepler-324 c",0.01950738,6.20000000,51.80561200000,"Transit"
"Kepler-188 b",0.01090000,3.46000000,2.06189700000,"Transit"
"Kepler-126 b",0.01294360,4.11726105,10.49571100000,"Transit"
"HD 134606 c",0.03558524,11.31000000,58.88300000000,"Radial Velocity"
"TOI-6324 b",0.00368123,1.17000000,0.27922100000,"Transit"
"TOI-1422 b",0.02989034,9.50000000,12.99894000000,"Transit"
"Kepler-136 c",0.01450000,4.62000000,16.39923500000,"Transit"
"Kepler-198 c",0.02100000,6.66000000,49.56741600000,"Transit"
"Kepler-398 b",0.00236000,0.74900000,4.08142300000,"Transit"
"Kepler-244 c",0.01530000,4.86000000,9.76729200000,"Transit"
"Kepler-247 b",0.01050000,3.33000000,3.33616000000,"Transit"
"TOI-5786 b",0.22968369,73.00000000,12.77910700000,"Transit"
"KMT-2021-BLG-0192L b",0.11000000,34.96112477,,"Microlensing"
"TOI-4914 b",0.71422187,227.00000000,10.60057000000,"Transit"
"K2-185 c",0.01980000,6.30000000,52.71349400000,"Transit"
"Kepler-301 d",0.01170000,3.71000000,13.75124300000,"Transit"
"Kepler-301 c",0.00752000,2.39000000,5.41902600000,"Transit"
"Kepler-342 d",0.02130000,6.76000000,39.45935700000,"Transit"
"Kepler-191 b",0.00742000,2.36000000,9.93963200000,"Transit"
"Kepler-194 d",0.02000000,6.35000000,52.81497300000,"Transit"
"Kepler-208 e",0.00879000,2.79000000,16.25945800000,"Transit"
"Kepler-344 c",0.02830000,9.01000000,125.59680900000,"Transit"
"Kepler-304 d",0.02520000,8.00000000,9.65347100000,"Transit"
"Kepler-304 c",0.01680000,5.35000000,5.31594600000,"Transit"
"Kepler-81 d",0.00606000,1.92000000,20.83784600000,"Transit"
"Kepler-548 b",,,4.45419433800,"Transit"
"Kepler-723 b",,,4.08227506800,"Transit"
"Kepler-197 e",0.00218000,0.69300000,25.20971500000,"Transit"
"Kepler-200 c",0.00993000,3.15000000,10.22215700000,"Transit"
"Kepler-346 c",0.03030000,9.64000000,23.85154900000,"Transit"
"Kepler-350 b",0.05317335,16.90000000,11.18956200000,"Transit"
"Kepler-306 e",0.01820000,5.77000000,44.84097500000,"Transit"
"Kepler-84 e",0.02290000,7.27000000,27.43438900000,"Transit"
"Kepler-265 e",0.02270000,7.22000000,67.83102400000,"Transit"
"Kepler-217 c",0.01280000,4.08000000,8.58600400000,"Transit"
"Kepler-220 d",0.00284000,0.90400000,28.12239700000,"Transit"
"Kepler-351 b",0.01500000,4.80000000,37.05491900000,"Transit"
"Kepler-352 b",0.00178000,0.56600000,10.05537000000,"Transit"
"Kepler-84 d",0.00780000,2.48000000,4.22453700000,"Transit"
"Kepler-310 d",0.02202435,7.00000000,92.87612500000,"Transit"
"Kepler-282 b",0.00317000,1.01000000,9.22052400000,"Transit"
"Kepler-282 c",0.00588000,1.87000000,13.63872300000,"Transit"
"Kepler-220 e",0.00733000,2.33000000,45.90273300000,"Transit"
"Kepler-154 c",0.02830000,9.01000000,62.30327600000,"Transit"
"Kepler-353 b",0.00201000,0.64000000,5.79527800000,"Transit"
"Kepler-85 e",0.00188780,0.60000000,25.21675100000,"Transit"
"Kepler-55 e",0.00951000,3.02000000,4.61753400000,"Transit"
"Kepler-310 b",0.00570000,1.81000000,13.93069800000,"Transit"
"Kepler-286 e",0.01190000,3.78000000,29.22128900000,"Transit"
"Kepler-368 c",0.04510000,14.30000000,72.37933400000,"Transit"
"Kepler-356 b",0.00972000,3.09000000,4.61269600000,"Transit"
"Kepler-354 d",0.00651000,2.07000000,24.20984200000,"Transit"
"Kepler-313 c",0.02240000,7.13000000,32.27327300000,"Transit"
"Kepler-142 b",0.01450000,4.62000000,2.02415200000,"Transit"
"Kepler-487 b",,,15.35876840300,"Transit"
"Kepler-506 b",0.02490000,7.90000000,6.88340550000,"Transit"
"K2-419 A b",0.61700000,196.00000000,20.35847252000,"Transit"
"TOI-4794 b",0.97000000,308.29355479,3.56581160000,"Transit"
"K2-398 c",0.07180000,22.80000000,18.78783900000,"Transit"
"Kepler-299 e",0.01310000,4.16000000,38.28548900000,"Transit"
"Kepler-372 b",0.00761000,2.42000000,6.84969200000,"Transit"
"Kepler-378 c",0.00085200,0.27100000,28.90600900000,"Transit"
"Kepler-357 c",0.02390000,7.61000000,16.85837000000,"Transit"
"Kepler-308 c",0.01670000,5.31000000,15.38231000000,"Transit"
"Kepler-124 b",0.00099000,0.31500000,3.41049300000,"Transit"
"Kepler-235 b",0.01760000,5.60000000,3.34022200000,"Transit"
"Kepler-392 c",0.00430000,1.37000000,10.42311800000,"Transit"
"Kepler-360 c",0.01590000,5.06000000,7.18643400000,"Transit"
"Kepler-363 b",0.00521000,1.65000000,3.61456800000,"Transit"
"Kepler-319 d",0.01840000,5.86000000,31.78192500000,"Transit"
"Kepler-319 b",0.01040000,3.29000000,4.36270500000,"Transit"
"Kepler-398 c",0.00317000,1.01000000,11.41941200000,"Transit"
"Kepler-399 b",0.00264000,0.84000000,14.42528100000,"Transit"
"Kepler-379 b",0.01070000,3.39000000,20.09838000000,"Transit"
"Kepler-198 b",0.02630000,8.35000000,17.79003700000,"Transit"
"Kepler-372 d",0.01100000,3.50000000,30.09256800000,"Transit"
"Kepler-146 b",0.04180000,13.30000000,31.15879900000,"Transit"
"Kepler-250 b",0.00474000,1.51000000,4.14814100000,"Transit"
"Kepler-390 c",0.00131000,0.41800000,13.06002200000,"Transit"
"Kepler-373 c",0.00651000,2.07000000,16.72594800000,"Transit"
"Kepler-326 b",0.14000000,44.60000000,2.24832900000,"Transit"
"Kepler-325 c",0.02200000,6.99000000,12.76217200000,"Transit"
"Kepler-46 d",0.01050000,3.33000000,6.76658900000,"Transit"
"Kepler-142 c",0.02690000,8.55000000,4.76170200000,"Transit"
"Kepler-374 d",0.00714000,2.27000000,5.02821900000,"Transit"
"Kepler-375 b",0.00849000,2.70000000,12.12593400000,"Transit"
"Kepler-256 b",0.00993000,3.15000000,1.62049300000,"Transit"
"Kepler-327 d",0.01150000,3.64000000,13.96945700000,"Transit"
"Kepler-403 c",0.01170000,3.71000000,54.28074900000,"Transit"
"Kepler-209 c",0.03080000,9.80000000,41.74988200000,"Transit"
"Kepler-246 c",0.00899000,2.86000000,11.18716100000,"Transit"
"Kepler-250 d",0.01700000,5.39000000,17.64831200000,"Transit"
"Kepler-376 b",0.00390000,1.24000000,4.92019900000,"Transit"
"Kepler-380 c",0.00678000,2.15000000,7.63000400000,"Transit"
"Kepler-130 d",0.01050000,3.33000000,87.51790500000,"Transit"
"Kepler-252 b",0.00642000,2.04000000,6.66839100000,"Transit"
"Kepler-255 b",0.00951000,3.02000000,5.71460600000,"Transit"
"Kepler-381 b",0.00295000,0.93700000,5.62902100000,"Transit"
"Kepler-383 c",0.00651000,2.07000000,31.20075100000,"Transit"
"Kepler-331 d",0.01050000,3.33000000,32.13432800000,"Transit"
"Kepler-333 c",0.00444000,1.41000000,24.08821000000,"Transit"
"HATS-33 b",1.19200000,378.85336000,2.54955510000,"Transit"
"TOI-2154 b",0.92000000,292.40213444,3.82408010000,"Transit"
"TOI-4666 b",0.48900000,155.41809102,2.90891650000,"Transit"
"WASP-194 b",1.17400000,373.13054982,3.18338700000,"Transit"
"HD 147379 b",0.06796120,21.60000000,86.58000000000,"Radial Velocity"
"TOI-2338 b",5.98000000,1900.61387386,22.65398000000,"Transit"
"Kepler-1979 b",,,18.50845260000,"Transit"
"K2-407 c",0.00761000,2.42000000,9.22453000000,"Transit"
"K2-55 b",0.13843948,44.00000000,2.84927100000,"Transit"
"K2-60 b",0.42600000,135.39558000,3.00265000000,"Transit"
"Kepler-405 c",0.06160000,19.60000000,29.72668200000,"Transit"
"Kepler-256 d",0.02110000,6.71000000,5.83917200000,"Transit"
"Kepler-258 c",0.03990000,12.70000000,33.65307900000,"Transit"
"Kepler-387 c",0.00201000,0.64000000,11.83754900000,"Transit"
"Kepler-334 d",0.00809000,2.57000000,25.09849000000,"Transit"
"Kepler-336 b",0.00328000,1.04000000,2.02482300000,"Transit"
"Kepler-149 c",0.01010000,3.22000000,55.32832800000,"Transit"
"Kepler-393 c",0.00733000,2.33000000,14.61361200000,"Transit"
"Kepler-292 c",0.00869000,2.76000000,3.71533500000,"Transit"
"Kepler-337 b",0.00940000,2.99000000,3.29278100000,"Transit"
"Kepler-338 c",0.01910000,6.08000000,24.31085600000,"Transit"
"K2-405 b",0.05960000,18.90000000,3.43547100000,"Transit"
"TOI-1346 c",0.01760000,5.60000000,5.50255800000,"Transit"
"Kepler-102 d",0.00943906,3.00000000,10.31176700000,"Transit"
"HD 20329 b",0.02334593,7.42000000,0.92611800000,"Transit"
"HIP 111909 c",0.81000000,257.44100967,893.63000000000,"Radial Velocity"
"Kepler-158 d",0.00014800,0.04720000,0.64508800000,"Transit"
"Kepler-169 f",0.02260000,7.18000000,87.09019500000,"Transit"
"Kepler-265 b",0.01300000,4.12000000,6.84626200000,"Transit"
"Kepler-269 c",0.01100000,3.50000000,8.12789900000,"Transit"
"Kepler-395 b",0.00340000,1.08000000,7.05434600000,"Transit"
"Kepler-298 d",0.02140000,6.80000000,77.47363300000,"Transit"
"Kepler-339 c",0.02300000,7.30000000,6.98805500000,"Transit"
"Kepler-339 d",0.04600000,14.70000000,10.55834500000,"Transit"
"Kepler-171 d",0.01330000,4.23000000,39.59551900000,"Transit"
"Kepler-174 d",0.01710000,5.43000000,247.35373000000,"Transit"
"Kepler-272 d",0.01790000,5.69000000,10.93730400000,"Transit"
"Kepler-206 d",0.00570000,1.81000000,23.44281000000,"Transit"
"Kepler-122 c",0.09120000,29.00000000,12.46598800000,"Transit"
"Kepler-251 c",0.02550000,8.10000000,16.51404300000,"Transit"
"Kepler-234 c",0.03810000,12.10000000,7.21205000000,"Transit"
"KOI-1257 b",1.45000000,460.83000000,86.64766100000,"Transit"
"OGLE-2008-BLG-355L b",4.60000000,1500.00000000,,"Microlensing"
"Kepler-200 b",0.01630000,5.18000000,8.59480500000,"Transit"
"Kepler-188 c",0.03240000,10.30000000,5.99655300000,"Transit"
"Kepler-252 c",0.01660000,5.27000000,10.84846300000,"Transit"
"Kepler-1928 b",0.01460000,4.63000000,19.57783000000,"Transit"
"Gaia-5 b",20.87000000,6633.07885409,358.62000000000,"Astrometry"
"Kepler-1981 b",0.19700000,62.50000000,453.54212000000,"Transit"
"TOI-3082 b",0.04090000,13.00000000,1.92690700000,"Transit"
"WASP-8 b",2.54000000,807.28820000,8.15872000000,"Transit"
"Kepler-107 b",0.01195614,3.80000000,3.18002180000,"Transit"
"GJ 508.2 b",1.85000000,587.98255295,5300.00000000000,"Radial Velocity"
"TOI-6086 b",0.00553000,1.76000000,1.38887250000,"Transit"
"KELT-12 b",0.95000000,301.93850000,5.03162300000,"Transit"
"HIP 67851 b",1.15000000,365.50266805,89.23000000000,"Radial Velocity"
"TOI-2443 b",0.01510249,4.80000000,15.66858000000,"Transit"
"Kepler-1983 b",0.01900000,6.04000000,7.32851947000,"Transit"
"Kepler-421 b",0.05080000,16.10000000,704.19840000000,"Transit"
"Kepler-343 c",0.01490000,4.74000000,23.22182000000,"Transit"
"TOI-2141 d",0.04688064,14.90000000,60.45000000000,"Radial Velocity"
"TOI-2719 b",0.09410000,29.90000000,3.37594000000,"Transit"
"NGTS-24 b",0.52000000,165.27077164,3.46787960000,"Transit"
"Kepler-190 b",0.00961000,3.05000000,2.01999900000,"Transit"
"Kepler-253 c",0.02360000,7.51000000,10.28195100000,"Transit"
"Kepler-170 c",0.02690000,8.55000000,16.66586300000,"Transit"
"Kepler-205 c",0.01050000,3.33000000,20.30654600000,"Transit"
"KELT-7 b",1.39000000,441.78370000,2.73477000000,"Transit"
"WASP-127 b",0.16470000,52.34660100,4.17806203000,"Transit"
"TOI-216.02",0.05900000,18.75187601,17.16073000000,"Transit"
"HATS-59 c",12.70000000,4036.44100000,1422.00000000000,"Radial Velocity"
"Kepler-202 b",0.01040000,3.29000000,4.06942700000,"Transit"
"Kepler-214 c",0.01630000,5.18000000,28.77980000000,"Transit"
"Kepler-192 b",0.02500000,7.95000000,9.92674600000,"Transit"
"Kepler-196 c",0.01780000,5.65000000,47.42773700000,"Transit"
"Kepler-245 d",0.06800000,21.60000000,36.27710800000,"Transit"
"Kepler-101 c",0.01000000,3.78000000,6.02976000000,"Transit"
"Kepler-154 b",0.01800000,5.73000000,33.04053200000,"Transit"
"Kepler-359 d",0.00849511,2.70000000,77.09569100000,"Transit"
"Kepler-256 c",0.01660000,5.27000000,3.38802000000,"Transit"
"Kepler-254 b",0.04490000,14.30000000,5.82666200000,"Transit"
"Kepler-184 c",0.02800000,8.80000000,20.30300500000,"Transit"
"Kepler-248 b",0.02950000,9.38000000,6.30820500000,"Transit"
"KIC 10001893 b",,,0.21970000000,"Orbital Brightness Modulation"
"KIC 10001893 c",,,0.32528000000,"Orbital Brightness Modulation"
"Kepler-172 b",0.01930000,6.12000000,2.94030900000,"Transit"
"Kepler-205 b",0.00909000,2.89000000,2.75564000000,"Transit"
"Kepler-257 c",0.07940000,25.20000000,6.58148400000,"Transit"
"Kepler-217 b",0.01760000,5.60000000,5.37494300000,"Transit"
"Kepler-174 c",0.00889000,2.83000000,44.00052900000,"Transit"
"Kepler-251 d",0.02550000,8.10000000,30.13300100000,"Transit"
"Kepler-423 b",0.59500000,189.10100000,2.68432850000,"Transit"
"HS Psc b",1.46000000,464.02947422,3.98600000000,"Radial Velocity"
"EPIC 212587672 c",0.01890000,5.99000000,23.22855500000,"Transit"
"TOI-2093 c",0.04971236,15.80000000,53.81149000000,"Transit"
"TOI-1266 b",0.01403273,4.46000000,10.89450000000,"Transit"
"HD 222237 b",5.19000000,1649.52943233,14892.00000000000,"Radial Velocity"
"WASP-195 b",0.10400000,33.05415433,5.05192800000,"Transit"
"TOI-4308 b",0.02020000,6.43000000,9.15120100000,"Transit"
"Kepler-1989 b",0.06070000,19.30000000,10.16102352800,"Transit"
"KELT-11 b",0.20500000,65.15482343,4.73620865000,"Transit"
"HD 167677 b",2.85000000,905.81095995,1820.00000000000,"Radial Velocity"
"TOI-2095 b",0.01290004,4.10000000,17.66484000000,"Transit"
"HIP 29442 d",0.01617225,5.14000000,6.42957500000,"Radial Velocity"
"TOI-1749 b",0.17934206,57.00000000,2.38839000000,"Transit"
"TOI-3819 b",1.11000000,352.78953177,3.24431410000,"Transit"
"KIC 10001893 d",,,0.81161000000,"Orbital Brightness Modulation"
"Kepler-361 b",0.00849000,2.70000000,8.48661600000,"Transit"
"Kepler-362 b",0.00193000,0.61500000,10.32718600000,"Transit"
"Kepler-218 c",0.03150000,10.00000000,44.69957600000,"Transit"
"Kepler-193 b",0.01980000,6.30000000,11.38848000000,"Transit"
"Kepler-253 d",0.03200000,10.20000000,18.11986900000,"Transit"
"Kepler-192 c",0.02580000,8.20000000,21.22340000000,"Transit"
"TOI-561 b",0.00635563,2.02000000,0.44656970000,"Transit"
"GJ 317 c",1.43000000,454.49462201,6500.00000000000,"Radial Velocity"
"TOI-1180 b",0.03146352,10.00000000,9.68676037800,"Transit"
"Kepler-1471 b",0.00809000,2.57000000,3.63899398000,"Transit"
"L 98-59 b",0.00144732,0.46000000,2.25311400000,"Transit"
"L 98-59 c",0.00629270,2.00000000,3.69067640000,"Transit"
"L 98-59 d",0.00516002,1.64000000,7.45072900000,"Transit"
"L 98-59 e",0.00887271,2.82000000,12.82780000000,"Radial Velocity"
"L 98-59 f",0.00880979,2.80000000,23.06400000000,"Radial Velocity"
"K2-414 b",0.00622000,1.98000000,4.36960000000,"Transit"
"HIP 29442 c",0.01415858,4.50000000,3.53795590000,"Radial Velocity"
"TOI-1174 b",0.10068326,32.00000000,8.95348768300,"Transit"
"WASP-136 b",1.51000000,479.92089457,5.21536178778,"Transit"
"TOI-1439 b",0.12113455,38.50000000,27.64400000000,"Transit"
"HD 118203 c",11.79000000,3747.19691853,5103.00000000000,"Radial Velocity"
"K2-331 c",0.02470000,7.85000000,22.99659100000,"Transit"
"Kepler-93 b",0.01466200,4.66000000,4.72673978000,"Transit"
"WASP-185 b",0.98000000,311.47340000,9.38755000000,"Transit"
"Kepler-365 c",0.01050000,3.33000000,17.78412900000,"Transit"
"Kepler-220 c",0.00972000,3.09000000,9.03419900000,"Transit"
"Kepler-487 d",0.02560000,8.12000000,2.41839003600,"Transit"
"LP 791-18 b",0.00609000,1.94000000,0.94799810000,"Transit"
"K2-266 c",0.00091285,0.29013072,7.81400000000,"Transit"
"K2-389 b",0.01900000,6.04000000,8.58289000000,"Transit"
"HD 191939 f",2.88000000,915.34581216,2898.00000000000,"Radial Velocity"
"K2-413 b",0.00114000,0.36300000,0.80940000000,"Transit"
"TOI-5716 b",0.00264000,0.84000000,6.76630000000,"Transit"
"HD 104985 b",5.55900000,1766.80811451,199.68000000000,"Radial Velocity"
"K2-332 b",0.01720000,5.48000000,17.70632000000,"Transit"
"Kepler-409 b",0.01887811,6.00000000,68.95832160000,"Transit"
"Kepler-522 b",0.12000000,38.20000000,38.58422849000,"Transit"
"K2-199 c",0.03901476,12.40000000,7.37448970000,"Transit"
"TOI-3688 A b",0.98000000,311.47183886,3.24607500000,"Transit"
"NGTS-30 b",0.96000000,305.11527072,98.29838000000,"Transit"
"K2-389 c",0.01520000,4.82000000,20.85133700000,"Transit"
"HD 94890 b",2.13000000,676.97450691,824.61000000000,"Radial Velocity"
"Kepler-670 b",,,2.81650485200,"Transit"
"Kepler-196 b",0.01340000,4.27000000,20.73988600000,"Transit"
"Kepler-221 c",0.02926107,9.30000000,5.69058600000,"Transit"
"Kepler-163 c",0.01800000,5.73000000,21.34726200000,"Transit"
"Kepler-97 c",1.08000000,344.00000000,789.00000000000,"Radial Velocity"
"Kepler-407 c",12.60000000,4000.00000000,3000.00000000000,"Radial Velocity"
"Kepler-427 b",0.29000000,92.17000000,10.29099400000,"Transit"
"TOI-4961 b",1.80000000,572.09113260,7.47918200000,"Transit"
"LHS 1678 c",0.00440489,1.40000000,3.69428400000,"Transit"
"HD 24040 b",5.00000000,1589.14203500,3668.00000000000,"Radial Velocity"
"TOI-5489 c",0.00687000,2.18000000,4.92126000000,"Transit"
"Kepler-763 b",0.00624000,1.98000000,1.19655156000,"Transit"
"TOI-1759 b",0.03398060,10.80000000,18.85019000000,"Transit"
"TOI-5110 b",2.90000000,921.70238030,30.15857700000,"Transit"
"WASP-148 c",0.39200000,124.58873554,34.52400000000,"Radial Velocity"
"Kepler-207 d",0.03450000,11.00000000,5.86807500000,"Transit"
"Kepler-245 b",0.46182153,146.78000000,7.49019000000,"Transit"
"Kepler-208 b",0.01040000,3.29000000,4.22864000000,"Transit"
"Kepler-246 b",0.01910000,6.08000000,4.60182000000,"Transit"
"Kepler-179 c",0.01470000,4.66000000,6.40013000000,"Transit"
"Kepler-226 c",0.14200000,45.20000000,5.34955500000,"Transit"
"Kepler-113 b",0.03700000,11.70000000,4.75400000000,"Transit"
"Kepler-48 d",0.02500000,7.93000000,42.89610000000,"Transit"
"Kepler-199 b",0.03100000,9.85000000,23.63760400000,"Transit"
"Kepler-237 c",0.01570000,4.98000000,8.10363600000,"Transit"
"TOI-2525 c",0.65700000,208.81326340,49.25190000000,"Transit"
"TOI-5489 b",0.00800000,2.54000000,3.15222000000,"Transit"
"HD 23079 b",2.66000000,845.42356262,735.74000000000,"Radial Velocity"
"55 Cnc f",0.14100000,44.81200000,260.58000000000,"Radial Velocity"
"Kepler-247 c",0.04940000,15.70000000,9.43945200000,"Transit"
"Kepler-161 b",0.00827491,2.63000000,4.92135500000,"Transit"
"Kepler-153 b",0.02790000,8.85000000,18.87022700000,"Transit"
"Kepler-106 b",0.01667558,5.30000000,6.16486000000,"Transit"
"Kepler-100 d",0.00943901,3.00000000,35.33310000000,"Transit"
"Kepler-274 b",0.00940000,2.99000000,11.63478800000,"Transit"
"Kepler-312 b",0.00696000,2.21000000,1.77241900000,"Transit"
"Kepler-211 c",0.05800000,18.30000000,6.04045000000,"Transit"
"Kepler-212 c",0.02500000,7.95000000,31.80517400000,"Transit"
"Kepler-228 d",0.04830000,15.40000000,11.09428600000,"Transit"
"Kepler-864 b",0.02000000,6.35000000,5.83376092000,"Transit"
"K2-394 b",0.01100000,3.51000000,5.09571700000,"Transit"
"Kepler-230 b",0.05290000,16.80000000,32.62555500000,"Transit"
"TOI-444 b",0.02550000,8.10000000,17.96360000000,"Transit"
"TOI-2202 b",0.90400000,287.31687993,11.91260750000,"Transit"
"Wendelstein-2 b",0.73100000,232.33373000,1.75222390000,"Transit"
"Kepler-166 b",0.01820000,5.77000000,7.65025400000,"Transit"
"Kepler-181 c",0.01450000,4.62000000,4.30214900000,"Transit"
"Kepler-106 d",0.02548532,8.10000000,23.98020000000,"Transit"
"Kepler-131 c",0.02600000,8.25000000,25.51690000000,"Transit"
"Kepler-320 b",0.00489000,1.55000000,8.37155400000,"Transit"
"Kepler-169 e",0.01720000,5.48000000,13.76710200000,"Transit"
"Kepler-249 c",0.00909000,2.89000000,7.11370200000,"Transit"
"Kepler-174 b",0.01420000,4.50000000,13.98179000000,"Transit"
"Kepler-231 c",0.07600000,24.10000000,19.27156600000,"Transit"
"Kepler-197 c",0.01700000,5.30000000,10.34969500000,"Transit"
"Kepler-151 b",0.03020000,9.59000000,15.22895800000,"Transit"
"Kepler-241 b",0.01900000,6.04000000,12.71809200000,"Transit"
"Kepler-232 b",0.03050000,9.69000000,4.43122200000,"Transit"
"Kepler-233 b",0.02040000,6.48000000,8.47238200000,"Transit"
"Kepler-143 b",0.02010000,6.39000000,16.00758300000,"Transit"
"Kepler-332 d",0.00553000,1.76000000,34.21154000000,"Transit"
"HIP 9618 b",0.02611472,8.30000000,20.77285800000,"Transit"
"TOI-1453 b",0.00729954,2.32000000,4.31352250000,"Transit"
"TOI-1450 A b",0.00395811,1.25800000,2.04392740000,"Transit"
"GJ 3512 c",0.45300000,143.97626837,2354.00000000000,"Radial Velocity"
"TOI-1450 A c",0.00480448,1.52700000,5.06880000000,"Transit"
"Kepler-453 b",0.05034138,16.00000000,240.50300000000,"Transit"
"TOI-1420 b",0.07897343,25.10000000,6.95610630000,"Transit"
"KOI-4978 b",0.00085200,0.27100000,0.94196700000,"Transit"
"Kepler-311 d",0.01530000,4.86000000,232.04032600000,"Transit"
"K2-369 b",0.00717000,2.28000000,5.76161200000,"Transit"
"HD 93083 b",0.45100000,143.34061156,144.72000000000,"Radial Velocity"
"LHS 1678 d",0.00285000,0.90700000,4.96522290000,"Transit"
"Kepler-1515 b",0.20800000,66.20000000,214.31141640000,"Transit"
"TOI-5616 b",1.96332356,624.00000000,2.00284900000,"Transit"
"TOI-2194 b",0.01450000,4.61000000,15.33759700000,"Transit"
"K2-388 b",0.04550000,14.50000000,6.33932000000,"Transit"
"K2-397 b",0.02020000,6.42000000,3.57232600000,"Transit"
"KIC 3558849 b",0.12000000,38.10000000,1322.30000000000,"Transit"
"HD 215152 c",1.47500000,468.79690033,7.28243000000,"Radial Velocity"
"Kepler-440 b",0.01300000,4.12000000,101.11141000000,"Transit"
"HD 23472 e",0.00226537,0.72000000,7.90754000000,"Transit"
"HD 73344 c",0.37300000,118.54999581,65.94000000000,"Radial Velocity"
"TOI-1301.01",0.02110000,6.70000000,6.09640720900,"Transit"
"TOI-1221 b",3.50000000,1112.39942450,91.68278000000,"Transit"
"Kepler-490 b",,,3.26869515400,"Transit"
"TOI-697 b",0.01940000,6.16000000,8.60788713593,"Transit"
"EPIC 220674823 c",0.02485618,7.90000000,13.34060300000,"Transit"
"Kepler-949 b",0.02770000,8.80000000,8.68930729600,"Transit"
"TOI-544 b",0.00909296,2.89000000,1.54835200000,"Transit"
"Kepler-109 c",0.02580009,8.20000000,21.22265000000,"Transit"
"TOI-2266 b",0.00940000,2.99000000,2.32631800000,"Transit"
"TOI-1744.01",0.02410000,7.65000000,22.34170292700,"Transit"
"HATS-66 b",5.33000000,1694.03390000,3.14143910000,"Transit"
"K2-13 b",0.01330000,4.23000000,39.91488000000,"Transit"
"KIC 8540376 b",0.04960000,15.80000000,31.80990000000,"Transit"
"KIC 8540376 c",0.02000000,6.35000000,75.20000000000,"Transit"
"Kepler-436 b",0.02490000,7.90000000,64.00205000000,"Transit"
"Kepler-186 f",0.00537000,1.71000000,129.94410000000,"Transit"
"Kepler-441 b",0.01050000,3.33000000,207.24820000000,"Transit"
"TOI-1224 c",0.02730000,8.67000000,17.94546600000,"Transit"
"K2-155 c",0.02290000,7.27000000,13.85000000000,"Transit"
"TOI-808 b",0.01730000,5.49000000,9.73944854026,"Transit"
"TOI-2088 b",0.11641502,37.00000000,124.72997000000,"Transit"
"WASP-1 b",0.85400000,271.41500000,2.51994540000,"Transit"
"HD 224018 d",0.01321468,4.20000000,138.07310000000,"Transit"
"TOI-1782.01",0.01950000,6.20000000,4.98764102800,"Transit"
"K2-141 c",0.02517081,8.00000000,7.74850000000,"Transit"
"TOI-4487 A b",1.25000000,397.28550875,3.95407090000,"Transit"
"GJ 3512 b",0.46100000,146.51889563,203.10900000000,"Radial Velocity"
"HD 95338 b",0.13500000,42.90000000,55.08269400000,"Radial Velocity"
"HD 215497 b",4.99900000,1588.82420659,3.93404000000,"Radial Velocity"
"Kepler-435 b",0.84000000,266.97000000,8.60015360000,"Transit"
"Qatar-5 b",4.32000000,1373.02560000,2.87923190000,"Transit"
"COCONUTS-2 b",8.00000000,2542.62725600,402000000.00000000000,"Imaging"
"K2-333 b",0.09950000,31.60000000,14.75928700000,"Transit"
"TOI-2145 b",5.68000000,1805.26535176,10.26112800000,"Transit"
"Kepler-68 c",0.00409026,1.30000000,9.60502700000,"Transit"
"HD 28471 b",0.01170443,3.72000000,3.16490000000,"Radial Velocity"
"TOI-500 e",0.04735260,15.05000000,61.30000000000,"Radial Velocity"
"HATS-56 b",0.60200000,191.33366000,4.32479900000,"Transit"
"HAT-P-12 b",0.21100000,67.05900000,3.21305980000,"Transit"
"TOI-2046 b",2.30000000,731.00533610,1.49718420000,"Transit"
"HD 215497 c",0.35000000,111.23994245,566.00000000000,"Radial Velocity"
"HAT-P-33 b",0.92000000,292.40360000,3.47447000000,"Transit"
"HD 149026 b",0.38000000,120.77540000,2.87589000000,"Radial Velocity"
"TOI-6383 A b",1.04000000,331.00000000,1.79058695000,"Transit"
"HD 100508 b",1.20000000,381.39408840,5681.00000000000,"Radial Velocity"
"HATS-16 b",3.27000000,1039.30410000,2.68650200000,"Transit"
"TOI-1799 b",0.01258541,4.00000000,7.09457086500,"Transit"
"DMPP-4 b",0.03838549,12.20000000,3.49820000000,"Radial Velocity"
"HD 191939 b",0.03146352,10.00000000,8.88032560000,"Transit"
"TOI-333 b",0.06324167,20.10000000,3.78525030000,"Transit"
"Kepler-19 b",0.01919275,6.10000000,9.28699000000,"Transit"
"Kepler-1999 b",0.03410000,10.80000000,8.73967580000,"Transit"
"TOI-3353.01",0.02390000,7.59000000,4.66579650000,"Transit"
"K2-14 b",0.06500000,20.70000000,8.36802000000,"Transit"
"K2-15 b",0.02110000,6.71000000,11.81040000000,"Transit"
"K2-17 b",0.01760000,5.60000000,17.96753000000,"Transit"
"KIC 10525077 b",0.08160000,25.90000000,854.08300000000,"Transit"
"KIC 5437945 b",0.10600000,33.60000000,440.78130000000,"Transit"
"Kepler-442 b",0.00742000,2.36000000,112.30530000000,"Transit"
"HD 67087 b",3.06000000,973.00000000,352.20000000000,"Radial Velocity"
"TOI-1411 b",0.00629270,2.00000000,1.45205270000,"Transit"
"K2-285 c",0.04933455,15.68000000,7.13804800000,"Transit"
"Kepler-785 b",,,1.97376092600,"Transit"
"TOI-1036 b",0.10200000,32.50000000,3.77952125496,"Transit"
"WASP-62 b",0.52000000,165.27160000,4.41195000000,"Transit"
"TOI-938 b",0.06530000,20.80000000,8.80733882211,"Transit"
"K2-372 b",0.02830000,8.98000000,9.84407700000,"Transit"
"HD 33142 d",0.20000000,63.56568140,89.90000000000,"Radial Velocity"
"nu Oph c",24.66200000,7838.32346000,3180.60000000000,"Radial Velocity"
"HD 32963 b",2.07000000,657.90480249,2372.00000000000,"Radial Velocity"
"Kepler-437 b",0.01640000,5.22000000,66.65062000000,"Transit"
"HIP 78530 b",23.00000000,7300.00000000,,"Imaging"
"1RXS J160929.1-210524 b",8.00000000,3000.00000000,,"Imaging"
"OGLE-2012-BLG-0563L b",0.39000000,120.00000000,,"Microlensing"
"Kepler-296 c",0.01470000,4.66000000,5.84163660000,"Transit"
"OGLE-2016-BLG-1266L b",12.00000000,3813.94088400,,"Microlensing"
"TOI-5218 b",2.06715317,657.00000000,4.29145200000,"Transit"
"TOI-1516 b",3.16000000,1004.33776612,2.05601400000,"Transit"
"TYC 8998-760-1 c",6.00000000,1906.98000000,,"Imaging"
"TOI-332 b",0.17997133,57.20000000,0.77703800000,"Transit"
"Kepler-731 b",,,3.85560355100,"Transit"
"K2-265 b",0.02310000,7.34183620,2.36902000000,"Transit"
"KMT-2022-BLG-1818L b",4.00000000,1271.31362800,,"Microlensing"
"WASP-2 b",0.93100000,295.89973000,2.15217500000,"Transit"
"HD 106315 c",0.04782431,15.20000000,21.05704000000,"Transit"
"WASP-28 b",0.88900000,282.54945382,3.40883495000,"Transit"
"TOI-2141 c",0.01931860,6.14000000,5.46240000000,"Radial Velocity"
"Kepler-856 b",0.19900000,63.30000000,8.02768059500,"Transit"
"HD 113538 b",0.36000000,114.41000000,663.20000000000,"Radial Velocity"
"Kepler-79 e",0.01300000,4.10000000,81.06590000000,"Transit"
"Kepler-79 c",0.01900000,5.90000000,27.40290000000,"Transit"
"Kepler-296 d",0.01580000,5.02000000,19.85029100000,"Transit"
"BD+15 2375 b",1.06100000,337.21763000,153.22000000000,"Radial Velocity"
"HD 5583 b",5.78000000,1837.05740000,139.35000000000,"Radial Velocity"
"HD 113538 c",0.93000000,295.57000000,1818.00000000000,"Radial Velocity"
"HD 30669 b",0.47000000,149.37000000,1684.00000000000,"Radial Velocity"
"Kepler-79 b",0.03430000,10.90000000,13.48450000000,"Transit"
"Kepler-296 e",0.00930000,2.96000000,34.14211000000,"Transit"
"Kepler-296 f",0.01230000,3.89000000,63.33627000000,"Transit"
"WASP-180 A b",0.90000000,286.04700000,3.40926400000,"Transit"
"GJ 1137 c",0.01610932,5.12000000,9.64120000000,"Radial Velocity"
"Kepler-1869 b",0.00458000,1.46000000,8.16736030600,"Transit"
"TOI-421 b",0.02108056,6.70000000,5.19757600000,"Transit"
"HD 12484 b",2.98000000,947.13340000,58.83000000000,"Radial Velocity"
"HIP 65407 b",0.42800000,136.03124000,28.12500000000,"Radial Velocity"
"HD 108341 b",2.25000000,715.11391575,1129.00000000000,"Radial Velocity"
"HD 103720 b",0.62000000,197.04600000,4.55570000000,"Radial Velocity"
"TOI-521 b",0.01667566,5.30000000,1.54285047000,"Transit"
"TOI-4641 b",3.87000000,1229.99593509,22.09341000000,"Transit"
"TOI-5542 b",1.32000000,419.53349724,75.12375000000,"Transit"
"K2-339 b",0.01370000,4.35000000,19.50742800000,"Transit"
"Kepler-1980 b",0.01740000,5.52000000,33.02571790000,"Transit"
"TOI-1789 b",0.70000000,222.47988490,3.20866400000,"Transit"
"CoRoT-28 b",0.48400000,153.82972000,5.20851000000,"Transit"
"WASP-98 b",0.92200000,293.03926000,2.96264036000,"Transit"
"HIP 66074 b",5.00000000,1589.14203500,310.90000000000,"Astrometry"
"TOI-3135 b",1.03000000,327.36325921,3.70655850000,"Transit"
"Kepler-1814 c",0.01180000,3.75000000,0.62628176600,"Transit"
"HD 94771 b",0.53000000,169.00000000,2164.00000000000,"Radial Velocity"
"TOI-4087 b",0.73000000,232.01473711,3.17748350000,"Transit"
"TOI-286 c",0.01170443,3.72000000,39.36182600000,"Transit"
"Kepler-1894 b",0.00590000,1.87000000,2.76266002700,"Transit"
"TOI-2019 b",0.10823450,34.40000000,15.34440000000,"Transit"
"NGTS-10 b",2.16200000,687.14846000,0.76689440000,"Transit"
"TOI-1105 b",0.03010000,9.58000000,10.86818410933,"Transit"
"TOI-2076 e",0.01478785,4.70000000,3.02237530000,"Transit"
"TOI-1117 b",0.02800253,8.90000000,2.22816000000,"Transit"
"SPECULOOS-3 b",0.00281000,0.89400000,0.71912603000,"Transit"
"TOI-4600 b",3.02000000,959.84178914,82.68690000000,"Transit"
"K2-140 b",0.93000000,295.58041851,6.56918800000,"Transit"
"Kepler-434 b",2.86000000,908.96000000,12.87470990000,"Transit"
"Kepler-433 b",2.82000000,896.24000000,5.33408384000,"Transit"
"HATS-43 b",0.26100000,82.95363000,4.38884970000,"Transit"
"2M0437 b",4.00000000,1271.31362800,,"Imaging"
"Kepler-1518 b",0.03000000,9.53000000,5.11177904000,"Transit"
"TOI-4773 b",5.31000000,1687.66884117,1.74528510000,"Transit"
"Kepler-685 b",0.24800000,78.80000000,1.62552220000,"Transit"
"TOI-1806.01",0.03620000,11.50000000,15.14546930000,"Transit"
"K2-378 b",0.02720000,8.65000000,2.06043800000,"Transit"
"TOI-762 A b",0.25100000,79.77493016,3.47168260000,"Transit"
"HD 207897 b",0.04656601,14.80000000,16.20166000000,"Transit"
"TOI-1736 b",0.03870013,12.30000000,7.07307600000,"Transit"
"NGTS-21 b",2.36000000,750.07504052,1.54338970000,"Transit"
"HD 75302 b",5.40000000,1716.27339780,4356.00000000000,"Radial Velocity"
"TOI-4495 b",0.02422691,7.70000000,2.56699000000,"Transit"
"kap CrB b",2.00000000,635.66000000,1253.68000000000,"Radial Velocity"
"TOI-244 b",0.00843222,2.68000000,7.39722500000,"Transit"
"TOI-2295 b",0.87500000,278.09985612,30.03330200000,"Transit"
"HIP 109384 b",1.56000000,495.81480000,499.48000000000,"Radial Velocity"
"HD 220842 b",3.18000000,1010.69940000,218.47000000000,"Radial Velocity"
"Kepler-445 d",0.00660000,2.10000000,8.15275000000,"Transit"
"Kepler-445 c",0.02150000,6.85000000,4.87122900000,"Transit"
"Kepler-432 b",5.41000000,1719.46030000,52.50112900000,"Transit"
"TOI-500 b",0.00446782,1.42000000,0.54817700000,"Transit"
"TIC 231949697 b",0.00928000,2.95000000,0.90720448719,"Transit"
"Wolf 327 b",0.00796027,2.53000000,0.57347450000,"Transit"
"Kepler-1982 b",0.00120000,0.38100000,3.82315697000,"Transit"
"TOI-4559 b",0.00814000,2.59000000,3.96599100000,"Transit"
"GJ 3929 c",0.01796567,5.71000000,15.04000000000,"Radial Velocity"
"Kepler-1513 b",0.15200000,48.30991786,160.88420000000,"Transit"
"Kepler-10 d",0.03775622,12.00000000,151.06000000000,"Radial Velocity"
"WASP-87 b",2.18000000,692.86940000,1.68279500000,"Transit"
"OGLE2-TR-L9 b",4.50000000,1430.17500000,2.48553350000,"Transit"
"HD 109833 c",0.02270000,7.22000000,13.90014800000,"Transit"
"GJ 9827 d",0.00950198,3.02000000,6.20183000000,"Transit"
"TOI-5704 b",0.03300000,10.50000000,3.77111600000,"Transit"
"TOI-5007 b",0.66400000,211.03806225,2.54337100000,"Transit"
"TOI-6448 b",0.17000000,54.00000000,14.84426100000,"Transit"
"Kepler-1655 b",0.01699030,5.40000000,11.87287870000,"Transit"
"Kepler-880 c",0.02710000,8.60000000,11.80617370000,"Transit"
"Kepler-1624 b",0.11100000,35.30000000,3.29031400000,"Transit"
"HAT-P-68 b",0.72400000,230.10892000,2.29840551000,"Transit"
"NGTS-15 b",0.75100000,238.68913366,3.27623000000,"Transit"
"HD 191939 g",0.04247575,13.50000000,284.00000000000,"Radial Velocity"
"TOI-5688 A b",0.39000000,124.00000000,2.94815527000,"Transit"
"HD 94890 c",8.91000000,2831.85110637,2492.19000000000,"Radial Velocity"
"MWC 758 c",,,,"Imaging"
"HD 20794 b",0.00850000,2.70000000,18.31400000000,"Radial Velocity"
"HD 158259 c",0.01761948,5.60000000,3.43200000000,"Radial Velocity"
"HD 110067 e",0.01227077,3.90000000,30.79309100000,"Transit"
"Kepler-20 b",0.03051961,9.70000000,3.69610490000,"Transit"
"Kepler-1972 c",0.00663880,2.11000000,11.32950000000,"Transit"
"TOI-5592 b",0.89900000,285.72773789,2.60858460000,"Transit"
"HR 858 b",0.01116955,3.55000000,3.58528700000,"Transit"
"OGLE-2008-BLG-092L b",0.18000000,57.00000000,,"Microlensing"
"OGLE-2005-BLG-071L b",3.80000000,1200.00000000,,"Microlensing"
"Kepler-445 b",0.00982000,3.12000000,2.98415100000,"Transit"
"Kepler-446 d",0.00752000,2.39000000,5.14892100000,"Transit"
"8 UMi b",1.65000000,524.41687155,93.31000000000,"Radial Velocity"
"TOI-1750 b",0.02580000,8.19000000,11.33727129656,"Transit"
"K2-133 c",0.01010000,3.20000000,4.86784000000,"Transit"
"TOI-4127 b",2.34000000,743.71847238,56.39870000000,"Transit"
"HD 111998 b",4.80000000,1525.57635360,810.00000000000,"Radial Velocity"
"K2-398 b",0.01820000,5.79000000,6.39302500000,"Transit"
"BEBOP-4 AB b",26.30000000,8358.88710410,1823.50000000000,"Radial Velocity"
"OGLE-2006-BLG-109L b",0.72700000,231.00000000,1788.50000000000,"Microlensing"
"K2-404 b",0.02180000,6.94000000,13.11536500000,"Transit"
"GJ 3090 c",0.03146352,10.00000000,15.94070000000,"Radial Velocity"
"TOI-3464 b",1.25000000,397.28550875,3.65155680000,"Transit"
"Kepler-1052 b",0.02800000,8.91000000,34.85382760000,"Transit"
"K2-131 b",0.02485618,7.90000000,0.36930380000,"Transit"
"TOI-561 c",0.01865787,5.93000000,10.77883800000,"Transit"
"K2-136 b",0.01352931,4.30000000,7.97520000000,"Transit"
"TOI-1853 b",0.23031296,73.20000000,1.24362580000,"Transit"
"Kepler-1986 b",0.01330000,4.23000000,19.54896660000,"Transit"
"2MASS J02192210-3925225 b",13.90000000,4417.83700000,,"Imaging"
"GJ 480 b",0.02768790,8.80000000,9.55360000000,"Radial Velocity"
"WASP-32 b",2.63000000,835.89290000,2.71866000000,"Transit"
"K2-337 b",0.02320000,7.37000000,16.27356300000,"Transit"
"TOI-2989 b",3.00000000,953.48522100,3.12283200000,"Transit"
"Kepler-963 c",0.00049000,0.15600000,0.91978300000,"Transit"
"TOI-1136 c",0.01988494,6.32000000,6.25740000000,"Transit"
"Kepler-1921 c",0.00809000,2.57000000,3.15722086000,"Transit"
"HD 23079 c",0.02598887,8.26000000,5.74891300000,"Radial Velocity"
"TOI-1246 d",0.01699030,5.40000000,18.65487400000,"Transit"
"TOI-5238 b",0.07470000,23.70000000,4.87217100000,"Transit"
"TOI-4860 b",0.27300000,86.70000000,1.52275910000,"Transit"
"Kepler-30 d",0.07300000,23.10000000,143.34394000000,"Transit"
"Kepler-1610 c",0.01580000,5.02000000,44.98518850000,"Transit"
"HD 28471 d",0.01544859,4.91000000,11.68100000000,"Radial Velocity"
"WASP-132 d",5.16000000,1639.99458012,1816.60000000000,"Radial Velocity"
"Kepler-454 b",0.01699030,5.40000000,10.57375340000,"Transit"
"K2-157 b",0.00360000,1.14000000,0.36525750000,"Transit"
"NGTS-34 b",0.06009532,19.10000000,43.12655000000,"Transit"
"NGC 2682 Sand 1429 b",1.80000000,572.09113260,77.48000000000,"Radial Velocity"
"K2-352 b",0.00771000,2.45000000,3.66591200000,"Transit"
"Qatar-2 b",2.49400000,792.63500000,1.33711647000,"Transit"
"WASP-66 b",2.35000000,746.90050000,4.08605000000,"Transit"
"Qatar-8 b",0.37100000,117.91493000,3.71495000000,"Transit"
"Kepler-290 d",0.00178000,0.56600000,0.76401755300,"Transit"
"Kepler-1814 b",0.01950000,6.21000000,2.93535995500,"Transit"
"TOI-1347 b",0.03492451,11.10000000,0.84742346000,"Transit"
"TOI-3523 A b",1.37000000,435.42491759,2.30458952000,"Transit"
"TOI-2295 c",5.61000000,1783.01736327,966.50000000000,"Radial Velocity"
"KELT-18 b",1.18000000,375.03940000,2.87175180000,"Transit"
"TOI-431 d",0.03114888,9.90000000,12.46103000000,"Transit"
"Kepler-2001 b",0.00352000,1.12000000,1.09001100300,"Transit"
"WASP-197 b",1.26900000,403.32424848,5.16722800000,"Transit"
"TOI-1136 e",0.01909836,6.07000000,18.80100000000,"Transit"
"Kepler-416 c",0.01930000,6.13000000,12.20900000000,"Transit Timing Variations"
"NN Ser c",7.33000000,2329.60000000,6987.00000000000,"Eclipse Timing Variations"
"K2-287 b",0.31500000,100.11645000,14.89329100000,"Transit"
"GJ 341 b",0.01258541,4.00000000,7.57686000000,"Transit"
"K2-138 b",0.00975364,3.10000000,2.35309000000,"Transit"
"K2-178 b",0.03900000,12.40000000,8.74781800000,"Transit"
"Kepler-449 c",0.02540000,8.07000000,33.67270000000,"Transit"
"CoRoT-1 b",1.03000000,327.35000000,1.50895570000,"Transit"
"K2-406 b",0.06030000,19.20000000,22.54940600000,"Transit"
"TOI-1758 b",0.02170983,6.90000000,20.70507468500,"Transit"
"WISPIT 1 b",10.40000000,3305.41543280,,"Imaging"
"TOI-5108 b",0.10068326,32.00000000,6.75358100000,"Transit"
"WASP-84 b",0.69200000,220.00000000,8.52349648000,"Transit"
"K2-371 b",,,3.11490500000,"Transit"
"Kepler-1513 c",0.26600000,84.54235626,841.40000000000,"Transit Timing Variations"
"NY Vir c",5.54000000,1760.77820000,8799.00000000000,"Eclipse Timing Variations"
"TOI-6628 b",0.74000000,235.19302118,18.18424000000,"Transit"
"LTT 9779 b",0.09225057,29.32000000,0.79205200000,"Transit"
"Kepler-975 b",0.00879000,2.79000000,1.97034245700,"Transit"
"HD 143811 AB b",6.10000000,1938.75328270,117000.00000000000,"Imaging"
"TOI-238 c",0.02108056,6.70000000,8.46565100000,"Radial Velocity"
"HATS-54 b",0.75300000,239.32479047,2.54417650000,"Transit"
"TIC 279401253 c",8.02000000,2548.98382414,155.30000000000,"Transit"
"TOI-5340 b",0.85000000,270.15414595,4.93943920000,"Transit"
"TOI-5799 c",0.01180000,3.75000000,14.01044900000,"Transit"
"Kepler-318 c",0.04130000,13.10000000,11.81500700000,"Transit"
"TOI-4561 b",0.01200000,3.81000000,8.93547936706,"Transit"
"HD 165131 b",18.70000000,5943.39121090,2342.60000000000,"Radial Velocity"
"HAT-P-19 b",0.27700000,88.03846874,4.00878322000,"Transit"
"K2-401 b",0.01810000,5.74000000,6.29309900000,"Transit"
"Kepler-1487 c",0.15300000,48.70000000,35.80071120000,"Transit"
"Kepler-725 b",0.25700000,81.60000000,39.64372000000,"Transit"
"Kepler-431 d",0.00444000,1.41000000,11.92200000000,"Transit"
"Kepler-431 c",0.00072000,0.22900000,8.70300000000,"Transit"
"HATS-57 b",3.14700000,1000.21101000,2.35062100000,"Transit"
"WASP-34 b",0.56000000,177.98480000,4.31768000000,"Transit"
"WASP-3 b",2.43000000,772.32690000,1.84683000000,"Transit"
"Kepler-449 b",0.01540000,4.88000000,12.58242000000,"Transit"
"HD 1461 b",0.02026240,6.44000000,5.77152000000,"Radial Velocity"
"HD 1461 c",0.01758802,5.59000000,13.50520000000,"Radial Velocity"
"GJ 3341 b",0.02080000,6.60000000,14.20700000000,"Radial Velocity"
"Kepler-430 c",0.01170000,3.71000000,110.97900000000,"Transit"
"Kepler-444 b",0.00011800,0.03740000,3.60010530000,"Transit"
"Kepler-444 c",0.00025000,0.07930000,4.54588410000,"Transit"
"TOI-4010 d",0.12003332,38.15000000,14.70886000000,"Transit"
"K2-275 c",0.01740000,5.52000000,8.43883850000,"Transit"
"TOI-5734 b",0.02863180,9.10000000,6.18418760000,"Transit"
"Kepler-1487 b",0.01630000,5.18000000,7.31946363000,"Transit"
"Kepler-323 b",0.01227077,3.90000000,1.67832800000,"Transit"
"NGTS-17 b",0.76400000,242.82090295,3.24253000000,"Transit"
"Kepler-10 c",0.03552231,11.29000000,45.29430100000,"Transit"
"Kepler-1972 b",0.00635563,2.02000000,7.54425000000,"Transit"
"TOI-6478 b",0.06030000,19.20000000,34.00501900000,"Transit"
"HD 183263 b",3.47100000,1103.18240070,624.87404000000,"Radial Velocity"
"MOA-2011-BLG-262L b",0.05300000,17.00000000,,"Microlensing"
"HD 40307 d",5.58600000,1775.38948150,20.43200000000,"Radial Velocity"
"HD 87883 b",6.31000000,2005.49724817,3006.00000000000,"Radial Velocity"
"TOI-815 c",0.07393927,23.50000000,34.97614500000,"Transit"
"Kepler-25 d",0.22600000,71.90000000,122.40000000000,"Radial Velocity"
"TOI-3331 A b",2.27000000,721.47048389,2.01802310000,"Transit"
"HD 74698 c",0.40000000,126.00000000,3449.00000000000,"Radial Velocity"
"TOI-2068 b",0.01250000,3.97000000,7.76891500000,"Transit"
"K2-412 b",0.01610000,5.13000000,5.93820000000,"Transit"
"Kepler-603 b",0.02360000,7.51000000,21.05358596000,"Transit"
"Barnard d",0.00082749,0.26300000,2.34020000000,"Radial Velocity"
"K2-132 b",0.49000000,155.73670000,9.17510000000,"Transit"
"TOI-4747 b",0.04670000,14.80000000,5.21924158592,"Transit"
"HD 40307 f",0.01640000,5.20000000,51.76000000000,"Radial Velocity"
"Kepler-444 e",0.00031463,0.10000000,7.74349300000,"Transit"
"Kepler-444 d",0.00062927,0.20000000,6.18939200000,"Transit"
"Kepler-444 f",0.00104000,0.33200000,9.74048600000,"Transit"
"HIP 107773 b",1.98000000,629.30340000,144.30000000000,"Radial Velocity"
"TOI-763 b",0.03080263,9.79000000,5.60570000000,"Transit"
"K2-174 b",0.02290000,7.27000000,19.56230700000,"Transit"
"TOI-615 b",0.43500000,138.25535705,4.66159830000,"Transit"
"NY Vir b",2.30000000,730.97800000,3160.00000000000,"Eclipse Timing Variations"
"AF Lep b",3.61000000,1147.36054927,8905.00000000000,"Imaging"
"Kepler-763 d",0.01080000,3.43000000,6.50327035000,"Transit"
"OGLE-2005-BLG-169L b",0.04440000,14.10000000,,"Microlensing"
"K2-133 d",0.01470000,4.67000000,11.02454000000,"Transit"
"K2-165 b",0.00682000,2.17000000,2.35499200000,"Transit"
"Kepler-1990 b",0.03380000,10.70000000,1.73513619000,"Transit"
"Kepler-164 e",0.05250000,16.70000000,94.88690200000,"Transit"
"K2-87 b",0.14100000,44.90000000,9.72661800000,"Transit"
"TOI-1338 c",0.23723493,75.40000000,215.79000000000,"Radial Velocity"
"OGLE-2019-BLG-0362L b",3.26000000,1036.12060682,,"Microlensing"
"TOI-5803 b",0.03380000,10.70000000,5.38305000000,"Transit"
"AT2021ueyL b",1.34000000,425.89006538,4168.69000000000,"Microlensing"
"HD 145675 c",7.90000000,2510.84441530,15732.45889000000,"Radial Velocity"
"WASP-60 b",0.55000000,174.80650000,4.30500000000,"Transit"
"XO-2 S b",0.26000000,82.63580000,18.15700000000,"Radial Velocity"
"TOI-776 b",0.01573176,5.00000000,8.24662000000,"Transit"
"Kepler-1987 d",0.02380000,7.56000000,5.64491415400,"Transit"
"TOI-833 b",0.00678000,2.15000000,1.04187770000,"Transit"
"KELT-24 b",4.59000000,1458.83238813,5.55149296000,"Transit"
"TOI-858 B b",1.10000000,349.61124770,3.27971780000,"Transit"
"WASP-13 b",0.36000000,114.41880000,4.35301000000,"Transit"
"WASP-10 b",3.15000000,1001.12000000,3.09276160000,"Transit"
"HAT-P-32 b",0.68000000,216.12440000,2.15000820000,"Transit"
"Kepler-1704 b",4.16000000,1322.16617312,988.88112000000,"Transit"
"Kepler-1693 b",0.00695000,2.21000000,12.09990000000,"Transit"
"HD 199509 b",0.13600000,43.22466335,99.62167000000,"Radial Velocity"
"Kepler-104 b",0.06200000,19.60000000,11.42754800000,"Transit"
"Kepler-945 b",0.02330000,7.41000000,31.00338140000,"Transit"
"TOI-2416 b",3.00000000,953.48522100,8.27547900000,"Transit"
"HD 110113 c",0.03303653,10.50000000,6.74400000000,"Radial Velocity"
"XO-2 N b",0.56600000,179.89178000,2.61586178000,"Transit"
"EPIC 206317286 b",0.00264000,0.84000000,1.58252000000,"Transit"
"WASP-102 b",0.62200000,197.68926915,2.70981300000,"Transit"
"Kepler-297 d",,,150.01895110000,"Transit"
"Kepler-1994 b",0.00027400,0.08700000,4.61225043000,"Transit"
"HATS-32 b",0.92000000,292.40360000,2.81265480000,"Transit"
"HAT-P-46 b",0.49300000,156.68400000,4.46312900000,"Transit"
"TOI-125 b",0.02989019,9.50000000,4.65382000000,"Transit"
"TOI-125 d",0.04279017,13.60000000,19.98000000000,"Transit"
"Kepler-1130 b",0.00137000,0.43700000,5.45298175000,"Transit"
"Kepler-1878 b",0.02790000,8.86000000,4.44587993600,"Transit"
"HD 21411 b",0.20734355,65.90000000,84.28800000000,"Radial Velocity"
"Kepler-239 c",0.02150000,6.85000000,56.22809800000,"Transit"
"NSVS 14256825 b",14.15000000,4497.29450000,3225.00000000000,"Eclipse Timing Variations"
"HD 143361 b",4.35000000,1382.55357045,1039.15000000000,"Radial Velocity"
"Kepler-1978 b",0.02390000,7.61000000,10.84969477000,"Transit"
"HD 12661 b",2.43000000,772.32690000,262.70862000000,"Radial Velocity"
"WASP-11 b",0.79000000,251.08570000,3.72247000000,"Transit"
"WASP-192 b",2.30000000,731.00900000,2.87867650000,"Transit"
"WASP-44 b",0.87000000,276.51210000,2.42380400000,"Transit"
"HAT-P-5 b",0.98000000,311.47340000,2.78849000000,"Transit"
"HAT-P-8 b",1.28000000,406.82240000,3.07634000000,"Transit"
"HD 33844 b",2.01000000,638.83830000,551.40002000000,"Radial Velocity"
"Kepler-139 f",0.11326867,36.00000000,355.00000000000,"Transit Timing Variations"
"TOI-836 b",0.01425297,4.53000000,3.81673000000,"Transit"
"TOI-1246 b",0.02548545,8.10000000,4.30744000000,"Transit"
"Kepler-1849 b",0.01980000,6.29000000,57.29290009000,"Transit"
"Kepler-2001 c",0.01250000,3.97000000,14.09258318900,"Transit"
"DMPP-1 e",0.01299437,4.13000000,5.51600000000,"Radial Velocity"
"K2-403 b",0.07750000,24.60000000,33.58997900000,"Transit"
"TOI-5789 e",0.03652915,11.61000000,62.98000000000,"Radial Velocity"
"rho CrB b",1.09491472,347.99500000,39.84900000000,"Radial Velocity"
"HD 191939 c",0.02517081,8.00000000,28.57974300000,"Transit"
"DMPP-6 b",0.01824884,5.80000000,7.60270000000,"Radial Velocity"
"Kepler-315 c",0.05060000,16.10000000,265.46933500000,"Transit"
"Qatar-10 b",0.73600000,233.92288000,1.64532100000,"Transit"
"Gliese 12 b",0.00298903,0.95000000,12.76141800000,"Transit"
"HD 209458 b",0.73000000,232.01590000,3.52474859000,"Radial Velocity"
"Kepler-1991 b",0.00869000,2.76000000,13.26079792000,"Transit"
"Kepler-1995 b",0.05330000,16.90000000,73.75788750000,"Transit"
"Kepler-1987 e",0.01370000,4.35000000,8.74292005000,"Transit"
"KELT-3 b",1.94000000,616.59020000,2.70339000000,"Transit"
"Kepler-417 c",0.02420000,7.70000000,15.94300000000,"Transit Timing Variations"
"KMT-2017-BLG-1146L b",0.71000000,230.00000000,,"Microlensing"
"Kepler-1213 b",0.00570000,1.81000000,5.34982412000,"Transit"
"Kepler-1020 b",0.01830000,5.82000000,96.91514960000,"Transit"
"Kepler-682 b",0.13400000,42.60000000,12.61190667200,"Transit"
"K2-194 b",0.04050000,12.90000000,39.72138600000,"Transit"
"Kepler-1993 b",0.05060000,16.10000000,26.65657370000,"Transit"
"Kepler-579 b",0.01470000,4.66000000,9.66857723000,"Transit"
"HD 216770 b",0.57000000,181.16310000,118.45000000000,"Radial Velocity"
"Kepler-1074 b",0.00660000,2.10000000,5.94566534000,"Transit"
"WASP-133 b",1.16000000,368.68280000,2.17642300000,"Transit"
"Kepler-1126 c",0.00849000,2.70000000,199.66876000000,"Transit"
"TOI-1224 b",0.01600000,5.08000000,4.17827450000,"Transit"
"TOI-564 b",1.46300000,464.98529000,1.65114400000,"Transit"
"Kepler-1656 c",0.40000000,126.40000000,1919.00000000000,"Radial Velocity"
"TOI-1410 c",0.08495150,27.00000000,47.56000000000,"Radial Velocity"
"HATS-55 b",0.92100000,292.72143000,4.20420010000,"Transit"
"WASP-183 b",0.50200000,159.55066000,4.11177710000,"Transit"
"HD 45184 b",0.03840000,12.19000000,5.88540000000,"Radial Velocity"
"Kepler-700 b",0.09440000,30.00000000,80.87206390000,"Transit"
"WASP-170 b",1.60000000,508.52800000,2.34478022000,"Transit"
"TOI-1693 b",0.00809000,2.57000000,1.76669570000,"Transit"
"OGLE-2018-BLG-0298L b",0.14000000,44.49597698,,"Microlensing"
"OGLE-2013-BLG-0102L b",13.00000000,4100.00000000,,"Microlensing"
"Kepler-948 b",0.01280000,4.08000000,7.76846622000,"Transit"
"TOI-1472 b",0.05700000,18.05000000,6.36338574000,"Transit"
"Kepler-1894 c",0.00606000,1.92000000,5.05368985000,"Transit"
"TOI-532 b",0.19350064,61.50000000,2.32665080000,"Transit"
"Kepler-1996 b",0.01800000,5.73000000,32.37618300000,"Transit"
"LP 714-47 b",0.09690715,30.80000000,4.05203700000,"Transit"
"TOI-921 b",0.03850000,12.20000000,5.12871907628,"Transit"
"Kepler-1278 b",0.00317000,1.01000000,3.23941344000,"Transit"
"HD 106270 b",11.40000000,3623.24383980,1888.00000000000,"Radial Velocity"
"Kepler-1977 b",0.01070000,3.39000000,4.53702121000,"Transit"
"HATS-10 b",0.52600000,167.17858000,3.31284600000,"Transit"
"Kepler-1801 c",0.02770000,8.80000000,116.58318300000,"Transit"
"Kepler-472 b",0.03290000,10.50000000,4.17625551400,"Transit"
"Kepler-1129 b",0.02850000,9.06000000,24.33978040000,"Transit"
"Kepler-1275 b",0.00879000,2.79000000,3.65691115000,"Transit"
"Kepler-1052 c",0.01860000,5.90000000,180.92172900000,"Transit"
"HATS-61 b",3.40000000,1080.62200000,7.81795300000,"Transit"
"Kepler-656 c",0.00809000,2.57000000,5.25449393000,"Transit"
"Kepler-1471 c",0.01320000,4.19000000,11.60448810000,"Transit"
"Kepler-60 c",0.01211339,3.85000000,8.91870000000,"Transit"
"Kepler-784 c",0.00951000,3.02000000,17.15723600000,"Transit"
"WASP-49 b",0.37000000,117.59710000,2.78174000000,"Transit"
"WASP-15 b",0.54000000,171.62820000,3.75210000000,"Transit"
"Kepler-1869 c",0.00104000,0.33000000,1.71682830400,"Transit"
"Kepler-1987 c",0.00733000,2.33000000,3.64830183000,"Transit"
"Kepler-1669 d",0.00624000,1.98000000,4.72941177000,"Transit"
"Kepler-1870 b",0.01590000,5.07000000,3.60694003100,"Transit"
"K2-8 c",0.02010000,6.39000000,5.06416000000,"Transit"
"Kepler-1339 b",0.00089600,0.28500000,1.34155512700,"Transit"
"Kepler-865 c",0.00201000,0.64000000,6.20920207000,"Transit"
"Kepler-2000 c",0.00972000,3.09000000,20.61803480000,"Transit"
"Kepler-864 c",0.01020000,3.26000000,2.42150341000,"Transit"
"Kepler-1905 b",0.00845000,2.69000000,3.42392993000,"Transit"
"Kepler-230 c",0.01520000,4.82000000,91.77324200000,"Transit"
"Kepler-1839 b",0.01400000,4.46000000,5.05675983400,"Transit"
"Kepler-694 b",0.02590000,8.25000000,6.36584161200,"Transit"
"K2-32 e",0.00660734,2.10000000,4.34934000000,"Transit"
"Kepler-1984 b",0.11700000,37.30000000,1.99281233900,"Transit"
"Kepler-1987 b",0.00642000,2.04000000,2.34586300200,"Transit"
"Kepler-919 b",0.01790000,5.69000000,11.04603384000,"Transit"
"Kepler-1181 c",0.01260000,4.01000000,8.93484887000,"Transit"
"Kepler-1858 b",0.02030000,6.44000000,88.07160187000,"Transit"
"Kepler-975 c",0.25200000,80.20000000,5.05821338000,"Transit"
"HD 95872 b",3.74000000,1188.68420000,4375.00000000000,"Radial Velocity"
"Kepler-411 b",0.08054620,25.60000000,3.00515600000,"Transit"
"NGTS-16 b",0.66700000,211.99154747,4.84532000000,"Transit"
"K2-31 b",1.77400000,563.83042000,1.25785000000,"Transit"
"K2-39 b",0.09000000,28.60470000,4.60543000000,"Transit"
"HIP 38594 c",0.15228267,48.40000000,3477.76800000000,"Radial Velocity"
"Kepler-144 b",0.00733000,2.33000000,5.88527300000,"Transit"
"Kepler-1121 b",0.01360000,4.31000000,13.15141081000,"Transit"
"HD 10442 b",1.48700000,472.61321000,1032.30000000000,"Radial Velocity"
"Kepler-402 d",0.00780000,2.48000000,8.92109900000,"Transit"
"TOI-4515 b",2.00500000,637.00000000,15.26644600000,"Transit"
"HAT-P-41 b",1.19000000,378.21770000,2.69405000000,"Transit"
"AU Mic c",0.04549625,14.46000000,18.85902300000,"Transit"
"HAT-P-7 b",1.84000000,584.80720000,2.20474000000,"Transit"
"AU Mic b",0.02828570,8.99000000,8.46344600000,"Transit"
"WASP-63 b",0.37000000,117.59710000,4.37808000000,"Transit"
"TOI-3540 A b",1.18000000,375.03752026,3.11999900000,"Transit"
"HATS-62 b",0.17900000,56.89157000,3.27688370000,"Transit"
"Kepler-1690 b",0.02610000,8.30000000,234.63600000000,"Transit"
"Kepler-1118 b",0.02500000,7.95000000,38.67150750000,"Transit"
"Kepler-150 b",0.00660000,2.10000000,3.42805400000,"Transit"
"Kepler-1841 b",0.00888000,2.82000000,25.88599968000,"Transit"
"Kepler-620 b",0.03460000,11.00000000,12.91375431000,"Transit"
"HD 105618 b",0.08000000,25.42627256,10.02245000000,"Radial Velocity"
"KMT-2016-BLG-1836L b",2.20000000,700.00000000,,"Microlensing"
"NGTS-12 b",0.20800000,66.10864000,7.53280600000,"Transit"
"Kepler-1669 b",0.02560000,8.15000000,9.51216000000,"Transit"
"K2-341 b",0.03270000,10.40000000,36.55255100000,"Transit"
"TOI-262 b",0.01550000,4.94000000,11.14529000000,"Transit"
"Kepler-347 d",0.02980000,9.48000000,85.51734400000,"Transit"
"55 Cnc e",0.02513923,7.99000000,0.73654740000,"Radial Velocity"
"K2-329 b",0.26000000,82.63580000,12.45512250000,"Transit"
"Kepler-405 b",0.01570000,4.98000000,10.61383900000,"Transit"
"HIP 114933 b",1.94000000,616.58710958,1481.60000000000,"Radial Velocity"
"NGTS-18 b",0.40900000,129.99181846,3.05125000000,"Transit"
"Kepler-129 b",0.06292704,20.00000000,15.79000000000,"Transit"
"GJ 3082 b",0.02579996,8.20000000,11.94900000000,"Radial Velocity"
"HD 136352 b",0.01485078,4.72000000,11.57797000000,"Radial Velocity"
"HD 221420 b",22.90000000,7278.27052030,10090.00000000000,"Radial Velocity"
"HD 136352 c",0.03536499,11.24000000,27.59221000000,"Radial Velocity"
"Kepler-1723 b",0.02720000,8.65000000,39.75289917000,"Transit"
"Kepler-1176 b",0.02070000,6.57000000,24.17385790000,"Transit"
"Kepler-1783 b",0.00723000,2.30000000,8.27744007100,"Transit"
"TOI-6255 b",0.00453075,1.44000000,0.23818244000,"Transit"
"TOI-157 b",1.18000000,375.03940000,2.08454350000,"Transit"
"OGLE-2017-BLG-0640L b",1.62000000,514.88201934,,"Microlensing"
"OGLE-2013-BLG-1761L b",2.70000000,860.00000000,,"Microlensing"
"OGLE-2017-BLG-1099L b",3.02000000,959.84178914,,"Microlensing"
"Kepler-1421 b",0.00236000,0.74900000,6.91311120000,"Transit"
"Kepler-1442 b",0.04610000,14.70000000,81.41629410000,"Transit"
"Kepler-414 b",0.01100000,3.50000000,4.70000000000,"Transit Timing Variations"
"HD 13808 c",0.03133751,9.96000000,53.75300000000,"Radial Velocity"
"TOI-1333 b",2.37000000,753.25710000,4.72021900000,"Transit"
"HD 13808 b",0.03523896,11.20000000,14.18150000000,"Radial Velocity"
"HD 136352 d",0.02775082,8.82000000,107.24500000000,"Radial Velocity"
"K2-185 b",0.00505000,1.60000000,10.61638400000,"Transit"
"K2-59 b",0.02010000,6.39000000,20.69210000000,"Transit"
"Kepler-1976 b",,,4.95931924400,"Transit Timing Variations"
"HAT-P-61 b",1.05700000,335.94462620,1.90231289000,"Transit"
"TOI-849 b",0.13151751,41.80000000,0.76554800000,"Transit"
"Kepler-1491 c",0.02050000,6.53000000,61.56976500000,"Transit"
"Kepler-1834 c",0.00624000,1.98000000,0.76669151700,"Transit"
"Kepler-1518 c",0.02750000,8.75000000,9.63102580000,"Transit"
"TIC 270471727 b",0.02520000,8.00000000,10.45623256647,"Transit"
"Kepler-348 c",0.00733000,2.33000000,17.26542700000,"Transit"
"Kepler-1200 b",0.00377000,1.20000000,1.11854971700,"Transit"
"HD 204941 b",0.23000000,73.10090000,1733.00000000000,"Radial Velocity"
"HD 68988 c",15.03000000,4776.96095721,16000.00000000000,"Radial Velocity"
"HD 101581 b",0.00260000,0.82700000,4.46569000000,"Transit"
"OGLE-2017-BLG-0406L b",0.41000000,130.00000000,,"Microlensing"
"KMT-2017-BLG-0428L b",0.01758811,5.59000000,,"Microlensing"
"Kepler-698 b",0.04130000,13.10000000,16.32976218000,"Transit"
"WASP-121 b",1.17000000,371.85923619,1.27492504000,"Transit"
"GJ 536 c",0.01853201,5.89000000,32.76100000000,"Radial Velocity"
"TOI-663 b",0.01400127,4.45000000,2.59890200000,"Transit"
"TOI-1259 A b",0.44100000,140.16232749,3.47797800000,"Transit"
"Qatar-4 b",6.10000000,1938.76300000,1.80535640000,"Transit"
"K2-113 b",1.29000000,410.00070000,5.81768500000,"Transit"
"TOI-150.01",2.51000000,797.75330000,5.85748700000,"Transit"
"TOI-2107 b",0.83000000,263.79757781,2.45454670000,"Transit"
"Kepler-1321 b",0.06760000,21.50000000,11.12830484000,"Transit"
"HD 10180 h",0.20300000,64.40000000,2205.00000000000,"Radial Velocity"
"HD 7924 b",6.47600000,2058.25676373,5.39792000000,"Radial Velocity"
"HIP 57274 d",0.52670000,167.40000000,431.70000000000,"Radial Velocity"
"HD 215152 e",3.06900000,975.41538108,25.19670000000,"Radial Velocity"
"KMT-2020-BLG-0414L c",27.00000000,8581.36698900,,"Microlensing"
"GJ 328 b",2.51000000,797.74930157,3771.00000000000,"Radial Velocity"
"HD 16175 b",5.90000000,1875.18760130,990.00000000000,"Radial Velocity"
"Kepler-1195 b",0.01570000,4.98000000,8.49642241000,"Transit"
"Kepler-739 b",0.03460000,11.00000000,12.53248465000,"Transit"
"K2-268 e",0.00733000,2.33000000,6.13124300000,"Transit"
"K2-268 f",0.01760000,5.60000000,26.27057000000,"Transit"
"K2-268 b",0.00899000,2.86000000,2.15167600000,"Transit"
"K2-146 c",0.02358000,7.49000000,4.00498000000,"Transit"
"OGLE-2013-BLG-0341L B b",0.00522000,1.66000000,,"Microlensing"
"TOI-1248 b",0.08621004,27.40000000,4.36015610000,"Transit"
"Qatar-7 b",1.88000000,597.52040000,2.03204600000,"Transit"
"HATS-22 b",2.74000000,870.85420000,4.72281240000,"Transit"
"TOI-4465 b",5.89000000,1872.00931723,101.94054000000,"Transit"
"TOI-1291 b",0.08510000,27.10000000,7.16200975510,"Transit"
"TOI-1722 b",0.05550000,17.60000000,9.60523206943,"Transit"
"TOI-1756 b",0.01390000,4.43000000,2.78301736297,"Transit"
"K2-336 b",0.00624000,1.98000000,21.19473300000,"Transit"
"K2-334 b",0.08540000,27.20000000,5.11398100000,"Transit"
"EPIC 212297394 b",0.00879000,2.79000000,2.28936300000,"Transit"
"HAT-P-38 b",0.26700000,84.85700000,4.64038200000,"Transit"
"HD 106315 b",0.03964383,12.60000000,9.55237000000,"Transit"
"K2-331 b",0.01210000,3.86000000,9.39897700000,"Transit"
"TOI-5232 b",2.34000000,743.71847238,4.09666920000,"Transit"
"K2-342 b",0.01500000,4.78000000,11.56105200000,"Transit"
"V1298 Tau e",0.04813918,15.30000000,48.67771400000,"Transit"
"V1298 Tau c",0.01478785,4.70000000,8.24916400000,"Transit"
"Kepler-1914 b",0.02820000,8.97000000,30.82789993000,"Transit"
"Kepler-224 c",0.03120000,9.91000000,5.92500300000,"Transit"
"HAT-P-64 b",0.58000000,184.34047606,4.00723200000,"Transit"
"K2-348 b",0.03360000,10.70000000,4.68841800000,"Transit"
"HATS-40 b",1.59000000,505.34970000,3.26427360000,"Transit"
"TOI-4578 b",0.01820000,5.77000000,8.62392630369,"Transit"
"TOI-4898 b",0.04200000,13.40000000,2.76520470167,"Transit"
"BD+45 564 b",1.36000000,432.24663352,307.88000000000,"Radial Velocity"
"Kepler-911 b",0.02290000,7.27000000,20.31050100000,"Transit"
"HD 102329 c",1.52000000,483.10160000,1123.00000000000,"Radial Velocity"
"K2-353 b",0.08290000,26.30000000,15.46680500000,"Transit"
"TOI-1749 c",0.04404893,14.00000000,4.49290000000,"Transit"
"TOI-431 b",0.00965930,3.07000000,0.49004700000,"Transit"
"Kepler-795 b",0.01090000,3.46000000,29.61934210000,"Transit"
"K2-340 b",0.03540000,11.20000000,29.74045100000,"Transit"
"Kepler-163 b",0.00364000,1.16000000,7.81093700000,"Transit"
"K2-330 b",0.02550000,8.10000000,13.77479800000,"Transit"
"K2-268 c",0.02420000,7.70000000,9.32752700000,"Transit"
"Kepler-668 b",0.02440000,7.75000000,8.35390639000,"Transit"
"K2-352 d",0.01760000,5.60000000,14.87138700000,"Transit"
"K2-352 c",0.01370000,4.35000000,8.23488500000,"Transit"
"K2-335 b",0.01740000,5.52000000,12.28321100000,"Transit"
"CWISEP J193518.59-154620.3 b",15.50000000,4926.34030850,,"Imaging"
"TOI-5926 b",0.14000000,44.60000000,3.81122794237,"Transit"
"TOI-6393 b",0.02530000,8.04000000,9.53176110329,"Transit"
"TOI-2071 b",0.02240000,7.10000000,5.67395386982,"Transit"
"TOI-2227 b",0.03080000,9.79000000,4.22175815648,"Transit"
"TOI-4030 b",0.09050000,28.80000000,2.50900199461,"Transit"
"TOI-4513 b",0.01920000,6.11000000,9.76042253684,"Transit"
"K2-268 d",0.00889000,2.83000000,4.52859800000,"Transit"
"HD 79181 b",0.64000000,203.41018048,273.10000000000,"Radial Velocity"
"HD 10975 b",0.45000000,143.02278315,283.80000000000,"Radial Velocity"
"HD 99283 b",0.97000000,308.29355479,310.40000000000,"Radial Velocity"
"Kepler-989 b",0.01740000,5.52000000,7.96431535200,"Transit"
"K2-346 b",0.01800000,5.73000000,26.20144600000,"Transit"
"Kepler-1801 b",0.02450000,7.80000000,10.44089985000,"Transit"
"HATS-51 b",0.76800000,244.09344000,3.34887020000,"Transit"
"HR 858 d",0.02233910,7.10000000,11.23051100000,"Transit"
"Kepler-1446 b",0.00150000,0.47700000,0.68996783200,"Transit"
"Kepler-956 b",0.02920000,9.27000000,5.24867263100,"Transit"
"ups Leo b",0.51000000,162.09248757,385.20000000000,"Radial Velocity"
"HD 161178 b",0.57000000,181.16219199,279.30000000000,"Radial Velocity"
"K2-368 d",0.01400000,4.45000000,20.20108500000,"Transit"
"EPIC 212297394 c",0.01820000,5.77000000,5.21396500000,"Transit"
"K2-349 b",0.00780000,2.48000000,9.03217800000,"Transit"
"Kepler-1834 b",0.00858000,2.73000000,4.60301017800,"Transit"
"Kepler-1859 b",0.00985000,3.13000000,2.72959995300,"Transit"
"HATS-74 A b",1.46000000,464.02947422,1.73185606000,"Transit"
"TOI-880 c",0.06830000,21.70000000,6.38727030000,"Transit"
"TOI-1278 b",18.50000000,5879.82552950,14.47567000000,"Transit"
"WASP-97 b",1.36000000,432.24880000,2.07276000000,"Transit"
"gam Psc b",1.34000000,425.89006538,555.10000000000,"Radial Velocity"
"HD 219139 b",0.78000000,247.90615746,275.50000000000,"Radial Velocity"
"Kepler-98 b",0.01100000,3.55000000,1.54168000000,"Transit"
"Kepler-238 b",10.39875583,3305.02000000,2.09087600000,"Transit"
"Kepler-67 b",0.02820000,8.96000000,15.72590000000,"Transit"
"WASP-46 b",1.91000000,607.05530000,1.43036763000,"Transit"
"WASP-48 b",0.80000000,254.26400000,2.14363000000,"Transit"
"WASP-6 b",0.46700000,148.42586607,3.36100260000,"Transit"
"PDS 70 b",3.20000000,1017.05090240,43500.00000000000,"Imaging"
"TOI-1064 b",0.04247575,13.50000000,6.44386800000,"Transit"
"TrES-5 b",1.79000000,568.91570000,1.48224686000,"Transit"
"WASP-114 b",1.76900000,562.24127000,1.54877430000,"Transit"
"Kepler-1921 b",0.02740000,8.72000000,20.03479958000,"Transit"
"HD 114386 c",0.37000000,117.59651059,444.00000000000,"Radial Velocity"
"TOI-1442 b",0.00537000,1.71000000,0.40906770000,"Transit"
"WASP-25 b",0.56400000,179.25522155,3.76483370000,"Transit"
"LTT 1445 A c",0.00484538,1.54000000,3.12390350000,"Transit"
"TOI-1064 c",0.00786588,2.50000000,12.22657400000,"Transit"
"K2-373 b",0.01540000,4.90000000,11.02066000000,"Transit"
"Kepler-1542 d",0.00186000,0.59000000,5.99273738000,"Transit"
"K2-316 c",0.01260000,4.01000000,5.26000000000,"Transit"
"TOI-1295 b",1.42000000,451.31633794,3.19688380000,"Transit"
"K2-115 b",1.01000000,321.00669107,20.27299140000,"Transit"
"K2-350 c",0.02500000,7.95000000,19.99194400000,"Transit"
"TOI-261.02",0.03510000,11.20000000,13.03935862135,"Transit"
"TOI-1203 e",0.13246141,42.10000000,204.59000000000,"Radial Velocity"
"Kepler-1764 b",0.05930000,18.80000000,70.46829987000,"Transit"
"Kepler-1269 b",0.01040000,3.29000000,37.33315360000,"Transit"
"Kepler-681 b",0.03050000,9.69000000,26.39435646000,"Transit"
"K2-387 b",0.13300000,42.20000000,28.73532700000,"Transit"
"XO-1 b",0.83000000,263.79890000,3.94153000000,"Transit"
"WASP-190 b",1.00000000,317.83000000,5.36775300000,"Transit"
"TOI-480 b",0.06544412,20.80000000,6.86619600000,"Transit"
"K2-196 b",0.03970000,12.60000000,48.32422200000,"Transit"
"HD 200964 c",1.21400000,385.84562000,852.50000000000,"Radial Velocity"
"Kepler-1315 b",0.00780000,2.48000000,0.84338011000,"Transit"
"K2-239 d",0.00430000,1.37000000,10.11500000000,"Transit"
"K2-382 b",0.01560000,4.95000000,21.70015600000,"Transit"
"K2-192 b",0.00920000,2.92000000,4.16281700000,"Transit"
"TRAPPIST-1 b",0.00432309,1.37400000,1.51082600000,"Transit"
"TRAPPIST-1 d",0.00122078,0.38800000,4.04921900000,"Transit"
"TRAPPIST-1 e",0.00217728,0.69200000,6.10101300000,"Transit"
"TRAPPIST-1 g",0.00415633,1.32100000,12.35244600000,"Transit"
"TRAPPIST-1 h",0.00102571,0.32600000,18.77286600000,"Transit"
"TOI-4602.01",0.02210000,7.04000000,3.98120910000,"Transit"
"HATS-26 b",0.65000000,206.58950000,3.30238810000,"Transit"
"K2-190 b",0.00758000,2.41000000,10.09885800000,"Transit"
"TOI-1839 c",0.02010000,6.39000000,4.02393854207,"Transit"
"WASP-186 b",4.22000000,1341.24260000,5.02679900000,"Transit"
"TOI-4552 b",0.00575782,1.83000000,0.30110032000,"Transit"
"TOI-261.01",0.02990000,9.51000000,3.36392540000,"Transit"
"TOI-1054.01",0.02050000,6.50000000,15.50778550000,"Transit"
"K2-402 b",0.02410000,7.65000000,17.27474000000,"Transit"
"K2-117 c",0.01540000,4.90000000,5.44401700000,"Transit"
"HD 18742 b",3.40000000,1080.62200000,766.00000000000,"Radial Velocity"
"Kepler-873 b",0.04260000,13.50000000,20.55338440000,"Transit"
"TOI-3837 b",0.59000000,187.51876013,11.88865000000,"Transit"
"K2-407 b",0.00690000,2.19000000,4.94190700000,"Transit"
"K2-380 b",0.02480000,7.89000000,9.40131200000,"Transit"
"Kepler-1297 b",0.00274000,0.87100000,1.68189002000,"Transit"
"Kepler-80 f",14.03187979,4459.73000000,0.98678730000,"Transit"
"Kepler-113 c",0.02737312,8.70000000,8.92507000000,"Transit"
"K2-384 d",0.00792000,2.52000000,6.67958200000,"Transit"
"Wendelstein-1 b",0.59200000,188.15536000,2.66341600000,"Transit"
"HATS-17 b",1.33800000,425.25654000,16.25461100000,"Transit"
"TOI-3894 b",0.82000000,260.61929374,4.33454000000,"Transit"
"Kepler-1016 b",0.01700000,5.39000000,1.95452434200,"Transit"
"WASP-68 b",1.08000000,343.25640000,5.08430000000,"Transit"
"HAT-P-56 b",2.31000000,734.18730000,2.79083000000,"Transit"
"K2-408 b",0.01090000,3.45000000,20.97895900000,"Transit"
"K2-384 e",0.00747000,2.37000000,9.71504300000,"Transit"
"K2-395 b",0.02280000,7.26000000,4.80335200000,"Transit"
"K2-395 c",0.03600000,11.40000000,8.49128200000,"Transit"
"HIP 55507 b",8.13500000,2585.53409095,5138.43727000000,"Radial Velocity"
"WASP-79 b",0.85000000,270.15414595,3.66239200000,"Transit"
"K2-386 b",0.01890000,5.99000000,7.47322300000,"Transit"
"K2-396 b",0.00981000,3.12000000,0.67386200000,"Transit"
"OGLE-2019-BLG-0299L b",6.22000000,1976.89269154,,"Microlensing"
"TOI-883 b",0.12800000,40.70000000,10.05771848538,"Transit"
"TOI-3896 b",0.03170000,10.10000000,4.37730369667,"Transit"
"TOI-5380 b",0.03750000,11.90000000,3.77229247873,"Transit"
"TOI-6677 b",0.09020000,28.70000000,5.45060661625,"Transit"
"K2-409 b",0.02110000,6.72000000,1.90808400000,"Transit"
"Kepler-1651 b",0.01270000,4.04000000,9.87863917000,"Transit"
"Kepler-1354 b",0.02870000,9.11000000,76.61337700000,"Transit"
"HD 100546 b",8.50000000,2701.54145950,,"Imaging"
"HD 158996 b",14.00000000,4449.62000000,820.20000000000,"Radial Velocity"
"Kepler-610 b",0.05140000,16.30000000,6.99692655400,"Transit"
"Kepler-1053 b",0.00284000,0.90400000,2.41435165400,"Transit"
"Kepler-1932 b",0.00914000,2.91000000,0.52417701500,"Transit"
"Kepler-340 c",0.03550000,11.30000000,22.82466900000,"Transit"
"Kepler-940 b",0.03500000,11.10000000,59.62252570000,"Transit"
"Kepler-524 c",0.00264000,0.84000000,1.88897906000,"Transit"
"Kepler-534 c",0.00637000,2.02000000,7.37868976600,"Transit"
"Kepler-647 b",0.00537000,1.71000000,16.22546490000,"Transit"
"K2-390 b",0.06170000,19.60000000,3.31279200000,"Transit"
"Kepler-130 b",0.00328000,1.04000000,8.45745800000,"Transit"
"Kepler-1955 b",0.00531000,1.69000000,14.26519966000,"Transit"
"K2-154 b",0.01450000,4.62000000,3.67626000000,"Transit"
"K2-392 b",0.01280000,4.08000000,15.39872300000,"Transit"
"K2-393 b",0.01930000,6.13000000,10.41318100000,"Transit"
"K2-391 b",0.00772000,2.45000000,4.62265400000,"Transit"
"Kepler-537 b",0.00809000,2.57000000,3.24755521900,"Transit"
"Kepler-1546 b",0.03130000,9.96000000,19.59749710000,"Transit"
"HD 106515 A b",18.90000000,6006.95689230,3626.00000000000,"Radial Velocity"
"Kepler-1030 b",0.02110000,6.71000000,19.32952416000,"Transit"
"TOI-205 b",0.02140000,6.81000000,4.25300773815,"Transit"
"TOI-5614 b",0.03290000,10.40000000,4.17221328949,"Transit"
"TOI-3785 b",0.04703796,14.95000000,4.67473730000,"Transit"
"HATS-13 b",0.54300000,172.58169000,3.04404990000,"Transit"
"WASP-47 e",0.02831717,9.00000000,0.78961000000,"Transit"
"TOI-4379 b",1.11300000,353.74301699,3.25352000000,"Transit"
"K2-28 b",0.01890000,5.99000000,2.26045500000,"Transit"
"GJ 9066 c",0.21000000,66.74396547,771.36000000000,"Radial Velocity"
"HD 155918 b",0.02400000,7.62788177,1.87567000000,"Radial Velocity"
"Kepler-1866 b",0.01570000,4.99000000,11.66009998000,"Transit"
"TOI-4582 b",0.53000000,168.44905571,31.03400000000,"Transit"
"TOI-2274 b",0.02070000,6.57000000,2.67963000000,"Transit"
"TOI-5153 b",3.26000000,1036.12060682,20.33003000000,"Transit"
"HATS-67 b",1.45000000,460.85350000,1.60917880000,"Transit"
"TOI-4145 A b",0.43000000,136.66621501,4.06644280000,"Transit"
"TOI-1269 b",0.02013665,6.40000000,4.25299130000,"Transit"
"WASP-178 b",1.66000000,527.59780000,3.34482850000,"Transit"
"HD 25463 b",0.02737326,8.70000000,7.04914230000,"Transit"
"HD 73583 b",0.03209279,10.20000000,6.39804200000,"Transit"
"HD 73583 c",0.03051961,9.70000000,18.87974000000,"Transit"
"Kepler-633 c",0.01850000,5.89000000,23.78319931000,"Transit"
"KMT-2021-BLG-0240L b",0.21000000,66.74396547,,"Microlensing"
"Kepler-397 c",0.09950000,31.60000000,135.49852700000,"Transit"
"Kepler-781 b",0.02740000,8.70000000,13.21407320000,"Transit"
"Kepler-1021 b",0.01900000,6.04000000,13.47469571000,"Transit"
"Gaia-1 b",1.68000000,533.95172376,3.05252400000,"Transit"
"Gaia-2 b",0.81700000,259.66580852,3.69152240000,"Transit"
"K2-366 b",0.01940000,6.16000000,15.93703900000,"Transit"
"K2-232 b",0.39800000,126.49634000,11.16845400000,"Transit"
"Kepler-1952 b",0.00650000,2.07000000,27.21080017000,"Transit"
"Kepler-216 c",0.02980000,9.48000000,17.40666900000,"Transit"
"HD 153950 b",2.95000000,937.59850000,499.39999000000,"Radial Velocity"
"Kepler-1431 b",0.00869000,2.76000000,5.86601526000,"Transit"
"GJ 806 c",0.01824884,5.80000000,6.64064000000,"Radial Velocity"
"WASP-42 b",0.52700000,167.49641000,4.98168190000,"Transit"
"TOI-1775 b",0.30204978,96.00000000,10.24055490000,"Transit"
"TOI-2796 b",0.44000000,139.84449908,4.80849830000,"Transit"
"GJ 849 b",0.89300000,283.82076745,1925.31000000000,"Radial Velocity"
"TOI-2136 b",0.02004226,6.37000000,7.85192800000,"Transit"
"HATS-31 b",0.88000000,279.69040000,3.37796000000,"Transit"
"TOI-2427 b",0.01230000,3.89000000,1.30600110000,"Transit"
"HIP 94235 b",1.19246736,379.00000000,7.71305700000,"Transit"
"Wolf 503 b",0.01969616,6.26000000,6.00127000000,"Transit"
"Kepler-1514 c",0.00546000,1.74000000,10.51418100000,"Transit"
"K2-368 b",0.00735000,2.34000000,5.02559800000,"Transit"
"TOI-1670 c",0.63000000,200.23189641,40.74976000000,"Transit"
"TOI-880.02",0.01710000,5.43000000,2.57571000000,"Transit"
"WASP-123 b",0.89900000,285.72917000,2.97764359000,"Transit"
"EPIC 246851721 b",3.00000000,953.49000000,6.18023500000,"Transit"
"TOI-1268 b",0.30330832,96.40000000,8.15770940000,"Transit"
"TOI-6130 b",1.05000000,333.71982735,2.39267900000,"Transit"
"TRAPPIST-1 c",0.00411543,1.30800000,2.42193700000,"Transit"
"TOI-1269 c",0.01760000,5.60000000,9.23786144195,"Transit"
"TRAPPIST-1 f",0.00326906,1.03900000,9.20754000000,"Transit"
"Kepler-396 b",0.23800000,75.50000000,42.99400000000,"Transit"
"K2-376 b",0.01150000,3.66000000,5.77647500000,"Transit"
"KMT-2019-BLG-1367L b",0.01283712,4.08000000,,"Microlensing"
"TOI-500 c",0.01582615,5.03000000,6.63560000000,"Radial Velocity"
"GJ 514 b",0.01636103,5.20000000,140.43000000000,"Radial Velocity"
"K2-34 b",1.69800000,539.67534000,2.99563480000,"Transit"
"K2-43 c",0.02030000,6.44000000,2.19888400000,"Transit"
"EPIC 206317286 c",0.01580000,5.03000000,17.51547200000,"Transit"
"TOI-1683.01",0.02350000,7.45000000,3.05753560000,"Transit"
"TOI-5143 c",,,5.20971180000,"Transit"
"K2-396 c",0.03120000,9.93000000,25.76051000000,"Transit"
"HD 34445 f",0.11900000,37.90000000,676.80000000000,"Radial Velocity"
"AB Aur b",9.00000000,2860.45566300,,"Imaging"
"TOI-620 b",0.04280000,13.60000000,5.09881790000,"Transit"
"mu2 Sco b",14.40000000,4576.72906080,,"Imaging"
"WASP-184 b",0.57000000,181.16310000,5.18170000000,"Transit"
"TOI-3976 A b",0.17500000,55.61997123,6.60766200000,"Transit"
"HD 156846 b",10.67000000,3391.24610000,359.51001000000,"Radial Velocity"
"Kepler-399 c",0.00829000,2.63000000,26.67569000000,"Transit"
"Kepler-1802 b",0.01080000,3.43000000,15.45020008000,"Transit"
"K2-375 b",0.01780000,5.66000000,14.45389500000,"Transit"
"TOI-431 c",0.00890418,2.83000000,4.84940000000,"Radial Velocity"
"TOI-451 c",0.01164150,3.70000000,9.19246300000,"Transit"
"TOI-451 d",0.03209279,10.20000000,16.36496200000,"Transit"
"PDS 70 c",7.50000000,2383.71305250,,"Imaging"
"WASP-171 b",1.08400000,344.52772000,3.81862440000,"Transit"
"HATS-42 b",1.88000000,597.52040000,2.29210200000,"Transit"
"WASP-151 b",0.31600000,100.43377661,4.53347750000,"Transit"
"HD 168443 c",17.30600000,5500.33841154,1753.10960000000,"Radial Velocity"
"HD 168443 b",7.62800000,2424.39508860,58.11187000000,"Radial Velocity"
"HD 169830 b",2.53100000,804.42369812,225.67372000000,"Radial Velocity"
"HIP 8541 b",7.71400000,2451.72833160,1852.14387000000,"Radial Velocity"
"WASP-130 b",1.23000000,390.93090000,11.55098000000,"Transit"
"Kepler-1099 b",0.02640000,8.40000000,2.16845259300,"Transit"
"Kepler-289 b",0.01164150,3.70000000,34.53830000000,"Transit"
"HIP 56640 b",6.77000000,2151.69831539,2675.57603000000,"Radial Velocity"
"HD 181234 b",9.37900000,2980.91262925,7593.40512000000,"Radial Velocity"
"HIP 90988 b",2.10200000,668.07531151,455.73816000000,"Radial Velocity"
"KOI-94 c",0.04900000,15.60000000,10.42364800000,"Transit"
"TOI-3629 b",0.26000000,82.63538582,3.93655100000,"Transit"
"TOI-1696 b",0.15354197,48.80000000,2.50031100000,"Transit"
"HD 169830 c",7.66900000,2437.42605328,1818.82339000000,"Radial Velocity"
"Kepler-1863 b",0.01810000,5.74000000,44.99760056000,"Transit"
"GJ 3929 b",0.00550612,1.75000000,2.61623500000,"Transit"
"CoRoT-36 b",0.68000000,216.12331676,5.61653100000,"Transit"
"KOINTREAU-1 b",10.60000000,3368.98111420,,"Imaging"
"WASP-29 b",0.23000000,73.10090000,3.92273000000,"Transit"
"HD 221416 b",0.19000000,60.50000000,14.27670000000,"Transit"
"TOI-1466 b",0.02090000,6.65000000,1.87190602231,"Transit"
"TIC 24750448 b",0.02050000,6.51000000,3.59159193029,"Transit"
"TIC 65612701 b",0.07130000,22.70000000,10.22467974953,"Transit"
"TIC 86380416 b",0.02010000,6.40000000,6.04086434610,"Transit"
"Kepler-970 b",0.02300000,7.31000000,16.73652500000,"Transit"
"Kepler-475 b",0.02130000,6.76000000,3.10550818900,"Transit"
"Kepler-1836 b",0.02220000,7.05000000,5.25416994100,"Transit"
"HD 11343 c",0.80400000,255.53403923,228.53731000000,"Radial Velocity"
"HD 140901 b",0.04900000,15.57359194,9.02378000000,"Radial Velocity"
"TOI-2081 b",0.01520000,4.82000000,10.50534000000,"Transit"
"Kepler-385 b",0.04000000,12.80000000,10.04368600000,"Transit"
"EPIC 201238110 b",0.01310000,4.16000000,28.16560000000,"Transit"
"Kepler-691 b",0.01580000,5.02000000,8.11437900000,"Transit"
"K2-381 c",0.01470000,4.66000000,16.03465600000,"Transit"
"HD 33142 b",1.26000000,400.46379282,330.00000000000,"Radial Velocity"
"Kepler-332 b",0.00537000,1.71000000,7.62632400000,"Transit"
"Kepler-1041 b",0.02820000,8.96000000,24.75764210000,"Transit"
"Kepler-1578 b",0.00352000,1.12000000,1.45088690700,"Transit"
"Kepler-1966 b",0.00437000,1.39000000,8.61742973300,"Transit"
"KMT-2021-BLG-1689L b",0.14473219,46.00000000,,"Microlensing"
"Kepler-819 b",0.02530000,8.05000000,33.19956480000,"Transit"
"Kepler-887 c",0.00474000,1.51000000,7.63846023000,"Transit"
"Kepler-306 d",0.02100000,6.66000000,17.32664400000,"Transit"
"Kepler-177 c",0.04625114,14.70000000,49.40926000000,"Transit"
"Kepler-635 b",0.02350000,7.46000000,23.44971004000,"Transit"
"Kepler-1083 b",0.03540000,11.20000000,33.41779930000,"Transit"
"Kepler-79 d",0.01900000,6.00000000,52.09020000000,"Transit"
"Kepler-195 c",0.00951000,3.02000000,34.09686300000,"Transit"
"Kepler-1661 b",0.05348771,17.00000000,175.06000000000,"Transit"
"HATS-25 b",0.61300000,194.82979000,4.29864320000,"Transit"
"HD 33142 c",0.89000000,282.86728223,810.20000000000,"Radial Velocity"
"HD 156279 b",9.43200000,2997.75753482,133.40355000000,"Radial Velocity"
"HD 27894 b",0.61900000,196.73578393,18.01939000000,"Radial Velocity"
"Kepler-212 b",0.00416000,1.32000000,16.25758200000,"Transit"
"Kepler-195 b",0.01500000,4.78000000,8.30787200000,"Transit"
"K2-83 c",0.00882000,2.80000000,9.99767000000,"Transit"
"Kepler-24 d",0.92489845,293.95900000,4.24438400000,"Transit"
"Kepler-15 b",0.66000000,209.76000000,4.94278200000,"Transit"
"Kepler-83 d",0.01290004,4.10000000,5.16979600000,"Transit"
"Kepler-143 c",0.03550000,11.30000000,27.08251100000,"Transit"
"Kepler-1116 b",0.02200000,6.99000000,41.69778270000,"Transit"
"HD 141399 d",1.18000000,375.03940000,1069.80000000000,"Radial Velocity"
"TOI-1718 b",0.04970000,15.80000000,5.58703768615,"Transit"
"Kepler-159 c",0.03630000,11.50000000,43.59579200000,"Transit"
"HD 184010 d",0.45000000,143.02278315,836.40000000000,"Radial Velocity"
"KOI-7913 b",0.01910000,6.08000000,24.27855300000,"Transit"
"Kepler-54 d",0.03805387,12.09460000,20.99569400000,"Transit"
"YZ Cet d",0.00342952,1.09000000,4.65626000000,"Radial Velocity"
"Kepler-1608 b",0.01150000,3.64000000,16.47356860000,"Transit"
"Kepler-152 b",0.02580000,8.20000000,18.20797300000,"Transit"
"HD 125612 b",2.97400000,945.22168242,557.69994000000,"Radial Velocity"
"Kepler-1641 c",0.02830000,9.01000000,32.65721200000,"Transit"
"K2-45 b",0.11400000,36.40000000,1.72926840000,"Transit"
"HD 68475 b",5.16000000,1639.99458012,7832.00000000000,"Radial Velocity"
"TrES-3 b",1.91000000,607.03000000,1.30618581000,"Transit"
"Kepler-968 c",0.01100000,3.50000000,5.70940491800,"Transit"
"HD 23472 c",0.01072906,3.41000000,29.79749000000,"Transit"
"WASP-105 b",1.80000000,572.09400000,7.87288000000,"Transit"
"WASP-91 b",1.34000000,425.89220000,2.79858100000,"Transit"
"HD 62364 c",24.93000000,7923.46218651,74839.94555000000,"Radial Velocity"
"GJ 3222 b",0.03600000,11.44182265,10.66669000000,"Radial Velocity"
"Kepler-1463 b",0.01300000,4.12000000,25.15864000000,"Transit"
"Kepler-712 c",0.06590000,21.00000000,226.89047000000,"Transit"
"Kepler-1948 b",0.00343000,1.09000000,15.57129955000,"Transit"
"Kepler-146 c",0.03130000,9.96000000,76.73217100000,"Transit"
"Kepler-711 b",0.03630000,11.50000000,23.58914398000,"Transit"
"Kepler-1080 b",0.03390000,10.80000000,77.25483960000,"Transit"
"WASP-113 b",0.47500000,150.96925000,4.54216874538,"Transit"
"Kepler-248 c",0.04900000,15.60000000,16.23949400000,"Transit"
"HD 133131 A c",0.42000000,133.48860000,3568.00000000000,"Radial Velocity"
"Kepler-1319 b",0.00742000,2.36000000,2.88676264500,"Transit"
"Kepler-678 b",0.07280000,23.10000000,7.27503724000,"Transit"
"Kepler-1535 b",0.02210000,7.04000000,138.94420000000,"Transit"
"Kepler-39 b",20.10000000,6388.10000000,21.08721000000,"Transit"
"Kepler-1532 b",0.00752000,2.39000000,1.09366355900,"Transit"
"Kepler-808 b",0.00859000,2.73000000,0.63133235300,"Transit"
"KELT-10 b",0.67900000,215.80657000,4.16627390000,"Transit"
"WASP-119 b",1.23000000,390.93090000,2.49979000000,"Transit"
"WASP-69 b",0.26000000,82.58000000,3.86813881000,"Transit"
"WASP-94 A b",0.50000000,158.91500000,3.95019000000,"Transit"
"TOI-682.01",0.04240000,13.50000000,6.83923880000,"Transit"
"HD 23472 d",0.00173049,0.55000000,3.97664000000,"Transit"
"HD 23472 f",0.00242269,0.77000000,12.16218390000,"Transit"
"Kepler-335 c",0.03030000,9.64000000,67.84446900000,"Transit"
"HD 168863 b",6.78000000,2154.87659946,14773.93272000000,"Radial Velocity"
"LP 890-9 b",0.04153184,13.20000000,2.72990250000,"Transit"
"TIC 161045582 b",0.01780000,5.67000000,8.85577189959,"Transit"
"TIC 198190129 b",0.02790000,8.87000000,7.94804910667,"Transit"
"TIC 294329732 b",0.01560000,4.97000000,9.75658761810,"Transit"
"Kepler-94 c",9.83600000,3126.00000000,820.30000000000,"Radial Velocity"
"14 And b",3.55900000,1131.15130051,186.76000000000,"Radial Velocity"
"TOI-5174 b",0.07790000,24.80000000,12.21428600000,"Transit"
"Kepler-966 b",0.05020000,16.00000000,99.74762200000,"Transit"
"EPIC 220492298 b",0.00295000,0.93700000,0.76240600000,"Transit"
"HATS-28 b",0.67200000,213.58176000,3.18107810000,"Transit"
"HATS-29 b",0.65300000,207.54299000,4.60587490000,"Transit"
"WASP-54 b",0.59000000,187.51970000,3.69364000000,"Transit"
"HD 63935 b",0.03303669,10.50000000,9.05880700000,"Transit"
"TOI-1820 b",2.30000000,731.00533610,4.86067400000,"Transit"
"TOI-2158 b",0.82000000,260.61929374,8.60077000000,"Transit"
"HD 184010 b",0.31000000,98.52680617,286.60000000000,"Radial Velocity"
"HD 184010 c",0.30000000,95.34852210,484.30000000000,"Radial Velocity"
"Kepler-260 c",0.01160000,3.68000000,76.05017800000,"Transit"
"Kepler-140 c",0.01230000,3.89000000,91.35328200000,"Transit"
"HATS-15 b",2.17000000,689.69110000,1.74748753000,"Transit"
"TOI-2128 b",0.01415858,4.50000000,16.34136000000,"Transit"
"MASCARA-1 b",3.70000000,1175.97100000,2.14877381000,"Transit"
"Kepler-14 b",8.40000000,2669.66000000,6.79012300000,"Transit"
"K2-24 c",0.04845358,15.40000000,42.33910000000,"Transit"
"WASP-129 b",1.00000000,317.83000000,5.74814500000,"Transit"
"WASP-124 b",0.60000000,190.69800000,3.37265000000,"Transit"
"TOI-5160 b",0.01990000,6.33000000,4.28077325600,"Transit"
"Kepler-941 b",0.03050000,9.69000000,17.42395198000,"Transit"
"Kepler-85 c",0.00676466,2.15000000,12.51000000000,"Transit"
"Kepler-734 b",0.03900000,12.40000000,6.10485285600,"Transit"
"GJ 2030 b",0.01500000,4.76742611,2.38129000000,"Radial Velocity"
"KELT-9 b",2.88000000,915.35040000,1.48112350000,"Transit"
"NGTS-1 b",0.81200000,258.07796000,2.64729800000,"Transit"
"HIP 21152 b",24.00000000,7627.88176800,22000.00000000000,"Imaging"
"TOI-1260 b",0.02693277,8.56000000,3.12746300000,"Transit"
"Kepler-599 b",0.02660000,8.45000000,15.65562652000,"Transit"
"HATS-52 b",2.24000000,711.93920000,1.36665436000,"Transit"
"HATS-53 b",0.59500000,189.10885000,3.85377680000,"Transit"
"WASP-139 b",0.11700000,37.18611000,5.92426200000,"Transit"
"WASP-142 b",0.84000000,266.97720000,2.05286800000,"Transit"
"Kepler-1203 b",0.00377000,1.20000000,0.58800076500,"Transit"
"TOI-969 c",11.30000000,3591.46099910,1700.00000000000,"Radial Velocity"
"47 UMa c",0.54000000,171.62100000,2391.00000000000,"Radial Velocity"
"61 Vir d",0.07200000,22.90000000,123.01000000000,"Radial Velocity"
"61 Vir b",0.01600000,5.10000000,4.21500000000,"Radial Velocity"
"K2-413 c",0.00644000,2.05000000,5.33010000000,"Transit"
"K2-414 c",0.01380000,4.38000000,6.66900000000,"Transit"
"Kepler-1720 b",0.03280000,10.40000000,12.70639992000,"Transit"
"TOI-1260 d",0.03725281,11.84000000,16.60816400000,"Transit"
"TOI-1260 c",0.04153184,13.20000000,7.49313400000,"Transit"
"TOI-969 b",0.02863180,9.10000000,1.82373050000,"Transit"
"HD 147513 b",1.21000000,385.00000000,528.40000000000,"Radial Velocity"
"HD 160691 c",4.40000000,1398.44499080,3947.00000000000,"Radial Velocity"
"GJ 1002 b",0.00339806,1.08000000,10.34650000000,"Radial Velocity"
"Kepler-1727 b",0.03210000,10.20000000,9.02929973600,"Transit"
"ITG 15 b",21.00000000,6674.39654700,,"Imaging"
"Kepler-531 b",0.02560000,8.15000000,29.88485741000,"Transit"
"Kepler-1182 b",0.02010000,6.39000000,11.17394617000,"Transit"
"KELT-19 A b",4.07000000,1293.56810000,4.61170930000,"Transit"
"KELT-21 b",3.91000000,1242.71530000,3.61276470000,"Transit"
"HD 37124 b",0.67500000,214.53525000,154.37800000000,"Radial Velocity"
"Kepler-513 b",0.01720000,5.48000000,28.86235584000,"Transit"
"HD 330075 b",0.48000000,152.55840000,3.38773000000,"Radial Velocity"
"Kepler-1329 b",0.01680000,5.35000000,9.33646594000,"Transit"
"K2-61 b",0.01370000,4.35000000,2.57336000000,"Transit"
"Kepler-825 c",0.01270000,4.04000000,8.18182460000,"Transit"
"Kepler-382 b",0.00724000,2.30000000,5.26215500000,"Transit"
"K2-165 c",0.00955000,3.03000000,4.38274500000,"Transit"
"WASP-138 b",1.22000000,387.75260000,3.63443300000,"Transit"
"XO-6 b",4.40000000,1398.45200000,3.76500070000,"Transit"
"Qatar-3 b",4.31000000,1369.84730000,2.50792040000,"Transit"
"HD 114082 b",8.00000000,2542.62725600,109.75000000000,"Radial Velocity"
"55 Cnc d",3.87800000,1232.49300000,4799.00000000000,"Radial Velocity"
"Kepler-1191 b",0.00909000,2.89000000,5.60014851000,"Transit"
"Kepler-1891 b",0.00921000,2.93000000,4.02229023000,"Transit"
"WASP-53 b",2.13200000,677.61356000,3.30984430000,"Transit"
"WASP-53 c",16.35000000,5196.52050000,2840.00000000000,"Radial Velocity"
"K2-198 b",0.05140000,16.30000000,17.04286830000,"Transit"
"Kepler-1456 b",0.00489000,1.55000000,18.13738290000,"Transit"
"Kepler-529 b",0.01300000,4.12000000,1.98035766300,"Transit"
"11 UMi b",14.74000000,4684.81420000,516.21997000000,"Radial Velocity"
"Kepler-835 b",0.02580000,8.20000000,11.41909375000,"Transit"
"Kepler-1666 c",0.03320000,10.50000000,40.71570000000,"Transit"
"Kepler-690 b",0.09330000,29.60000000,7.74809437400,"Transit"
"Kepler-136 b",0.06200000,19.80000000,11.57890000000,"Transit"
"Kepler-775 b",0.00570000,1.81000000,0.97486892600,"Transit"
"KIC 10068024 b",2.00000000,635.65681400,2.07354900000,"Orbital Brightness Modulation"
"HATS-34 b",0.94100000,299.07803000,2.10616070000,"Transit"
"HATS-35 b",1.22200000,388.38826000,1.82099930000,"Transit"
"WASP-81 b",0.72900000,231.69807000,2.71647620000,"Transit"
"Kepler-357 b",0.01270000,4.04000000,6.47543400000,"Transit"
"Kepler-23 d",0.01396980,4.44000000,15.27000000000,"Transit"
"Kepler-1510 b",0.03540000,11.20000000,84.70392100000,"Transit"
"Kepler-1324 b",0.00909000,2.89000000,4.11584467900,"Transit"
"KIC 3526061 b",18.15000000,5768.58558705,3552.00000000000,"Radial Velocity"
"Kepler-110 b",0.01260000,4.01000000,12.69111200000,"Transit"
"K2-325 b",0.01720000,5.48000000,6.93000000000,"Transit"
"Kepler-716 c",0.00793000,2.52000000,3.96999000000,"Transit"
"Kepler-1850 b",0.00098500,0.31300000,1.38580000400,"Transit"
"HD 163607 b",0.78360000,249.05158800,75.22030000000,"Radial Velocity"
"K2-38 b",0.02296837,7.30000000,4.01593000000,"Transit"
"K2-38 c",0.02611472,8.30000000,10.56103000000,"Transit"
"KELT-1 b",27.23000000,8654.15000000,1.21751400000,"Transit"
"HATS-50 b",0.39000000,123.95370000,3.82970150000,"Transit"
"WASP-153 b",0.39000000,123.95370000,3.33260900000,"Transit"
"Kepler-1365 b",0.00227000,0.72100000,7.69993485000,"Transit"
"HD 170469 b",0.66000000,209.76780000,1145.00000000000,"Radial Velocity"
"Kepler-341 d",0.01280000,4.08000000,27.66631300000,"Transit"
"Kepler-977 b",0.02320000,7.37000000,26.85328322000,"Transit"
"HD 98219 b",1.96400000,624.21812000,433.80000000000,"Radial Velocity"
"HAT-P-31 b",2.27000000,721.47410000,5.00542000000,"Transit"
"WASP-131 b",0.27300000,86.76715511,5.32201250000,"Transit"
"AU Mic e",0.06638802,21.10000000,33.11000000000,"Radial Velocity"
"KELT-16 b",2.75000000,874.03250000,0.96899510000,"Transit"
"GJ 393 b",0.00538026,1.71000000,7.02679000000,"Radial Velocity"
"Kepler-1933 b",0.00553000,1.76000000,4.94329023400,"Transit"
"Kepler-1641 b",0.03100000,9.85000000,19.67226600000,"Transit"
"GJ 687 b",0.05411698,17.20000000,38.14200000000,"Radial Velocity"
"Kepler-23 b",0.00805466,2.56000000,7.10000000000,"Transit"
"Kepler-554 b",0.05350000,17.00000000,1.90220855600,"Transit"
"HD 159868 c",0.76800000,244.09344000,351.00000000000,"Radial Velocity"
"TOI-2525 b",0.08400000,26.69758619,23.28560000000,"Transit"
"GJ 1151 c",0.03341426,10.62000000,389.70000000000,"Radial Velocity"
"TOI-277 b",0.02360000,7.51000000,3.99400000000,"Transit"
"NGTS-23 b",0.61300000,194.82881349,4.07643260000,"Transit"
"TOI-700 e",0.00257000,0.81800000,27.80978000000,"Transit"
"NGTS-4 b",0.06481452,20.60000000,1.33735080000,"Transit"
"TOI-669 b",0.03146352,10.00000000,3.94515200000,"Transit"
"Kepler-1331 b",0.00364000,1.16000000,0.78916165300,"Transit"
"Kepler-1246 b",0.00761000,2.42000000,11.32271513000,"Transit"
"Kepler-287 b",0.26114720,83.00000000,20.34219900000,"Transit"
"Kepler-432 c",2.43000000,772.32690000,406.20000000000,"Radial Velocity"
"HD 102843 b",0.35836768,113.90000000,3090.94200000000,"Radial Velocity"
"K2-155 b",0.01230000,3.89000000,6.34200000000,"Transit"
"Kepler-162 c",0.02970000,9.43000000,19.44635500000,"Transit"
"TOI-1695 b",0.02001080,6.36000000,3.13427910000,"Transit"
"TOI-181 b",0.14520000,46.16870000,4.53200000000,"Transit"
"TOI-3235 b",0.66500000,211.35589065,2.59261842000,"Transit"
"KMT-2021-BLG-2294L b",0.07000000,22.24798849,,"Microlensing"
"K2-155 d",0.01340000,4.27000000,40.71800000000,"Transit"
"Kepler-1443 b",0.00274000,0.87100000,2.41811321000,"Transit"
"Kepler-48 c",0.04596797,14.61000000,9.67395000000,"Transit"
"Kepler-138 e",0.00135293,0.43000000,38.23000000000,"Transit Timing Variations"
"HD 160691 e",7.00000000,2224.79884900,307.90000000000,"Radial Velocity"
"HD 3651 b",0.22800000,72.46524000,62.25000000000,"Radial Velocity"
"ups And c",13.98000000,4443.24112986,241.25800000000,"Radial Velocity"
"Kepler-1369 b",0.02420000,7.70000000,25.87314800000,"Transit"
"V1298 Tau b",0.04121721,13.10000000,24.14000600000,"Transit"
"GJ 1002 c",0.00427904,1.36000000,21.20200000000,"Radial Velocity"
"Kepler-138 c",0.00723661,2.30000000,13.78150000000,"Transit"
"Kepler-138 b",0.00022024,0.07000000,10.31340000000,"Transit"
"KOINTREAU-3 b",3.40000000,1080.61658380,,"Imaging"
"Kepler-1644 b",0.01320000,4.19000000,21.09077580000,"Transit"
"Kepler-1249 b",0.01970000,6.26000000,24.33471270000,"Transit"
"WASP-78 b",1.11000000,352.79130000,2.17518000000,"Transit"
"WASP-39 b",0.28100000,89.31023000,4.05529410000,"Transit"
"WASP-36 b",2.36100000,750.39663000,1.53736596000,"Transit"
"HD 191939 d",0.00880979,2.80000000,38.35303700000,"Transit"
"TOI-700 c",0.02290000,7.27000000,16.05113700000,"Transit"
"TOI-700 b",0.00222000,0.70400000,9.97721900000,"Transit"
"TOI-700 d",0.00394000,1.25000000,37.42396000000,"Transit"
"KIC 9663113 b",0.06030000,19.20000000,572.38470000000,"Transit"
"Kepler-12 b",0.43200000,137.30256000,4.43796290000,"Transit"
"HAT-P-24 b",0.75000000,238.37250000,3.35524000000,"Transit"
"Kepler-792 b",0.01420000,4.50000000,11.30119217000,"Transit"
"Kepler-539 b",0.97000000,308.29510000,125.63243000000,"Transit"
"K2-165 d",0.02360000,7.50000000,14.10136100000,"Transit"
"Kepler-1254 c",0.00705000,2.24000000,3.60084276000,"Transit"
"Kepler-1674 b",0.03260000,10.40000000,62.56110000000,"Transit"
"WASP-189 b",1.99000000,632.47852993,2.72403300000,"Transit"
"WASP-41 b",0.85000000,270.15550000,3.05240000000,"Transit"
"Kepler-255 c",0.02900000,9.22000000,9.94604700000,"Transit"
"Kepler-1238 b",0.01380000,4.38000000,4.14787559000,"Transit"
"Ross 176 b",0.01437883,4.57000000,5.00663380000,"Transit"
"TOI-5422 b",28.00000000,8899.19539600,5.37721900000,"Transit"
"Kepler-5 b",2.11100000,670.93913000,3.54846570000,"Transit"
"WASP-18 c",0.17367775,55.20000000,2.15580000000,"Transit Timing Variations"
"TOI-1743 b",0.01260000,4.01000000,4.26604600000,"Transit"
"Proxima Cen d",0.00081805,0.26000000,5.12338000000,"Radial Velocity"
"HAT-P-2 c",10.70000000,3400.76395490,8500.00000000000,"Radial Velocity"
"HATS-41 b",9.70000000,3082.95100000,4.19364900000,"Transit"
"Kepler-933 b",0.02080000,6.62000000,14.20443009000,"Transit"
"Kepler-1240 b",0.00505000,1.60000000,4.86638150000,"Transit"
"K2-80 c",0.00869000,2.76000000,5.60500000000,"Transit"
"Kepler-891 b",0.10600000,33.60000000,53.44945593000,"Transit"
"Kepler-1605 b",0.00403000,1.28000000,85.75654950000,"Transit"
"HD 80913 b",23.61400000,7505.20000290,10839.83341000000,"Radial Velocity"
"TOI-4406 b",0.30000000,95.34852210,30.08364000000,"Transit"
"PZ Tel b",27.00000000,8581.36698900,44000.00000000000,"Imaging"
"TOI-2589 b",3.50000000,1112.39942450,61.62770000000,"Transit"
"Kepler-598 c",0.02960000,9.40000000,86.49450000000,"Transit"
"HAT-P-29 b",0.88000000,279.69040000,5.72319000000,"Transit"
"Kepler-288 d",0.02390000,7.61000000,56.63374200000,"Transit"
"Kepler-264 c",0.02640000,8.40000000,140.10126100000,"Transit"
"Kepler-1786 b",0.03190000,10.10000000,78.54609680000,"Transit"
"Kepler-1119 b",0.01370000,4.35000000,8.32651530000,"Transit"
"Kepler-49 d",0.74248240,235.98200000,2.57654900000,"Transit"
"GJ 687 c",0.05034138,16.00000000,727.56200000000,"Radial Velocity"
"Kepler-1465 b",0.01190000,3.78000000,31.82771110000,"Transit"
"Kepler-1844 b",0.02980000,9.46000000,3.92451000200,"Transit"
"Kepler-1036 b",0.02930000,9.32000000,122.88080580000,"Transit"
"Kepler-358 b",0.02470000,7.85000000,34.06046700000,"Transit"
"TOI-2096 c",0.01360000,4.32000000,6.38784000000,"Transit"
"TOI-2096 b",0.00653000,2.08000000,3.11906330000,"Transit"
"TOI-4603 b",12.89000000,4096.80816623,7.24599000000,"Transit"
"HD 169142 b",3.00000000,953.48522100,,"Imaging"
"TOI-1811 b",0.97200000,308.92921160,3.71307650000,"Transit"
"TOI-2025 b",3.60000000,1144.18226520,8.87209820000,"Transit"
"Kepler-1179 b",0.00724000,2.30000000,2.68505749200,"Transit"
"Kepler-1544 b",0.01200000,3.82000000,168.81117400000,"Transit"
"TOI-2152 A b",2.83000000,899.45439181,3.37735120000,"Transit"
"Kepler-457 d",0.02890000,9.19000000,10.69060040000,"Transit"
"Kepler-868 b",0.01530000,4.86000000,5.03251791000,"Transit"
"TOI-2497 b",4.82000000,1531.93292174,10.65566900000,"Transit"
"Kepler-355 c",0.02450000,7.80000000,25.76229400000,"Transit"
"Kepler-1299 b",0.02880000,9.17000000,19.94008740000,"Transit"
"Kepler-381 d",0.00386000,1.23000000,8.25629997300,"Transit"
"Kepler-1806 b",0.01930000,6.15000000,9.03332042700,"Transit"
"Kepler-1570 b",0.00390000,1.24000000,26.54895500000,"Transit"
"Kepler-232 c",0.04420000,14.00000000,11.37934900000,"Transit"
"KIC 5479689 b",0.50000000,158.91420350,1.70153100000,"Orbital Brightness Modulation"
"Kepler-1759 b",0.00213000,0.67600000,3.72023010300,"Transit"
"Kepler-225 c",0.01270000,4.04000000,18.79423400000,"Transit"
"Kepler-833 b",0.01490000,4.74000000,18.75469980000,"Transit"
"Kepler-321 b",0.01190000,3.78000000,4.91537900000,"Transit"
"Kepler-973 b",0.01420000,4.50000000,49.60773310000,"Transit"
"Kepler-243 b",0.02070000,6.57000000,5.71544200000,"Transit"
"Kepler-308 b",0.01620000,5.14000000,9.69492800000,"Transit"
"HD 97037 b",21.10500000,6707.76852973,6449.08337000000,"Radial Velocity"
"Kepler-776 b",0.00687000,2.18000000,4.89718784000,"Transit"
"TIC 279401253 b",6.14000000,1951.46641898,76.80000000000,"Transit"
"WASP-103 b",1.49000000,473.54700000,0.92554200000,"Transit"
"Kepler-1226 b",0.00849000,2.70000000,17.29234530000,"Transit"
"Kepler-1048 b",0.01010000,3.22000000,6.92101021000,"Transit"
"WASP-73 b",2.86000000,908.99380000,4.08722000000,"Transit"
"HATS-44 b",0.56000000,177.98480000,2.74390040000,"Transit"
"HATS-45 b",0.70000000,222.48100000,4.18762440000,"Transit"
"Kepler-1260 b",0.01190000,3.78000000,19.11877530000,"Transit"
"K2-141 b",0.01563737,4.97000000,0.28032440000,"Transit"
"Kepler-367 c",0.00588000,1.87000000,53.57863700000,"Transit"
"Kepler-176 e",0.00163846,0.52075000,51.16579000000,"Transit"
"Kepler-194 c",0.02270000,7.22000000,17.30803200000,"Transit"
"WASP-61 b",2.68000000,851.78440000,3.85590000000,"Transit"
"HD 80606 b",4.16410000,1323.46926959,111.43676500000,"Radial Velocity"
"HAT-P-6 b",1.32000000,419.53560000,3.85298000000,"Transit"
"Kepler-465 b",0.02830000,9.01000000,9.94067246600,"Transit"
"Kepler-1475 b",0.02790000,8.85000000,82.17737400000,"Transit"
"HATS-46 b",0.17300000,54.98459000,4.74237290000,"Transit"
"HATS-7 b",0.12000000,38.13960000,3.18531500000,"Transit"
"Kepler-1756 b",0.00871000,2.77000000,2.35575008400,"Transit"
"Kepler-20 e",0.00239123,0.76000000,6.09848820000,"Transit"
"Kepler-102 e",0.01478785,4.70000000,16.14569940000,"Transit"
"Kepler-107 d",0.02422691,7.70000000,7.95839000000,"Transit"
"Kepler-1960 b",0.00712000,2.26000000,2.29794001600,"Transit"
"Kepler-1007 b",0.00839000,2.67000000,5.18500207300,"Transit"
"Kepler-659 b",0.02140000,6.80000000,17.67179600000,"Transit"
"Kepler-1290 b",0.00819000,2.60000000,4.69500134000,"Transit"
"HD 40956 b",2.70000000,858.14100000,578.60000000000,"Radial Velocity"
"Kepler-1244 b",0.00752000,2.39000000,3.70428172000,"Transit"
"HD 50499 b",1.63600000,519.96988000,2447.10000000000,"Radial Velocity"
"Kepler-374 b",0.00340000,1.08000000,1.89780600000,"Transit"
"2MASS J22501512+2325342 b",30.00000000,9534.85221000,,"Imaging"
"HAT-P-15 b",1.94000000,616.59020000,10.86350000000,"Transit"
"K2-12 b",0.01636103,5.20000000,8.28246000000,"Transit"
"Kepler-78 b",0.00528587,1.68000000,0.35500745000,"Transit"
"Kepler-1420 b",0.00687000,2.18000000,6.69960006000,"Transit"
"WASP-58 b",0.97000000,308.29510000,5.01718000000,"Transit"
"K2-136 d",0.00943906,3.00000000,25.57500000000,"Transit"
"K2-415 b",0.02359764,7.50000000,4.01796940000,"Transit"
"TOI-733 b",0.01799713,5.72000000,4.88476500000,"Transit"
"HAT-P-23 b",2.09000000,664.23700000,1.21288400000,"Transit"
"HAT-P-57 b",1.41000000,448.14030000,2.46530000000,"Transit"
"KELT-15 b",1.31000000,416.35730000,3.32944000000,"Transit"
"HAT-P-17 b",0.58000000,184.34140000,10.33852000000,"Transit"
"HD 114386 b",1.46000000,464.02947422,937.70001000000,"Radial Velocity"
"HAT-P-17 c",3.40000000,1080.60000000,5584.00000000000,"Radial Velocity"
"HAT-P-4 b",0.67100000,213.25500000,3.05653600000,"Transit"
"Kepler-20 c",0.03492451,11.10000000,10.85407740000,"Transit"
"WASP-71 b",1.39000000,441.78370000,2.90367000000,"Transit"
"HD 15337 c",0.02137002,6.79200000,17.18054600000,"Transit"
"K2-136 c",0.05694897,18.10000000,17.30713000000,"Transit"
"Kepler-68 d",0.84007174,267.00000000,632.62000000000,"Radial Velocity"
"HD 80653 b",0.01799713,5.72000000,0.71957300000,"Transit"
"HD 3167 c",0.03501890,11.13000000,29.84540000000,"Transit"
"HD 3167 b",0.01563737,4.97000000,0.95964100000,"Transit"
"HD 3167 d",0.01362370,4.33000000,8.41120000000,"Radial Velocity"
"HAT-P-49 b",2.20000000,699.22600000,2.69155000000,"Transit"
"HD 147873 c",2.30000000,731.00900000,491.54000000000,"Radial Velocity"
"Kepler-857 b",0.11700000,37.20000000,85.35129427000,"Transit"
"HATS-12 b",2.39000000,759.61370000,3.14270200000,"Transit"
"EPIC 211945201 b",0.03460987,11.00000000,19.49221000000,"Transit"
"K2-188 c",0.02640000,8.40000000,7.81025300000,"Transit"
"K2-108 b",0.18689236,59.40000000,4.73399900000,"Transit"
"Kepler-1025 b",0.01440000,4.58000000,37.32294930000,"Transit"
"Kepler-1666 b",0.02730000,8.66000000,25.84760000000,"Transit"
"Kepler-1924 b",0.02370000,7.53000000,15.33170033000,"Transit"
"K2-127 b",0.16700000,52.90000000,3.58816300000,"Transit"
"WASP-144 b",0.44000000,139.84520000,2.27831520000,"Transit"
"Kepler-107 e",0.04436356,14.10000000,14.74914300000,"Transit"
"Kepler-68 b",0.02526521,8.03000000,5.39875259000,"Transit"
"Kepler-997 b",0.00761000,2.42000000,2.70730671600,"Transit"
"HD 99109 b",0.44000000,139.84520000,439.29999000000,"Radial Velocity"
"WASP-158 b",2.79000000,886.74570000,3.65633300000,"Transit"
"WASP-145 A b",0.89000000,282.86870000,1.76903810000,"Transit"
"WASP-159 b",0.55000000,174.80650000,3.84040100000,"Transit"
"HD 89345 b",0.11000000,34.96130000,11.81430000000,"Transit"
"CoRoT-20 c",17.00000000,5403.11000000,1675.00000000000,"Radial Velocity"
"NGTS-2 b",0.74000000,235.19420000,4.51116400000,"Transit"
"Kepler-1562 b",0.03880000,12.30000000,64.27377520000,"Transit"
"K2-117 b",0.01500000,4.78000000,1.29160000000,"Transit"
"Kepler-1110 b",0.02380000,7.56000000,9.69312032000,"Transit"
"HD 153557 b",0.06400000,20.34101805,7.29903000000,"Radial Velocity"
"Kepler-1170 b",0.02010000,6.39000000,9.98969327000,"Transit"
"WASP-162 b",5.20000000,1652.71600000,9.62468000000,"Transit"
"WASP-172 b",0.47000000,149.38010000,5.47743300000,"Transit"
"Kepler-392 b",0.00306000,0.97200000,5.34185300000,"Transit"
"K2-188 b",0.00752000,2.39000000,1.74216900000,"Transit"
"Kepler-324 e",0.73943674,235.01400000,13.97939968000,"Transit"
"Kepler-194 b",0.00909000,2.89000000,2.09228100000,"Transit"
"Kepler-157 d",0.00859000,2.73000000,7.02573474000,"Transit"
"Kepler-323 c",0.02139519,6.80000000,3.55382290000,"Transit"
"Kepler-236 c",0.01470000,4.66000000,23.96812700000,"Transit"
"LHS 3154 b",0.04137453,13.15000000,3.71778000000,"Radial Velocity"
"Kepler-664 b",0.02380000,7.56000000,2.52559331500,"Transit"
"HATS-9 b",0.83700000,266.02371000,1.91529100000,"Transit"
"Kepler-157 c",0.01780000,5.65000000,13.54050000000,"Transit"
"Kepler-947 b",0.01830000,5.82000000,26.96443170000,"Transit"
"Kepler-758 e",0.00930000,2.96000000,8.19347190000,"Transit"
"Kepler-679 b",0.02930000,9.32000000,12.39358604000,"Transit"
"WASP-147 b",0.27500000,87.40325000,4.60273000000,"Transit"
"Kepler-1907 c",0.00513000,1.63000000,14.86390018000,"Transit"
"Kepler-934 b",0.01580000,5.02000000,55.67383090000,"Transit"
"Kepler-102 c",0.00534880,1.70000000,7.07139200000,"Transit"
"Kepler-102 b",0.00346099,1.10000000,5.28696500000,"Transit"
"Kepler-1521 b",0.02140000,6.80000000,47.14840805000,"Transit"
"Kepler-189 c",0.07100000,22.70000000,20.13486600000,"Transit"
"HD 135344 A b",10.00000000,3178.28407000,,"Imaging"
"Kepler-107 c",0.03146352,10.00000000,4.90145200000,"Transit"
"Kepler-1468 c",0.00505000,1.60000000,3.54553021000,"Transit"
"K2-266 b",0.03545236,11.26782377,0.65852400000,"Transit"
"Kepler-1371 b",0.00099000,0.31500000,3.44620390000,"Transit"
"Kepler-202 c",0.01280000,4.08000000,16.28249300000,"Transit"
"K2-266 d",0.02800239,8.90000000,14.69700000000,"Transit"
"K2-266 e",0.04499261,14.30000000,19.48200000000,"Transit"
"Kepler-271 b",0.00642000,2.04000000,10.43547805000,"Transit"
"Kepler-20 f",0.00440489,1.40000000,19.57832800000,"Transit"
"Kepler-102 f",0.01352931,4.30000000,27.45359200000,"Transit"
"Kepler-122 e",0.08700000,27.70000000,37.99327300000,"Transit"
"Kepler-974 b",0.00972000,3.09000000,4.19449651400,"Transit"
"GJ 676 A d",0.01200000,3.81394088,3.60076000000,"Radial Velocity"
"Kepler-218 b",0.00879000,2.79000000,3.61933700000,"Transit"
"NGTS-3 A b",2.38000000,756.43540000,1.67537280000,"Transit"
"K2-238 b",0.86000000,273.33380000,3.20466000000,"Transit"
"WASP-106 b",1.93000000,613.40882551,9.28969000000,"Transit"
"TrES-1 b",0.84000000,266.97720000,3.03007000000,"Transit"
"Qatar-1 b",1.29400000,411.27202000,1.42002420000,"Transit"
"Kepler-1387 b",0.00236000,0.74900000,2.27952665600,"Transit"
"Kepler-234 b",0.04160000,13.20000000,2.71150600000,"Transit"
"Kepler-525 b",0.02330000,7.41000000,18.68404933000,"Transit"
"CoRoT-20 b",4.30000000,1366.66900000,9.24285000000,"Transit"
"HD 18438 b",21.00000000,6674.39654700,803.00000000000,"Radial Velocity"
"Kepler-1205 b",0.00809000,2.57000000,1.07839035200,"Transit"
"Kepler-1067 c",0.01160000,3.70000000,5.42583990100,"Transit"
"EPIC 201841433 b",0.00352000,1.12000000,4.16980000000,"Transit"
"HATS-64 b",0.96000000,305.11680000,4.90889700000,"Transit"
"HATS-65 b",0.82100000,260.93843000,3.10516100000,"Transit"
"K2-80 b",0.01480000,4.70000000,19.09180000000,"Transit"
"Kepler-1222 b",0.00131000,0.41800000,1.91694425400,"Transit"
"K2-285 d",0.02045118,6.50000000,10.45582000000,"Transit"
"K2-285 e",0.03366580,10.70000000,14.76289000000,"Transit"
"HATS-60 b",0.66200000,210.40346000,3.56082900000,"Transit"
"Kepler-359 b",0.03840000,12.20000000,25.56322200000,"Transit"
"Kepler-1876 b",0.00755124,2.40000000,6.99205000000,"Transit"
"Kepler-22 b",0.02863180,9.10000000,289.86387600000,"Transit"
"WASP-165 b",0.65800000,209.13214000,3.46550900000,"Transit"
"HD 4313 b",1.92700000,612.45841000,356.21000000000,"Radial Velocity"
"Kepler-1056 b",0.02930000,9.32000000,27.49560600000,"Transit"
"Kepler-1554 b",0.02750000,8.75000000,198.08877400000,"Transit"
"HATS-59 b",0.80600000,256.17098000,5.41608100000,"Transit"
"TIC 62895484 b",0.03780000,12.00000000,2.83985434327,"Transit"
"TIC 188624430 b",0.04070000,12.90000000,6.21860433132,"Transit"
"Kepler-1107 b",0.00742000,2.36000000,0.57103851800,"Transit"
"HD 457 b",26.57200000,8445.33643080,20324.58153000000,"Radial Velocity"
"HD 112640 b",5.00000000,1589.15000000,613.20000000000,"Radial Velocity"
"Kepler-1969 b",0.01090000,3.47000000,6.64752006500,"Transit"
"Kepler-996 b",0.01440000,4.58000000,3.77059058400,"Transit"
"TOI-172 b",5.42000000,1722.63860000,9.47725000000,"Transit"
"K2-85 b",0.01006833,3.20000000,0.68453862616,"Transit"
"Kepler-48 f",0.93944088,298.58099680,5219.68185400000,"Radial Velocity"
"Kepler-1385 b",0.00171000,0.54300000,2.88879862000,"Transit"
"Kepler-8 b",0.59000000,187.51970000,3.52249910000,"Transit"
"K2-291 b",0.02041972,6.49000000,2.22517700000,"Transit"
"HAT-P-25 b",0.56900000,180.84527000,3.65281514000,"Transit"
"GJ 328 c",0.06733193,21.40000000,241.80000000000,"Radial Velocity"
"K2-181 b",0.02420000,7.70000000,6.89410000000,"Transit"
"Kepler-1039 b",0.00859000,2.73000000,0.93488424200,"Transit"
"HATS-69 b",0.57700000,183.38791000,2.22525770000,"Transit"
"HATS-68 b",1.29000000,410.00070000,3.58622020000,"Transit"
"Kepler-1383 b",0.00809000,2.57000000,13.90935830000,"Transit"
"Kepler-800 b",0.02670000,8.50000000,14.13176026000,"Transit"
"GJ 4276 b",0.05213479,16.57000000,13.35200000000,"Radial Velocity"
"Kepler-1484 b",0.01600000,5.10000000,30.45491360000,"Transit"
"WASP-161 b",2.49000000,791.39670000,5.40604250000,"Transit"
"Kepler-172 e",0.02530000,8.05000000,35.11873600000,"Transit"
"Kepler-1864 b",0.00111000,0.35300000,3.88151001900,"Transit"
"HATS-70 b",12.90000000,4100.00700000,1.88823780000,"Transit"
"K2-36 b",0.01352931,4.30000000,1.42261400000,"Transit"
"Kepler-538 b",0.04058794,12.90000000,81.73778000000,"Transit"
"K2-36 c",0.02485618,7.90000000,5.34088800000,"Transit"
"Kepler-281 d",2.05771412,654.00000000,148.27200320000,"Transit"
"HD 1397 b",0.41500000,131.89945000,11.53533000000,"Transit"
"Kepler-988 b",0.01550000,4.94000000,17.76080053000,"Transit"
"K2-285 b",0.03045653,9.68000000,3.47174500000,"Transit"
"Kepler-1694 b",0.00553000,1.76000000,3.89526000000,"Transit"
"Kepler-526 b",0.01450000,4.62000000,5.45849831600,"Transit"
"Kepler-109 b",0.01541712,4.90000000,6.48163070000,"Transit"
"K2-245 b",0.05460000,17.40000000,11.89307000000,"Transit"
"Kepler-159 b",0.01970000,6.26000000,10.13962300000,"Transit"
"Kepler-859 b",0.03070000,9.75000000,20.38177573000,"Transit"
"WASP-140 b",2.44000000,775.50520000,2.23598448000,"Transit"
"KMT-2022-BLG-1818L c",0.36000000,114.41822652,,"Microlensing"
"K2-18 b",0.02806532,8.92000000,32.93962300000,"Transit"
"HAT-P-35 b",1.05600000,335.62848000,3.64670600000,"Transit"
"Kepler-208 d",0.00588000,1.87000000,11.13178600000,"Transit"
"Kepler-1129 c",0.02490000,7.90000000,76.53695860000,"Transit"
"HD 12235 b",0.03300000,10.48833743,4.36305000000,"Radial Velocity"
"Kepler-364 b",0.00951000,3.02000000,25.74571800000,"Transit"
"Kepler-524 b",0.01360000,4.31000000,7.97419807000,"Transit"
"Kepler-221 e",0.02475254,7.86706000,18.36991700000,"Transit"
"HD 10180 g",10.62000000,3375.33768234,604.67000000000,"Radial Velocity"
"HR 8799 d",10.00000000,3000.00000000,37000.00000000000,"Imaging"
"TOI-481 b",1.53000000,486.27990000,10.33111000000,"Transit"
"HAT-P-14 b",3.44000000,1093.33520000,4.62767000000,"Transit"
"Kepler-37 b",0.00248562,0.79000000,13.36702000000,"Transit"
"Kepler-1189 b",0.01190000,3.78000000,3.78858982000,"Transit"
"Kepler-401 d",0.01820000,5.77000000,184.25640500000,"Transit"
"GJ 422 b",0.03482994,11.07000000,20.12900000000,"Radial Velocity"
"WASP-164 b",2.13000000,676.97790000,1.77712550000,"Transit"
"K2-110 b",0.05002699,15.90000000,13.86375000000,"Transit"
"Kepler-563 b",0.03070000,9.75000000,22.18432708000,"Transit"
"Kepler-1042 b",0.01710000,5.43000000,10.13202575000,"Transit"
"HD 2685 b",1.17000000,371.86110000,4.12688000000,"Transit"
"Kepler-25 b",0.02750000,8.70000000,6.23829700000,"Transit"
"KELT-23 A b",0.93800000,298.12454000,2.25525100000,"Transit"
"TOI-1416 b",0.01094930,3.48000000,1.06975680000,"Transit"
"TOI-2498 b",0.10892670,34.62000000,3.73825200000,"Transit"
"Kepler-1528 b",0.00859000,2.73000000,1.79111020500,"Transit"
"Kepler-1436 b",0.00714000,2.27000000,9.70571600000,"Transit"
"GJ 180 c",0.02013655,6.40000000,24.32900000000,"Radial Velocity"
"HATS-24 b",2.26000000,718.29580000,1.34849780000,"Transit"
"HAT-P-9 b",0.74900000,238.05467000,3.92281072000,"Transit"
"HAT-P-36 b",1.84820000,587.41340600,1.32734683000,"Transit"
"HD 56414 b",0.04180000,13.30000000,29.04992000000,"Transit"
"TOI-2000 c",0.25700000,81.70000000,9.12705500000,"Transit"
"TOI-139 b",0.02080000,6.60000000,11.07085000000,"Transit"
"Kepler-1621 b",0.01670000,5.31000000,92.26371400000,"Transit"
"Kepler-1478 b",0.01150000,3.64000000,26.08405940000,"Transit"
"Kepler-203 c",2.36000000,749.90000000,5.37064700000,"Transit"
"Kepler-221 b",0.01873889,5.95575000,2.79590600000,"Transit"
"NGTS-5 b",0.22900000,72.78307000,3.35698660000,"Transit"
"TIC 349520724 b",0.02640000,8.38000000,7.94044635021,"Transit"
"Kepler-386 b",0.00790000,2.51000000,12.31043000000,"Transit"
"Kepler-1502 b",0.03220000,10.20000000,41.70836290000,"Transit"
"Qatar-9 b",1.19000000,378.21770000,1.54073100000,"Transit"
"Kepler-1591 b",0.00678000,2.15000000,8.18504949000,"Transit"
"Kepler-160 c",0.04280000,13.60000000,13.69942900000,"Transit"
"Kepler-1057 b",0.03540000,11.20000000,14.08827448000,"Transit"
"Kepler-115 b",0.00416000,1.32000000,2.40367900000,"Transit"
"Kepler-527 b",0.02660000,8.45000000,13.28535633000,"Transit"
"Kepler-1011 b",0.02710000,8.60000000,5.75322197400,"Transit"
"GJ 1061 c",0.00569490,1.81000000,6.68210000000,"Radial Velocity"
"Kepler-1600 b",0.03130000,9.96000000,386.37054800000,"Transit"
"Kepler-49 c",0.02636643,8.38000000,10.91000000000,"Transit"
"KMT-2020-BLG-0414L b",0.00588368,1.87000000,,"Microlensing"
"Kepler-717 b",0.02030000,6.44000000,4.40840023000,"Transit"
"Kepler-1566 b",0.00131000,0.41800000,0.53991523800,"Transit"
"Kepler-1022 b",0.01940000,6.17000000,10.99469878000,"Transit"
"HD 75784 b",1.00000000,317.83000000,341.20000000000,"Radial Velocity"
"Kepler-1321 d",0.02330000,7.41000000,5.72092008600,"Transit"
"Kepler-1340 b",0.00951000,3.02000000,0.66502691600,"Transit"
"Kepler-411 d",0.04782431,15.20000000,58.02035000000,"Transit"
"Kepler-411 c",0.08306327,26.40000000,7.83443500000,"Transit"
"Kepler-742 b",0.03320000,10.60000000,8.36086823800,"Transit"
"Kepler-936 b",0.00849000,2.70000000,10.56134221000,"Transit"
"K2-295 b",0.33500000,106.47305000,4.02486700000,"Transit"
"Kepler-748 b",0.02170000,6.90000000,7.40742793000,"Transit"
"TOI-2459 b",0.02840000,9.03000000,19.10471800000,"Transit"
"HATS-18 b",1.97950000,629.14448500,0.83784000000,"Transit"
"Kepler-1349 b",0.00085200,0.27100000,2.12823928000,"Transit"
"Kepler-1627 b",0.04150000,13.20000000,7.20283653000,"Transit"
"Kepler-394 d",0.00900000,2.86000000,5.61358022700,"Transit"
"Kepler-1601 b",0.00150000,0.47700000,2.20921951000,"Transit"
"Kepler-1751 b",0.01250000,3.98000000,7.01731014300,"Transit"
"K2-133 e",0.01150000,3.64000000,26.58410000000,"Transit"
"K2-308 b",0.22200000,70.60000000,3.38628000000,"Transit"
"DS Tuc A b",1.30000000,413.17900000,8.13826800000,"Transit"
"Kepler-283 c",0.01250000,3.97000000,92.74371100000,"Transit"
"Kepler-1086 b",0.02050000,6.53000000,18.78425728000,"Transit"
"Kepler-25 c",0.04790000,15.20000000,12.72070000000,"Transit"
"Kepler-1023 b",0.02330000,7.41000000,62.13877140000,"Transit"
"Kepler-1497 b",0.01070000,3.39000000,8.74199772000,"Transit"
"Kepler-981 b",0.01870000,5.95000000,4.46975773600,"Transit"
"K2-3 d",0.00692197,2.20000000,44.55603000000,"Transit"
"TOI-411 c",0.03058254,9.72000000,9.57308300000,"Transit"
"Kepler-436 c",0.01900000,6.04000000,16.79713874000,"Transit"
"HD 175167 b",14.80000000,4703.86042360,1175.00000000000,"Radial Velocity"
"HD 74698 b",0.07000000,23.00000000,15.01700000000,"Radial Velocity"
"TOI-1680 b",0.00865000,2.75000000,4.80263450000,"Transit"
"Kepler-1743 b",0.01000000,3.18000000,7.64971017800,"Transit"
"K2-173 b",0.01010000,3.22000000,5.86869900000,"Transit"
"WASP-181 b",0.29900000,95.03117000,4.51950640000,"Transit"
"Kepler-583 b",0.01830000,5.82000000,6.51002530000,"Transit"
"Kepler-1770 b",0.02660000,8.45000000,16.84189987000,"Transit"
"Kepler-987 b",0.03360000,10.70000000,105.30331480000,"Transit"
"Kepler-385 d",0.02320000,7.36000000,56.41590000000,"Transit"
"WASP-84 c",0.04800000,15.20000000,1.44688490000,"Transit"
"Kepler-1201 b",0.01840000,5.86000000,15.18725932000,"Transit"
"Kepler-1540 b",0.02130000,6.76000000,125.41311770000,"Transit"
"HAT-P-70 b",6.78000000,2154.88740000,2.74432452000,"Transit"
"Kepler-176 c",0.00418465,1.33000000,12.75971200000,"Transit"
"HD 96700 c",0.01101223,3.50000000,19.88000000000,"Radial Velocity"
"Kepler-1568 b",0.00705000,2.24000000,20.92539200000,"Transit"
"HATS-58 A b",1.03000000,327.36490000,4.21808960000,"Transit"
"WASP-169 b",0.56100000,178.30263000,5.61141180000,"Transit"
"K2-147 b",0.00872000,2.77000000,0.96193900000,"Transit"
"Kepler-247 d",0.04630000,14.70000000,20.47791200000,"Transit"
"Kepler-1552 b",0.02100000,6.66000000,184.77185300000,"Transit"
"K2-3 c",0.00843222,2.68000000,24.64672900000,"Transit"
"K2-3 b",0.01607786,5.11000000,10.05465350000,"Transit"
"HIP 81208 C b",14.80000000,4703.86042360,104100.00000000000,"Imaging"
"LkCa 15 c",,,,"Imaging"
"Kepler-1542 c",0.00065300,0.20800000,2.89223021000,"Transit"
"HD 30856 b",1.54700000,491.68301000,847.00000000000,"Radial Velocity"
"Kepler-173 c",0.02040000,6.48000000,8.00577700000,"Transit"
"TOI-163 b",1.22000000,387.75260000,4.23130600000,"Transit"
"Kepler-1445 b",0.00264000,0.84000000,10.60052251000,"Transit"
"Kepler-1095 b",0.00606000,1.92000000,4.27103091000,"Transit"
"Kepler-1123 b",0.01080000,3.43000000,4.33946454000,"Transit"
"NGTS-8 b",0.93000000,295.58190000,2.49970000000,"Transit"
"TOI-2084 b",0.02100000,6.66000000,6.07842470000,"Transit"
"Kepler-1371 c",0.00061800,0.19600000,2.00541269000,"Transit"
"TOI-411 b",0.04313648,13.71000000,4.04029500000,"Transit"
"HD 219134 c",0.01371803,4.36000000,6.76458000000,"Radial Velocity"
"HD 219134 f",0.02296825,7.30000000,22.71700000000,"Radial Velocity"
"HD 219134 h",0.34000000,108.06220000,2247.00000000000,"Radial Velocity"
"Kepler-1877 b",0.00056400,0.17900000,2.37756991400,"Transit"
"Kepler-331 c",0.01270000,4.04000000,17.28111000000,"Transit"
"Kepler-543 b",0.02140000,6.80000000,13.89961966000,"Transit"
"HD 150010 b",2.40000000,762.78817680,562.00000000000,"Radial Velocity"
"Kepler-1105 b",0.01480000,4.70000000,4.42157218200,"Transit"
"Kepler-1311 b",0.00651000,2.07000000,11.17269940000,"Transit"
"K2-58 c",0.01020000,3.26000000,2.53726000000,"Transit"
"Kepler-1449 b",0.01090000,3.46000000,13.22745280000,"Transit"
"HD 38801 b",9.69800000,3082.31534000,685.25000000000,"Radial Velocity"
"Kepler-389 c",0.00859000,2.73000000,14.51143000000,"Transit"
"Kepler-147 c",0.02040000,6.48000000,33.41642300000,"Transit"
"GJ 1265 b",0.02328289,7.40000000,3.65110000000,"Radial Velocity"
"Kepler-604 b",0.02270000,7.22000000,25.85501786000,"Transit"
"TOI-2000 b",0.03470000,11.00000000,3.09833000000,"Transit"
"HD 62364 b",18.77000000,5965.63919939,5138.00000000000,"Radial Velocity"
"BD-210397 b",0.70000000,214.00000000,1891.00000000000,"Radial Velocity"
"Kepler-92 c",0.01900000,6.10000000,26.72300000000,"Transit"
"Kepler-1635 b",0.04050000,12.90000000,469.63111000000,"Transit"
"Kepler-667 b",0.06320000,20.10000000,41.43962808000,"Transit"
"Kepler-1709 b",0.03120000,9.93000000,65.70459747000,"Transit"
"K2-158 c",0.00687000,2.18000000,5.90279000000,"Transit"
"HD 135625 b",2.30000000,731.00533610,4055.00000000000,"Radial Velocity"
"HD 108202 b",3.00000000,953.48522100,2990.00000000000,"Radial Velocity"
"HD 185283 b",1.30000000,413.17692910,4060.00000000000,"Radial Velocity"
"Kepler-167 b",0.01130000,3.60000000,4.39315390000,"Transit"
"Kepler-127 c",0.02380000,7.56000000,29.39319500000,"Transit"
"Kepler-111 c",0.70000000,222.47988490,224.77833000000,"Transit"
"Kepler-890 b",0.18400000,58.60000000,52.75875577000,"Transit"
"Kepler-175 b",0.02230000,7.08000000,11.90351500000,"Transit"
"WASP-175 b",0.99000000,314.65170000,3.06529070000,"Transit"
"WASP-182 b",0.14800000,47.03884000,3.37698480000,"Transit"
"Kepler-374 c",0.00430000,1.37000000,3.28280700000,"Transit"
"K2-43 b",0.05830000,18.50000000,3.47114900000,"Transit"
"Kepler-557 b",0.02390000,7.61000000,3.70598955100,"Transit"
"Kepler-1904 b",0.00791000,2.51000000,4.57702016800,"Transit"
"HATS-47 b",0.36900000,117.27927000,3.92280380000,"Transit"
"Kepler-186 e",0.00678000,2.15000000,22.40770400000,"Transit"
"Kepler-1902 b",0.00546000,1.74000000,3.82222008700,"Transit"
"Kepler-747 b",0.07590000,24.10000000,35.61760587000,"Transit"
"DH Tau b",11.00000000,3496.00000000,,"Imaging"
"TOI-1052 b",0.05317335,16.90000000,9.13970300000,"Transit"
"GJ 3998 d",0.01909836,6.07000000,41.78000000000,"Radial Velocity"
"HIP 5763 b",0.51000000,162.09248757,30.01400000000,"Radial Velocity"
"Kepler-1044 b",0.02390000,7.61000000,6.77408868000,"Transit"
"HATS-48 A b",0.24300000,77.23269000,3.13166660000,"Transit"
"HATS-49 b",0.35300000,112.19399000,4.14804670000,"Transit"
"HATS-72 b",0.12540000,39.85588200,7.32794740000,"Transit"
"Kepler-316 b",0.00377000,1.20000000,2.24050800000,"Transit"
"Kepler-1085 c",0.03370000,10.70000000,56.77710000000,"Transit"
"Kepler-1585 b",0.01210000,3.86000000,3.58274630000,"Transit"
"Kepler-1856 b",0.01150000,3.66000000,1.30200004600,"Transit"
"Kepler-116 b",0.03640000,11.60000000,5.96873400000,"Transit"
"Kepler-1958 b",0.01530000,4.86000000,9.32861995700,"Transit"
"TOI-169 b",0.79100000,251.40353000,2.25544770000,"Transit"
"HD 12648 b",1.96000000,622.94680000,133.60001000000,"Radial Velocity"
"Kepler-1301 b",0.00800000,2.54000000,9.08237046000,"Transit"
"HD 112300 b",15.83000000,5031.22368281,466.63000000000,"Radial Velocity"
"HD 36384 b",6.60000000,2097.66748620,490.00000000000,"Radial Velocity"
"HD 216437 b",4.20000000,1334.87930940,1359.00000000000,"Radial Velocity"
"HD 28254 b",3.80000000,1207.74794660,1333.00000000000,"Radial Velocity"
"Kepler-1695 b",0.00458000,1.46000000,4.73290000000,"Transit"
"NGTS-9 b",2.90000000,921.70700000,4.43527000000,"Transit"
"Qatar-6 b",0.66800000,212.31044000,3.50619500000,"Transit"
"HD 213885 b",0.02778215,8.83000000,1.00803500000,"Transit"
"Kepler-1103 b",0.01820000,5.77000000,19.79191978000,"Transit"
"NGTS-11 b",0.34400000,109.33352000,35.45533000000,"Transit"
"CoRoT-10 b",2.75000000,874.00000000,13.24060000000,"Transit"
"TOI-1728 b",0.08425888,26.78000000,3.49151000000,"Transit"
"TOI-4201 b",2.48000000,788.21444936,3.58191940000,"Transit"
"LHS 475 b",0.00296000,0.94100000,2.02908800000,"Transit"
"GJ 367 c",0.01299443,4.13000000,11.53010000000,"Radial Velocity"
"TOI-2095 c",0.02328300,7.40000000,28.17232000000,"Transit"
"HD 44219 b",0.58000000,184.34047606,472.00000000000,"Radial Velocity"
"HIP 70849 b",4.50000000,1430.22783150,3649.00000000000,"Radial Velocity"
"HD 158259 b",0.00698487,2.22000000,2.17800000000,"Radial Velocity"
"HD 158259 d",0.01702168,5.41000000,5.19808140000,"Radial Velocity"
"Kepler-184 b",0.01940000,6.17000000,10.68757600000,"Transit"
"HD 114783 c",1.90000000,603.87397330,4352.00000000000,"Radial Velocity"
"HD 158259 e",0.01912972,6.08000000,7.95100000000,"Radial Velocity"
"HD 158259 f",0.01931850,6.14000000,12.02800000000,"Radial Velocity"
"Kepler-1112 b",0.02950000,9.38000000,14.36267939000,"Transit"
"Kepler-345 c",0.00692194,2.20000000,9.38742700000,"Transit"
"HD 99492 b",0.08023197,25.50000000,17.05030000000,"Radial Velocity"
"HIP 65 A b",3.21300000,1021.18779000,0.98097340000,"Transit"
"GJ 832 b",0.99000000,314.65012293,3853.00000000000,"Radial Velocity"
"HIP 54597 b",2.40000000,762.78817680,3274.00000000000,"Radial Velocity"
"HD 73256 c",16.00000000,5085.25451200,2690.00000000000,"Radial Velocity"
"HD 190007 b",0.04876845,15.50000000,11.72412800000,"Radial Velocity"
"HD 99492 c",0.05631970,17.90000000,95.23300000000,"Radial Velocity"
"KMT-2020-BLG-0202L b",12.28000000,3902.93283796,,"Microlensing"
"KMT-2023-BLG-0466L b",3.25000000,1032.94232275,,"Microlensing"
"Kepler-1820 b",0.03120000,9.90000000,31.03249931000,"Transit"
"Kepler-993 b",0.02870000,9.11000000,22.08557563000,"Transit"
"Kepler-261 c",0.01470000,4.66000000,24.57085800000,"Transit"
"Kepler-1560 b",0.00201000,0.64000000,3.03195744000,"Transit"
"HD 213885 c",0.06276941,19.95000000,4.78503000000,"Radial Velocity"
"WASP-126 b",0.28411415,90.30000000,3.28883000000,"Transit"
"XO-7 b",0.70900000,225.34147000,2.86414240000,"Transit"
"WASP-176 b",0.85500000,271.74465000,3.89905200000,"Transit"
"Kepler-233 c",0.02450000,7.80000000,60.41895500000,"Transit"
"Kepler-218 d",0.02380000,7.56000000,124.52446470000,"Transit"
"TOI-5486 b",0.04690000,14.90000000,2.02470073205,"Transit"
"Kepler-1360 b",0.03610000,11.50000000,40.52864130000,"Transit"
"EPIC 220554210 c",0.01000000,3.19000000,0.70531000000,"Transit"
"Kepler-270 b",0.01480000,4.70000000,11.47609400000,"Transit"
"Kepler-215 d",0.07400000,23.60000000,30.86442300000,"Transit"
"Kepler-1867 b",0.00520000,1.65000000,9.88735961900,"Transit"
"HD 20782 b",1.48780000,472.83000000,597.06430000000,"Radial Velocity"
"Kepler-48 b",0.01239656,3.94000000,4.77800000000,"Transit"
"Kepler-1380 b",0.00829000,2.63000000,10.31082450000,"Transit"
"Kepler-693 b",0.23200000,73.80000000,15.37563332000,"Transit"
"K2-54 b",0.02310000,7.33000000,9.78330000000,"Transit"
"eps Tau b",7.19000000,2285.18624633,585.82000000000,"Radial Velocity"
"81 Cet b",3.30700000,1051.05854195,1005.57000000000,"Radial Velocity"
"Kepler-1416 b",0.00193000,0.61500000,1.49514952000,"Transit"
"Kepler-292 e",0.02390000,7.61000000,11.97901000000,"Transit"
"Kepler-653 b",0.01400000,4.46000000,14.70748976000,"Transit"
"WASP-187 b",0.80000000,254.26400000,5.14787800000,"Transit"
"GJ 433 d",0.01643331,5.22300000,36.05900000000,"Radial Velocity"
"TOI-540 b",0.00212000,0.67400000,1.23914910000,"Transit"
"nu Oph b",22.20600000,7057.73298000,529.93000000000,"Radial Velocity"
"HD 5608 b",1.16800000,371.22357938,768.70000000000,"Radial Velocity"
"Kepler-1485 b",0.00869000,2.76000000,19.91577250000,"Transit"
"Kepler-1134 b",0.02350000,7.46000000,17.13263989000,"Transit"
"HD 173416 b",1.84100000,585.12209729,322.03000000000,"Radial Velocity"
"HD 210702 b",1.51500000,481.51003660,355.50000000000,"Radial Velocity"
"HD 202206 c",17.90000000,5689.15700000,1260.00000000000,"Radial Velocity"
"Kepler-769 c",0.01210000,3.86000000,15.98701740000,"Transit"
"Kepler-1900 b",0.01030000,3.27000000,2.98622989700,"Transit"
"Kepler-1466 b",0.00951000,3.02000000,31.17504480000,"Transit"
"TOI-251 b",1.00000000,317.83000000,4.93777000000,"Transit"
"K2-124 b",0.02750000,8.75000000,6.41365100000,"Transit"
"Kepler-322 b",0.00317000,1.01000000,1.65388800000,"Transit"
"Kepler-1317 b",0.00961000,3.05000000,0.56887442700,"Transit"
"Kepler-1673 b",0.02810000,8.93000000,33.78880000000,"Transit"
"Kepler-740 b",0.05960000,18.90000000,3.58410121600,"Transit"
"EPIC 201754305 d",0.00340000,1.08000000,2.71578000000,"Transit"
"xi Aql b",1.94100000,616.90493799,136.97000000000,"Radial Velocity"
"TOI-954 b",0.17400000,55.30242000,3.68497290000,"Transit"
"Kepler-567 b",0.01790000,5.69000000,16.54297375000,"Transit"
"11 Com b",15.46400000,4914.89848585,323.21000000000,"Radial Velocity"
"HD 180314 b",22.70700000,7216.92963775,394.73000000000,"Radial Velocity"
"18 Del b",9.20700000,2926.24614325,982.85000000000,"Radial Velocity"
"LHS 1903 d",0.01875226,5.96000000,12.56628700000,"Transit"
"Kepler-888 b",0.01180000,3.75000000,70.69790610000,"Transit"
"4 UMa b",7.90200000,2511.48007211,270.27000000000,"Radial Velocity"
"6 Lyn b",1.88100000,597.83523357,919.86000000000,"Radial Velocity"
"HIP 19976 b",0.06800000,21.61233168,50.65905000000,"Radial Velocity"
"HD 89744 b",8.35000000,2653.88050000,256.78000000000,"Radial Velocity"
"Kepler-648 b",0.03290000,10.50000000,17.42117490000,"Transit"
"Kepler-1744 b",0.04290000,13.60000000,37.10110092000,"Transit"
"HIP 12961 b",0.36000000,114.41880000,57.43500000000,"Radial Velocity"
"HD 141004 b",0.04290000,13.63483866,15.50830000000,"Radial Velocity"
"HD 189567 c",0.02202446,7.00000000,33.68800000000,"Radial Velocity"
"BD+37 3172 b",10.60000000,3368.98111420,1887.76000000000,"Radial Velocity"
"Kepler-95 b",0.04100000,13.00000000,11.52310000000,"Transit"
"Kepler-1670 b",0.03530000,11.20000000,20.49980000000,"Transit"
"Kepler-1308 b",0.00029300,0.09330000,2.10433811900,"Transit"
"Kepler-404 c",0.01130000,3.61000000,14.75116600000,"Transit"
"HD 120084 b",6.40000000,2034.10180480,2142.00000000000,"Radial Velocity"
"HD 14067 b",15.30000000,4862.77462710,2744.00000000000,"Radial Velocity"
"HD 208897 b",1.19400000,379.48711796,358.27000000000,"Radial Velocity"
"Kepler-1400 b",0.01020000,3.26000000,9.06689421000,"Transit"
"HD 96992 b",1.14000000,362.32620000,514.00000000000,"Radial Velocity"
"Kepler-326 d",0.02200000,6.90000000,6.76688800000,"Transit"
"TOI-712 b",0.01530000,4.85000000,9.53136100000,"Transit"
"TOI-712 d",0.02100000,6.68000000,84.83960000000,"Transit"
"Kepler-1514 b",5.28000000,1678.14240000,217.83184000000,"Transit"
"V2376 Ori b",20.00000000,6356.56814000,,"Imaging"
"Kepler-129 c",0.13529313,43.00000000,82.20000000000,"Transit"
"TOI-905 b",0.66700000,211.99261000,3.73949400000,"Transit"
"K2-73 c",3.59313383,1142.00000000,1000.00000000000,"Radial Velocity"
"Kepler-1795 b",0.01070000,3.40000000,13.36019993000,"Transit"
"TIC 237913194 b",1.94200000,617.22586000,15.16886500000,"Transit"
"Kepler-512 b",0.02420000,7.70000000,34.43587975000,"Transit"
"NGTS-13 b",4.84000000,1538.29720000,4.11902700000,"Transit"
"HD 72490 b",1.76800000,561.92344000,858.00000000000,"Radial Velocity"
"Kepler-1468 d",0.03490000,11.10000000,19.59059906000,"Transit"
"HD 75898 b",2.55000000,810.46243785,422.82000000000,"Radial Velocity"
"Kepler-1459 b",0.00761000,2.42000000,62.86916110000,"Transit"
"Kepler-1769 b",0.05730000,18.20000000,89.19349670000,"Transit"
"gam Lib c",5.23100000,1662.56039702,966.49000000000,"Radial Velocity"
"24 Boo b",0.88300000,280.64248338,30.33000000000,"Radial Velocity"
"KOI-351 f",0.02720000,8.65000000,124.91440000000,"Transit"
"Kepler-1615 b",0.01540000,4.90000000,47.31261920000,"Transit"
"TOI-1238 b",0.01183028,3.76000000,0.76459700000,"Transit"
"HD 47366 b",2.08200000,661.71874337,360.08000000000,"Radial Velocity"
"HD 47366 c",1.52200000,483.73483545,677.53000000000,"Radial Velocity"
"HATS-71 b",0.37000000,117.59710000,3.79552020000,"Transit"
"TOI-824 b",0.05810339,18.46700000,1.39297800000,"Transit"
"HD 4732 b",1.98600000,631.20721630,371.74000000000,"Radial Velocity"
"omi CrB b",1.12000000,355.96781584,187.01000000000,"Radial Velocity"
"HD 4732 c",3.36500000,1069.49258955,3184.20000000000,"Radial Velocity"
"Kepler-351 d",0.02470000,7.85000000,142.54424700000,"Transit"
"Kepler-324 b",7.59655193,2414.40000000,4.38531500000,"Transit"
"GJ 251 b",0.01211345,3.85000000,14.23700000000,"Radial Velocity"
"Kepler-1931 b",0.02370000,7.53000000,38.57609940000,"Transit"
"HAT-P-62 b",0.76100000,241.86741773,2.64532350000,"Transit"
"HAT-P-63 b",0.61400000,195.14664190,3.37772800000,"Transit"
"Kepler-570 b",0.02070000,6.57000000,4.30166200300,"Transit"
"Kepler-1396 b",0.01550000,4.94000000,18.22064210000,"Transit"
"Kepler-1165 c",0.03540000,11.20000000,29.96870041000,"Transit"
"Kepler-640 b",0.02230000,7.08000000,22.24813967000,"Transit"
"Kepler-893 b",0.02970000,9.43000000,6.33855761000,"Transit"
"K2-138 d",0.02491898,7.92000000,5.40479000000,"Transit"
"HD 103949 b",0.03523896,11.20000000,120.87800000000,"Radial Velocity"
"75 Cet b",2.47900000,787.89662095,696.62000000000,"Radial Velocity"
"omi UMa b",3.65100000,1160.39151396,1569.81000000000,"Radial Velocity"
"Kepler-722 c",0.02630000,8.35000000,105.14474900000,"Transit"
"K2-138 e",0.04080798,12.97000000,8.26146000000,"Transit"
"K2-138 f",0.00512853,1.63000000,12.75758000000,"Transit"
"Kepler-170 b",0.26000000,82.60000000,7.93059200000,"Transit"
"Kepler-1542 e",0.00114000,0.36300000,5.10115756000,"Transit"
"Kepler-789 b",0.01620000,5.14000000,8.63847725000,"Transit"
"Kepler-328 c",0.12400000,39.40000000,71.31200000000,"Transit"
"K2-32 d",0.02108056,6.70000000,31.71701000000,"Transit"
"K2-32 b",0.04719528,15.00000000,8.99200000000,"Transit"
"Kepler-299 b",0.00724000,2.30000000,2.92712800000,"Transit"
"K2-154 c",0.01550000,4.94000000,7.95486000000,"Transit"
"K2-32 c",0.02548545,8.10000000,20.66093000000,"Transit"
"Kepler-1821 b",0.02280000,7.24000000,16.45809937000,"Transit"
"ome Ser b",0.73600000,233.92170755,278.59000000000,"Radial Velocity"
"HD 2952 b",0.89600000,284.77425267,312.08000000000,"Radial Velocity"
"HD 164922 b",0.36497499,116.00000000,1207.00000000000,"Radial Velocity"
"K2-100 b",0.06859047,21.80000000,1.67390350000,"Transit"
"HIP 71135 b",0.05915112,18.80000000,87.19000000000,"Radial Velocity"
"Kepler-55 f",0.00993000,3.15000000,10.19854500000,"Transit"
"Kepler-1073 d",0.00887000,2.82000000,2.50476002700,"Transit"
"Kepler-804 c",0.00489000,1.55000000,9.65185017000,"Transit"
"GJ 15 A b",0.00953340,3.03000000,11.44070000000,"Radial Velocity"
"Kepler-135 c",0.00521000,1.65000000,11.44870800000,"Transit"
"K2-138 g",0.01359217,4.32000000,41.96797000000,"Transit"
"TOI-1231 b",0.04845382,15.40000000,24.24558600000,"Transit"
"HD 73526 b",3.08000000,978.91640000,188.30000000000,"Radial Velocity"
"Kepler-959 b",0.05550000,17.60000000,14.80074836000,"Transit"
"TOI-1062 b",0.03193547,10.15000000,4.11296000000,"Transit"
"Kepler-1304 b",0.01840000,5.86000000,16.12888530000,"Transit"
"PH2 b",0.27400000,87.08498352,282.52542000000,"Transit"
"Kepler-1043 b",0.02210000,7.04000000,38.50533980000,"Transit"
"Kepler-156 c",0.02210000,7.04000000,15.90680100000,"Transit"
"TOI-257 b",0.13800000,43.86032017,18.38818000000,"Transit"
"Kepler-168 b",0.00859000,2.73000000,4.42539100000,"Transit"
"TOI-5126 c",0.04470000,14.20000000,17.89990000000,"Transit"
"TOI-5126 b",0.06340000,20.20000000,5.45883850000,"Transit"
"Kepler-1708 b",4.60000000,1462.01067220,737.11310000000,"Transit"
"TOI-1749 d",0.04719528,15.00000000,9.04970000000,"Transit"
"TOI-674 b",0.07425390,23.60000000,1.97714300000,"Transit"
"Kepler-1310 b",0.00839000,2.67000000,0.67933627200,"Transit"
"TOI-1062 c",0.03077132,9.78000000,7.97200000000,"Radial Velocity"
"TOI-5605 b",0.02180000,6.92000000,5.91340454843,"Transit"
"HD 154857 b",2.45000000,778.68350000,408.60001000000,"Radial Velocity"
"Kepler-1404 b",0.01480000,4.70000000,15.93147390000,"Transit"
"K2-99 c",8.40000000,2669.75861880,522.20000000000,"Radial Velocity"
"TOI-269 b",0.02768790,8.80000000,3.69771040000,"Transit"
"Kepler-902 b",0.02200000,6.99000000,40.10995470000,"Transit"
"Kepler-894 b",0.02560000,8.15000000,9.80322400000,"Transit"
"TOI-628 b",6.33000000,2011.86390000,3.40956750000,"Transit"
"HD 64121 b",2.56000000,813.64072192,623.00000000000,"Radial Velocity"
"HAT-P-58 b",0.37200000,118.23216740,4.01383790000,"Transit"
"HAT-P-59 b",1.54000000,489.45574678,4.14197710000,"Transit"
"Kepler-213 c",0.01910000,6.08000000,4.82296200000,"Transit"
"Kepler-1561 b",0.00416000,1.32000000,1.00520700700,"Transit"
"Kepler-1338 b",0.00227000,0.72100000,0.93511805700,"Transit"
"Kepler-53 d",0.11701503,37.19070000,9.75196200000,"Transit"
"TOI-2202 c",0.36900000,117.27868218,24.67440000000,"Transit Timing Variations"
"TOI-199 c",0.28000000,88.99195396,273.69000000000,"Transit Timing Variations"
"75 Cet c",0.91200000,289.85950718,2051.62000000000,"Radial Velocity"
"Kepler-542 b",0.00972000,3.09000000,13.14497566000,"Transit"
"Kepler-394 c",0.01070000,3.39000000,12.13068600000,"Transit"
"HD 213240 b",5.21000000,1655.88600047,882.70001000000,"Radial Velocity"
"Kepler-1640 b",0.06520000,20.70000000,7.58441260000,"Transit"
"Kepler-1423 b",0.00377000,1.20000000,23.95537800000,"Transit"
"GJ 724 b",0.03382328,10.75000000,5.10128400000,"Radial Velocity"
"GJ 4274 c",0.02639789,8.39000000,69.57000000000,"Radial Velocity"
"TOI-5398 b",0.18469085,58.70000000,10.59054700000,"Transit"
"61 Vir c",0.05700000,18.20000000,38.02100000000,"Radial Velocity"
"HAT-P-43 b",0.66200000,210.39500000,3.33264140000,"Transit"
"HD 110067 c",0.01982202,6.30000000,13.67369400000,"Transit"
"HD 110067 f",0.01585761,5.04000000,41.05854000000,"Transit"
"Kepler-1512 b",0.00553000,1.76000000,20.35972599000,"Transit"
"Kepler-825 b",0.00930000,2.96000000,3.77360059000,"Transit"
"Kepler-245 c",0.08400759,26.70000000,17.46081200000,"Transit"
"Kepler-1233 b",0.02290000,7.27000000,45.12630420000,"Transit"
"Kepler-1398 b",0.00210000,0.66600000,2.78815679000,"Transit"
"TOI-2184 b",0.65000000,206.58846455,6.90683000000,"Transit"
"14 Her b",8.90000000,2828.67282230,1766.41000000000,"Radial Velocity"
"USco1621 b",16.00000000,5085.28000000,,"Imaging"
"Kepler-607 b",0.00186000,0.59000000,0.63816320400,"Transit"
"HD 110067 b",0.01790274,5.69000000,9.11367800000,"Transit"
"GJ 3988 b",0.01161004,3.69000000,6.94420000000,"Radial Velocity"
"Kepler-1784 b",0.02590000,8.24000000,13.59049988000,"Transit"
"TOI-5777 b",0.03080000,9.78000000,6.91716177373,"Transit"
"TOI-6080 b",0.03470000,11.00000000,8.05562348084,"Transit"
"TOI-2104 b",0.00929000,2.95000000,5.90437045700,"Transit"
"Kepler-1019 b",0.00859000,2.73000000,1.41122984700,"Transit"
"HD 134606 d",0.14095656,44.80000000,966.50000000000,"Radial Velocity"
"HD 134606 b",0.02860034,9.09000000,12.08900000000,"Radial Velocity"
"TOI-2257 b",0.01710000,5.45000000,35.18934600000,"Transit"
"Kepler-97 b",0.01100000,3.51000000,2.58664000000,"Transit"
"Kepler-1230 b",0.02450000,7.80000000,9.95661537000,"Transit"
"Kepler-300 b",0.01080000,3.43000000,10.44634700000,"Transit"
"HD 134606 e",0.00736246,2.34000000,4.32030000000,"Radial Velocity"
"K2-75 c",0.02550000,8.10000000,18.31100000000,"Transit"
"TOI-2134 b",0.02872619,9.13000000,9.22920050000,"Transit"
"TOI-544 c",0.06764657,21.50000000,50.08900000000,"Radial Velocity"
"TOI-2134 c",0.13180068,41.89000000,95.50000000000,"Transit"
"K2-275 b",0.01910000,6.08000000,3.28096260000,"Transit"
"HD 47186 b",0.07000000,22.24810000,4.08450000000,"Radial Velocity"
"Kepler-1024 b",0.04570000,14.50000000,66.41621330000,"Transit"
"Kepler-1559 b",0.00094200,0.29900000,0.97191542800,"Transit"
"Kepler-1725 b",0.02610000,8.31000000,16.71990013000,"Transit"
"Kepler-155 c",0.01780000,5.65000000,52.66179300000,"Transit"
"Kepler-307 b",0.02340874,7.44000000,10.42080000000,"Transit"
"Kepler-755 c",0.00669000,2.13000000,2.85313364400,"Transit"
"HATS-75 b",0.49100000,156.05374784,2.78865560000,"Transit"
"HAT-P-55 b",0.59600000,189.42573057,3.58523130000,"Transit"
"HAT-P-51 b",0.30700000,97.57332095,4.21802091000,"Transit"
"Kepler-1637 b",0.00201000,0.64000000,6.10960324000,"Transit"
"Kepler-708 b",0.02800000,8.91000000,3.16789193800,"Transit"
"TIC 172900988 b",2.96386345,942.00000000,200.45200000000,"Transit"
"BD-08 2823 b",9.27700000,2948.49413174,5.60000000000,"Radial Velocity"
"HD 10180 c",8.62600000,2741.58783878,5.75969000000,"Radial Velocity"
"HD 112570 b",3.42000000,1086.97315194,2615.00000000000,"Radial Velocity"
"Kepler-836 b",0.02490000,7.90000000,11.36112327000,"Transit"
"Kepler-178 b",0.02750000,8.75000000,9.57669400000,"Transit"
"TOI-3362 b",5.02900000,1598.35905880,18.09547000000,"Transit"
"Kepler-1348 b",0.01390000,4.42000000,27.57227420000,"Transit"
"Kepler-984 b",0.01620000,5.14000000,43.03422720000,"Transit"
"TOI-1839 b",0.01750000,5.56000000,1.42378440907,"Transit"
"GPX-1 b",19.70000000,6261.21961790,1.74457900000,"Transit"
"TOI-559 b",6.01000000,1910.14872607,6.98390950000,"Transit"
"TOI-530 b",0.40000000,127.13136280,6.38759700000,"Transit"
"Kepler-907 b",0.00588000,1.87000000,15.86621821000,"Transit"
"Kepler-823 b",0.00972000,3.09000000,4.16809082000,"Transit"
"HD 154391 b",9.10000000,2892.23850370,5163.00000000000,"Radial Velocity"
"HD 63433 d",0.00394000,1.25000000,4.20907500000,"Transit"
"Kepler-647 c",0.04760000,15.10000000,29.66630000000,"Transit"
"K2-153 b",0.01470000,4.66000000,7.51574000000,"Transit"
"Kepler-1082 b",0.00459000,1.46000000,1.54320660400,"Transit"
"TOI-1431 b",3.12000000,991.62462984,2.65023700000,"Transit"
"WASP-76 b",0.89400000,284.13859586,1.80988198000,"Transit"
"WASP-95 b",1.44000000,457.67520000,2.18467000000,"Transit"
"TOI-4551 b",1.49000000,473.56432643,9.95581000000,"Transit"
"HD 219666 b",0.05500000,17.60000000,6.03446800000,"Transit"
"HD 192310 c",0.07600000,24.00000000,525.80000000000,"Radial Velocity"
"HD 195019 b",3.98000000,1264.96340000,18.20132000000,"Radial Velocity"
"Kepler-334 b",0.00459000,1.46000000,5.47031900000,"Transit"
"Kepler-139 e",1.18932100,378.00000000,2047.63537300000,"Radial Velocity"
"Kepler-1196 b",0.01760000,5.60000000,66.18490310000,"Transit"
"Kepler-333 b",0.08900000,28.20000000,12.55115800000,"Transit"
"Kepler-562 b",0.07450000,23.70000000,18.00931443600,"Transit"
"Kepler-1671 b",0.00729000,2.32000000,4.16787000000,"Transit"
"Kepler-1158 b",0.01910000,6.08000000,13.53962930000,"Transit"
"HD 110067 g",0.02642936,8.40000000,54.76992000000,"Transit"
"HD 88986 b",0.05411725,17.20000000,146.05000000000,"Radial Velocity"
"TOI-4377 b",0.95700000,304.16178550,4.37808100000,"Transit"
"Kepler-57 b",0.07884758,25.06000000,5.72000000000,"Transit"
"Kepler-461 b",0.02260000,7.18000000,8.31378305900,"Transit"
"HD 24085 b",0.03712677,11.80000000,2.04550000000,"Radial Velocity"
"Kepler-1843 b",0.02450000,7.80000000,25.54339981000,"Transit"
"Kepler-1184 b",0.02410000,7.65000000,53.59910440000,"Transit"
"TOI-1860 b",0.00714000,2.27000000,1.06621070000,"Transit"
"TOI-2260 b",0.01020000,3.26000000,0.35247280000,"Transit"
"Kepler-1018 b",0.02260000,7.18000000,49.10135140000,"Transit"
"HD 69830 c",0.03710000,11.80000000,31.56000000000,"Radial Velocity"
"HD 10647 b",0.94000000,298.75000000,989.20000000000,"Radial Velocity"
"HD 219134 b",0.01491363,4.74000000,3.09292600000,"Radial Velocity"
"TOI-2092 b",0.02830000,9.00000000,4.30325528074,"Transit"
"Proxima Cen b",0.00331940,1.05500000,11.18465000000,"Radial Velocity"
"HD 104067 c",0.04153184,13.20000000,13.89920000000,"Radial Velocity"
"HATS-2 b",1.37000000,435.42491759,1.35413379000,"Transit"
"TOI-782 b",0.06009532,19.10000000,8.02400150000,"Transit"
"K2-250 b",0.02460000,7.81000000,4.01392000000,"Transit"
"Kepler-1852 b",0.01330000,4.22000000,7.97094011300,"Transit"
"Kepler-881 b",0.01200000,3.82000000,4.44448017000,"Transit"
"Kepler-1294 b",0.03240000,10.30000000,115.68622580000,"Transit"
"HD 153557 c",0.05500000,17.48056238,15.27018000000,"Radial Velocity"
"Kepler-1255 b",0.01890000,5.99000000,36.29193360000,"Transit"
"M62H b",2.47000000,785.03616529,0.13293502800,"Pulsar Timing"
"TOI-1136 d",0.02627204,8.35000000,12.51990000000,"Transit"
"Kepler-127 b",0.00800000,2.54000000,14.43588900000,"Transit"
"Kepler-1736 b",0.04510000,14.30000000,37.81029892000,"Transit"
"GJ 9827 b",0.01346639,4.28000000,1.20897400000,"Transit"
"Kepler-532 b",0.02240000,7.13000000,12.92491623000,"Transit"
"Kepler-1871 b",0.02030000,6.44000000,1.95270001900,"Transit"
"Kepler-1457 b",0.01450000,4.62000000,51.11102430000,"Transit"
"Teegarden's Star b",0.00364977,1.16000000,4.90634000000,"Radial Velocity"
"Teegarden's Star c",0.00330367,1.05000000,11.41600000000,"Radial Velocity"
"TOI-1136 f",0.03051961,9.70000000,26.32100000000,"Transit"
"TOI-1448 b",0.06135386,19.50000000,8.11224500000,"Transit"
"TOI-2120 b",0.02139519,6.80000000,5.79981640000,"Transit"
"TOI-2337 b",1.60000000,508.52545120,2.99432000000,"Transit"
"TOI-4329 b",0.45000000,143.02278315,2.92230000000,"Transit"
"TOI-2445 b",0.00660000,2.10000000,0.37112810000,"Transit"
"HIP 109600 b",2.68000000,851.78440000,232.08000000000,"Radial Velocity"
"Kepler-1923 b",0.01420000,4.50000000,52.60969925000,"Transit"
"Kepler-467 b",0.01790000,5.69000000,24.99324193000,"Transit"
"Kepler-302 c",,,127.28218400000,"Transit"
"TOI-2180 b",2.75500000,875.61726129,260.79000000000,"Transit"
"Kepler-683 b",0.01430000,4.54000000,2.53918317900,"Transit"
"Kepler-120 b",0.02700000,8.50000000,6.31250100000,"Transit"
"TOI-5720 b",0.01352931,4.30000000,1.43445550000,"Transit"
"TOI-2447 b",0.39300000,124.90656395,69.33684000000,"Transit"
"Kepler-1326 b",0.05120000,16.30000000,42.35142670000,"Transit"
"Kepler-9 b",0.13655099,43.40000000,19.23891000000,"Transit"
"Kepler-406 c",0.00900000,2.71000000,4.62332000000,"Transit"
"Kepler-315 b",0.04300000,13.70000000,96.10114100000,"Transit"
"Kepler-1078 b",0.01340000,4.27000000,3.00725242000,"Transit"
"TOI-206 b",0.00705000,2.24000000,0.73631040000,"Transit"
"TOI-2669 b",0.61000000,193.87532827,6.20340000000,"Transit"
"Kepler-1038 b",0.03840000,12.20000000,148.46033820000,"Transit"
"Kepler-1802 c",0.01890000,6.00000000,33.13610077000,"Transit"
"TOI-4029 b",0.11500000,36.60000000,5.88498234631,"Transit"
"TOI-1136 b",0.01101223,3.50000000,4.17270000000,"Transit"
"Kepler-1887 b",0.02790000,8.88000000,19.94750023000,"Transit"
"HAT-P-65 b",0.55400000,176.07693748,2.60544751000,"Transit"
"CI Tau c",3.60000000,1144.18226520,25.20000000000,"Radial Velocity"
"Kepler-1632 b",0.02100000,6.66000000,448.30355800000,"Transit"
"Kepler-1306 b",0.01360000,4.31000000,16.29595382000,"Transit"
"Kepler-1925 b",0.02920000,9.28000000,46.71640015000,"Transit"
"LHS 1678 b",0.00110122,0.35000000,0.86023250000,"Transit"
"TOI-1273 b",0.22200000,70.55790635,4.63129600000,"Transit"
"TOI-1199 b",0.23900000,75.96098927,3.67146300000,"Transit"
"HD 220773 b",1.45000000,460.80000000,3724.70000000000,"Radial Velocity"
"Kepler-60 d",0.01308876,4.16000000,11.89810000000,"Transit"
"Kepler-1452 b",0.02440000,7.75000000,42.91375100000,"Transit"
"TOI-4405 b",0.02220000,7.06000000,5.92143995316,"Transit"
"Kepler-1686 b",0.00825000,2.62000000,9.30987000000,"Transit"
"HD 130322 b",1.15000000,365.49000000,10.70871000000,"Radial Velocity"
"Kepler-1138 b",0.01110000,3.53000000,3.17060005000,"Transit"
"GJ 1214 b",0.02646082,8.41000000,1.58040453100,"Transit"
"TOI-4438 b",0.01699030,5.40000000,7.44628000000,"Transit"
"Kepler-584 b",0.05190000,16.50000000,35.18103040000,"Transit"
"Kepler-1961 b",0.01020000,3.25000000,5.60471010200,"Transit"
"Kepler-270 c",0.01190000,3.78000000,25.26288700000,"Transit"
"TOI-757 b",0.03303669,10.50000000,17.46819000000,"Transit"
"Kepler-1157 b",0.00416000,1.32000000,4.45743164000,"Transit"
"Kepler-1746 b",0.18600000,59.10000000,321.21200560000,"Transit"
"K2-243 c",0.01480000,4.70000000,24.94598000000,"Transit"
"Kepler-403 d",0.00819000,2.60000000,13.61159129000,"Transit"
"TOI-2714 b",0.71736822,228.00000000,2.49938700000,"Transit"
"Kepler-378 b",0.00109000,0.34700000,16.09236100000,"Transit"
"TOI-216.01",0.56000000,177.98390792,34.52552800000,"Transit"
"HD 102272 b",4.94000000,1570.08020000,127.58000000000,"Radial Velocity"
"GJ 2056 b",0.05097064,16.20000000,69.97100000000,"Radial Velocity"
"Kepler-256 e",0.01930000,6.12000000,10.68157200000,"Transit"
"Kepler-1408 b",0.00201000,0.64000000,2.99793191000,"Transit"
"TOI-1408 c",0.02391227,7.60000000,2.16640000000,"Transit Timing Variations"
"TOI-1408 b",1.86578665,593.00000000,4.42587000000,"Transit"
"TOI-1437 b",0.03020498,9.60000000,18.84094200000,"Transit"
"BD-13 2130 b",9.78000000,3108.37740000,714.29999000000,"Radial Velocity"
"TOI-1751 b",0.06135386,19.50000000,37.46852000000,"Transit"
"TOI-1694 b",0.09848081,31.30000000,3.77010700000,"Transit"
"Kepler-826 b",0.00660000,2.10000000,4.48758907000,"Transit"
"HIP 67522 b",0.22500000,71.40000000,6.95947310000,"Transit"
"HIP 67522 c",0.15200000,48.30000000,14.33489200000,"Transit"
"TOI-3261 b",0.09533446,30.30000000,0.88313310000,"Transit"
"Kepler-1929 b",0.03040000,9.65000000,59.36249924000,"Transit"
"Kepler-1284 b",0.00606000,1.92000000,0.66407380600,"Transit"
"HIP 116454 b",0.03051961,9.70000000,9.10041570000,"Transit"
"TIC 46432937 b",3.20000000,1017.05090240,1.44044527000,"Transit"
"TOI-1807 b",0.00767710,2.44000000,0.54937097000,"Transit"
"HD 77946 b",0.03429524,10.90000000,6.52736300000,"Transit"
"TOI-1836 c",0.02517081,8.00000000,1.77274710000,"Transit"
"TOI-1181 b",1.17900000,374.71969185,2.10318900000,"Transit"
"Kepler-1587 b",0.00733000,2.33000000,9.40604670000,"Transit"
"TOI-1246 c",0.02863180,9.10000000,5.90413700000,"Transit"
"Kepler-482 b",0.01940000,6.17000000,56.35418576000,"Transit"
"TOI-5634 A b",1.85005489,588.00000000,2.20353730000,"Transit"
"Kepler-1070 b",0.01150000,3.64000000,6.22161470000,"Transit"
"HD 68402 b",7.90000000,2510.84441530,1103.00000000000,"Radial Velocity"
"Kepler-736 b",0.02800000,8.91000000,3.60147201000,"Transit"
"K2-69 b",0.01890000,5.99000000,7.06599000000,"Transit"
"TOI-469.01",0.02863180,9.10000000,13.63082050000,"Transit"
"Kepler-649 b",0.01800000,5.73000000,29.90722674000,"Transit"
"K2-25 b",0.07708562,24.50000000,3.48456408000,"Transit"
"TOI-6034 b",0.79800000,254.00000000,2.57618400000,"Transit"
"Kepler-1237 b",0.02690000,8.55000000,84.57332260000,"Transit"
"TOI-1710 b",0.07047828,22.40000000,24.28337700000,"Transit"
"TOI-1694 c",0.93446650,297.00000000,393.10000000000,"Radial Velocity"
"TOI-1736 c",8.70000000,2800.00000000,571.25000000000,"Radial Velocity"
"TOI-1272 b",0.08495150,27.00000000,3.31599000000,"Transit"
"TOI-1272 c",0.06827584,21.70000000,8.68110000000,"Radial Velocity"
"HD 93963 A b",0.00880979,2.80000000,1.03761090000,"Transit"
"HD 564 b",0.33000000,104.88000000,492.30000000000,"Radial Velocity"
"Kepler-111 b",0.00982000,3.12000000,3.34181500000,"Transit"
"TIC 393818343 b",4.34000000,1379.37528638,16.24921000000,"Transit"
"Kepler-466 b",0.02670000,8.50000000,51.07926307000,"Transit"
"Kepler-1401 b",0.01090000,3.46000000,11.20066445000,"Transit"
"Kepler-928 b",0.00993000,3.15000000,3.93246130200,"Transit"
"Kepler-1361 b",0.00178000,0.56600000,3.57554956000,"Transit"
"K2-58 b",0.02410000,7.65000000,7.05254000000,"Transit"
"TAP 26 b",1.66000000,527.59780000,10.79000000000,"Radial Velocity"
"Kepler-879 c",0.00011500,0.03640000,0.64671600000,"Transit"
"HD 21520 b",0.05569043,17.70000000,25.12920000000,"Transit"
"Kepler-192 d",0.00328000,1.04000000,6.47027579000,"Transit"
"Kepler-939 b",0.01170000,3.71000000,14.87829600000,"Transit"
"Kepler-1873 b",0.01030000,3.28000000,0.55884200300,"Transit"
"Kepler-282 e",0.17700000,56.20000000,44.34700000000,"Transit"
"Kepler-1357 b",0.00687000,2.18000000,3.00913240000,"Transit"
"HD 93963 A c",0.05789287,18.40000000,3.64513890000,"Transit"
"Kepler-1320 b",0.01110000,3.53000000,0.86838652800,"Transit"
"Kepler-1807 b",0.02450000,7.77000000,10.86060047000,"Transit"
"TOI-2374 b",0.17820937,56.64000000,4.31361000000,"Transit"
"BD-14 3065 b",12.37000000,3932.00000000,4.28897310000,"Transit"
"TOI-3071 b",0.21458120,68.20000000,1.26693800000,"Transit"
"TOI-1386 b",0.14410292,45.80000000,25.84010000000,"Transit"
"TOI-1288 b",0.13875412,44.10000000,2.69982790000,"Transit"
"HD 135694 b",0.01919275,6.10000000,15.92347556800,"Transit"
"Kepler-1845 b",0.02050000,6.52000000,11.60649967000,"Transit"
"Kepler-90 i",0.00724000,2.30000000,14.44912000000,"Transit"
"HD 194490 b",11.20700000,3561.90295725,13092.18348000000,"Radial Velocity"
"TOI-1630.01",0.02020000,6.42000000,12.05573473300,"Transit"
"TOI-1782.02",0.01270000,4.04000000,1.82902422700,"Transit"
"WASP-148 b",0.28700000,91.21675281,8.80380900000,"Transit"
"K2-99 b",0.87000000,276.51071409,18.24783000000,"Transit"
"TOI-1659.01",0.01800000,5.71000000,5.87755632800,"Transit"
"Kepler-992 b",0.01020000,3.26000000,20.16034462000,"Transit"
"TOI-2048 b",0.02300000,7.32000000,13.79019000000,"Transit"
"Kepler-1273 b",0.02130000,6.76000000,28.62565300000,"Transit"
"TOI-3757 b",0.26838381,85.30000000,3.43875300000,"Transit"
"TOI-375 c",2.10600000,669.34662514,115.50000000000,"Radial Velocity"
"TOI-3568 b",0.08300000,26.40000000,4.41796500000,"Transit"
"KOINTREAU-4 b",15.30000000,4862.77462710,,"Imaging"
"AU Mic d",0.00331000,1.05300000,12.73596000000,"Transit Timing Variations"
"TOI-1798.02",0.01761957,5.60000000,0.43781182200,"Transit"
"TOI-1798.01",0.02045129,6.50000000,8.02152233100,"Transit"
"Kepler-1899 b",0.00952000,3.02000000,4.09577989600,"Transit"
"Kepler-613 b",0.01840000,5.86000000,15.77979614000,"Transit"
"Kepler-393 b",0.00696000,2.21000000,9.18241700000,"Transit"
"TOI-4638.01",0.02810000,8.92000000,10.28391878700,"Transit"
"Kepler-713 b",0.02110000,6.71000000,7.41114100000,"Transit"
"TOI-2570 b",0.82000000,260.61929374,2.98876150000,"Transit"
"K2-150 b",0.01470000,4.66000000,10.59357000000,"Transit"
"HD 20868 b",1.25000000,397.28750000,380.85001000000,"Radial Velocity"
"TOI-1452 b",0.01516542,4.82000000,11.06201000000,"Transit"
"K2-212 b",0.02360000,7.51000000,9.79564700000,"Transit"
"EPIC 228836835 b",0.00430000,1.37000000,0.72811300000,"Transit"
"Kepler-183 c",0.11200000,35.70000000,11.63707100000,"Transit"
"Kepler-131 b",0.05100000,16.13000000,16.09200000000,"Transit"
"TOI-201 b",0.51600171,164.00000000,52.97860000000,"Transit"
"TOI-201 d",0.01824884,5.80000000,5.84889000000,"Transit"
"TOI-201 c",15.70029579,4990.00000000,2890.00000000000,"Transit Timing Variations"
"Kepler-951 b",0.08390000,26.70000000,71.52530845000,"Transit"
"TOI-2458 b",0.04187794,13.31000000,3.73659000000,"Transit"
"TOI-4562 c",5.77000000,1833.86990839,3990.00000000000,"Transit Timing Variations"
"TOI-4562 b",2.30000000,732.00000000,225.10640000000,"Transit"
"Kepler-1860 b",0.00487000,1.55000000,12.73719978000,"Transit"
"TOI-3693 b",1.02000000,324.18497514,9.08851600000,"Transit"
"Kepler-732 b",0.01700000,5.39000000,9.46781404800,"Transit"
"WASP-72 b",2.30000000,731.00900000,2.21673000000,"Transit"
"WASP-99 b",2.43000000,772.32690000,5.75251000000,"Transit"
"TOI-2200 b",0.12200000,38.70000000,2.93602836512,"Transit"
"TOI-2193 A b",0.94000000,298.75870258,2.12257350000,"Transit"
"TOI-2207 b",0.64000000,203.41018048,8.00196800000,"Transit"
"Kepler-1040 b",0.01570000,4.98000000,201.12140000000,"Transit"
"TOI-1716.01",0.03160000,10.00000000,8.08237655400,"Transit"
"Kepler-901 b",0.00771000,2.45000000,3.51749439400,"Transit"
"TOI-260 b",0.01330907,4.23000000,13.47585300000,"Transit"
"L 168-9 b",0.01280565,4.07000000,1.40152604000,"Transit"
"K2-167 b",0.02045129,6.50000000,9.97854100000,"Transit"
"TOI-1768.01",0.03700000,11.80000000,7.33770364900,"Transit"
"Kepler-597 b",0.01950000,6.21000000,13.02365861000,"Transit"
"HD 100655 b",1.61000000,511.70630000,157.57001000000,"Radial Velocity"
"Kepler-203 b",0.02240000,7.13000000,3.16269700000,"Transit"
"Kepler-520 c",0.00390000,1.24000000,5.21104261000,"Transit"
"HR 8799 e",10.00000000,3178.30000000,20815.60000000000,"Imaging"
"TOI-1130 c",1.05717423,336.00000000,8.35018980000,"Transit"
"TOI-1184 b",0.02139519,6.80000000,5.74843380300,"Transit"
"TOI-1772.01",0.02760000,8.78000000,8.05424687400,"Transit"
"Kepler-330 b",0.00752000,2.39000000,8.25978000000,"Transit"
"TOI-5005 b",0.10300000,32.70000000,6.30850440000,"Transit"
"Kepler-167 c",0.01080000,3.44000000,7.40610600000,"Transit"
"HD 180902 b",1.68500000,535.54355000,510.90000000000,"Radial Velocity"
"Kepler-1137 b",0.01720000,5.48000000,23.92107910000,"Transit"
"Kepler-267 c",0.01630000,5.18000000,6.87745000000,"Transit"
"HD 216520 b",0.03228141,10.26000000,35.45000000000,"Radial Velocity"
"TOI-2421 b",0.33300000,105.83685953,4.34740320000,"Transit"
"Kepler-242 b",0.02300000,7.32000000,8.20395000000,"Transit"
"TOI-5076 b",0.05080000,16.14568308,23.44316200000,"Transit"
"TOI-1453 c",0.00928174,2.95000000,6.58869820000,"Transit"
"TOI-4504 d",1.41660000,450.23572136,40.56340000000,"Transit Timing Variations"
"TOI-4137 b",1.44000000,457.67290608,3.80161220000,"Transit"
"K2-213 b",0.00913000,2.90000000,8.13087000000,"Transit"
"TOI-2458 c",0.03215572,10.22000000,16.55300000000,"Radial Velocity"
"DMPP-1 b",0.05285871,16.80000000,17.81200000000,"Radial Velocity"
"DMPP-1 c",0.03442109,10.94000000,10.03000000000,"Radial Velocity"
"TOI-512 b",0.01123248,3.57000000,7.18886000000,"Transit"
"Kepler-1577 b",0.00474000,1.51000000,6.30560247000,"Transit"
"HD 73344 d",2.55000000,810.46243785,5823.00000000000,"Radial Velocity"
"Kepler-751 b",0.02080000,6.62000000,17.44490636000,"Transit"
"Kepler-606 b",0.03450000,11.00000000,24.31575992000,"Transit"
"Kepler-1575 b",0.00714000,2.27000000,2.55314213000,"Transit"
"TOI-561 d",0.04194087,13.33000000,25.71268000000,"Transit"
"HD 207832 b",0.56000000,177.98480000,160.07000000000,"Radial Velocity"
"HD 102956 b",0.96000000,305.11680000,6.49470000000,"Radial Velocity"
"WASP-132 c",0.01969616,6.26000000,1.01153624000,"Transit"
"Kepler-1490 b",0.02980000,9.48000000,92.43629730000,"Transit"
"TOI-2364 b",0.22500000,71.51139158,4.01975170000,"Transit"
"TOI-4994 b",0.28000000,88.99195396,21.49198400000,"Transit"
"HD 20794 d",0.01500000,4.80000000,89.68000000000,"Radial Velocity"
"Kepler-377 b",0.00790000,2.51000000,12.50952900000,"Transit"
"EPIC 212499991 b",0.01000000,3.19000000,34.88500000000,"Transit"
"Kepler-227 c",0.02980000,9.48000000,54.41869400000,"Transit"
"Kepler-887 b",0.01270000,4.04000000,20.42228798000,"Transit"
"GJ 3138 c",0.01315168,4.18000000,5.97400000000,"Radial Velocity"
"TOI-2842 b",0.37000000,117.59651059,3.55140580000,"Transit"
"TOI-2977 b",1.68000000,533.95172376,2.35056140000,"Transit"
"TOI-2583 A b",0.25000000,79.45710175,4.52072650000,"Transit"
"Kepler-1503 b",0.01820000,5.77000000,96.16987000000,"Transit"
"Kepler-1781 b",0.01970000,6.26000000,4.88752985000,"Transit"
"TOI-3023 b",0.62000000,197.05361234,3.90149710000,"Transit"
"Kepler-198 d",0.00930000,2.96000000,1.31184443000,"Transit"
"TOI-2133 b",0.01950000,6.21000000,3.82664720000,"Transit"
"LHS 1903 c",0.01431590,4.55000000,6.22618500000,"Transit"
"TOI-4504 b",0.02430000,7.71000000,2.42614000000,"Transit"
"HIP 948 b",20.60000000,6547.26518420,24955.45756000000,"Radial Velocity"
"Kepler-1204 b",0.03000000,9.53000000,85.73502850000,"Transit"
"TOI-2587 A b",0.21800000,69.28659273,5.45664000000,"Transit"
"Kepler-251 e",0.02550000,8.10000000,99.64016100000,"Transit"
"Kepler-547 b",0.04750000,15.10000000,6.01038428900,"Transit"
"Kepler-1828 b",0.01610000,5.13000000,10.27379990000,"Transit"
"Kepler-1328 b",0.00284000,0.90400000,4.52158888000,"Transit"
"Kepler-874 b",0.04630000,14.70000000,40.06867270000,"Transit"
"HD 20794 f",0.01831177,5.82000000,647.60000000000,"Radial Velocity"
"Gl 725 A b",0.00874686,2.78000000,11.22010000000,"Radial Velocity"
"Kepler-32 b",4.10000000,1303.00000000,5.90124000000,"Transit"
"Kepler-1150 b",0.00328000,1.04000000,2.78786838600,"Transit"
"ZTF J1230-2655 b",22.10000000,7024.00779470,0.23597766000,"Transit"
"TOI-3912 b",0.40600000,129.03833324,3.49362640000,"Transit"
"K2-104 b",0.01210000,3.86000000,1.97419540000,"Transit"
"HD 65216 b",1.29500000,411.58985000,577.60000000000,"Radial Velocity"
"HD 65216 c",2.03000000,645.19490000,5370.00000000000,"Radial Velocity"
"Kepler-1151 b",0.01750000,5.56000000,65.64784240000,"Transit"
"TOI-2818 b",0.71000000,225.65816897,4.03970900000,"Transit"
"HIP 65407 c",0.78400000,249.17872000,67.30000000000,"Radial Velocity"
"Kepler-124 c",0.01170000,3.71000000,13.82137500000,"Transit"
"TOI-2537 b",1.30700000,415.40172795,94.10220000000,"Transit"
"Kepler-999 b",0.01910000,6.08000000,5.99185701700,"Transit"
"Oph 11 b",14.00000000,4449.62000000,7300000.00000000000,"Imaging"
"K2-11 b",0.14000000,44.40000000,39.93767000000,"Transit"
"HD 38283 b",0.40000000,127.13200000,363.20001000000,"Radial Velocity"
"Kepler-518 b",0.01600000,5.10000000,8.51203587700,"Transit"
"Kepler-265 d",0.02130000,6.76000000,43.13061700000,"Transit"
"HD 188015 b",1.50000000,476.72000000,461.20000000000,"Radial Velocity"
"DMPP-1 d",0.01485078,4.72000000,3.14170000000,"Radial Velocity"
"WASP-149 b",0.99100000,314.96795134,1.33281300000,"Transit"
"G 192-15 c",0.04499283,14.30000000,1219.00000000000,"Radial Velocity"
"G 261-6 b",0.00431050,1.37000000,5.45360000000,"Radial Velocity"
"TOI-3493 b",0.02822278,8.97000000,8.15946670000,"Transit"
"Kepler-24 e",0.08247155,26.21180000,18.99835500000,"Transit"
"TOI-3807 b",1.04000000,330.54154328,2.89897270000,"Transit"
"Gl 410 b",0.02642936,8.40000000,6.02000000000,"Radial Velocity"
"TOI-4463 A b",0.79400000,252.35575516,2.88071980000,"Transit"
"Kepler-797 b",0.01680000,5.35000000,27.07237711000,"Transit"
"HD 11755 b",5.63000000,1789.38290000,433.70001000000,"Radial Velocity"
"KOI-351 b",0.00714000,2.27000000,7.00815100000,"Transit"
"Kepler-1793 b",0.04340000,13.80000000,8.77999973300,"Transit"
"Kepler-309 c",0.02150000,6.85000000,105.35638300000,"Transit"
"HD 40307 c",5.87900000,1868.51320475,9.61840000000,"Radial Velocity"
"HD 7199 b",11.45000000,3639.13526015,615.00000000000,"Radial Velocity"
"KMT-2019-BLG-0578L b",1.20000000,381.39408840,,"Microlensing"
"KMT-2021-BLG-0736L b",0.06607339,21.00000000,,"Microlensing"
"GJ 251 c",0.01220785,3.88000000,53.64700000000,"Radial Velocity"
"K2-200 b",0.00766000,2.43000000,2.84988300000,"Transit"
"Kepler-922 b",0.00819000,2.60000000,0.93846683200,"Transit"
"Kepler-1780 b",0.03990000,12.70000000,109.44499970000,"Transit"
"Kepler-509 b",0.02130000,6.76000000,41.74600392000,"Transit"
"GJ 649 b",0.25800000,81.99972901,600.10000000000,"Radial Velocity"
"Kepler-813 b",0.01640000,5.22000000,19.12947337000,"Transit"
"HD 222582 b",8.37000000,2660.23710000,572.38000000000,"Radial Velocity"
"Kepler-1551 b",0.02380000,7.56000000,24.49736980000,"Transit"
"Kepler-1352 b",0.00201000,0.64000000,1.87788274800,"Transit"
"Kepler-1422 b",0.01490000,4.74000000,18.60519420000,"Transit"
"GJ 849 c",0.99000000,314.65012293,5990.00000000000,"Radial Velocity"
"EPIC 206042996 b",0.01110000,3.53000000,5.29860000000,"Transit"
"HD 49674 b",0.10000000,31.78300000,4.94737000000,"Radial Velocity"
"Kepler-26 d",0.00390000,1.24000000,3.54391900000,"Transit"
"Kepler-229 d",0.04450000,14.20000000,41.19491200000,"Transit"
"WASP-116 b",0.64000000,203.41018048,6.61320000000,"Transit"
"WASP-188 b",1.44300000,458.62639130,5.74891600000,"Transit"
"Kepler-320 c",0.00771000,2.45000000,17.93493700000,"Transit"
"TOI-771 b",0.00777149,2.47000000,2.32601550000,"Transit"
"Kepler-926 b",0.01870000,5.95000000,52.06886010000,"Transit"
"Kepler-106 e",0.03500000,11.17000000,43.84450000000,"Transit"
"Kepler-402 b",0.00624000,1.98000000,4.02875100000,"Transit"
"TOI-1266 c",0.00997394,3.17000000,18.80270000000,"Transit"
"Barnard b",0.00094076,0.29900000,3.15420000000,"Radial Velocity"
"Barnard c",0.00105403,0.33500000,4.12440000000,"Radial Velocity"
"Kepler-1202 b",0.02820000,8.96000000,28.68513240000,"Transit"
"TOI-942 c",0.11641444,37.00000000,10.15627200000,"Transit"
"TOI-1266 d",0.01157857,3.68000000,32.50900000000,"Transit Timing Variations"
"TOI-2015 b",0.02894644,9.20000000,3.34823700000,"Transit"
"TOI-2015 c",0.02803400,8.91000000,5.58279600000,"Transit Timing Variations"
"Kepler-1474 b",0.01670000,5.31000000,36.43334520000,"Transit"
"Kepler-128 c",0.01063467,3.38000000,22.80000000000,"Transit"
"Kepler-1734 b",0.03060000,9.74000000,6.79685020400,"Transit"
"Kepler-671 b",0.02420000,7.70000000,4.28095858800,"Transit"
"Kepler-186 c",0.00660000,2.10000000,7.26730200000,"Transit"
"Kepler-339 b",0.00819000,2.60000000,4.97765600000,"Transit"
"G 268-110 b",0.00478245,1.52000000,1.43263000000,"Radial Velocity"
"G 192-15 b",0.00324074,1.03000000,2.27476000000,"Radial Velocity"
"TOI-942 b",0.05034138,16.00000000,4.32421000000,"Transit"
"HD 80883 b",5.50000000,1748.05623850,6383.78352000000,"Radial Velocity"
"Kepler-777 b",0.00869000,2.76000000,5.72812599000,"Transit"
"Kepler-83 c",0.00638709,2.03000000,20.09000000000,"Transit"
"CoRoT-27 b",10.39000000,3302.11000000,3.57532000000,"Transit"
"Barnard e",0.00060725,0.19300000,6.73920000000,"Radial Velocity"
"TOI-1117 c",0.02762497,8.78000000,4.57900000000,"Radial Velocity"
"TOI-1117 d",0.03369743,10.71000000,8.66500000000,"Radial Velocity"
"TOI-2992 b",3.33000000,1058.36859531,3.00781200000,"Transit"
"Kepler-1206 b",0.01050000,3.33000000,1.21699766300,"Transit"
"HD 125595 b",11.11000000,3531.07360177,9.67370000000,"Radial Velocity"
"HD 179079 b",13.20000000,4195.33497240,14.47900000000,"Radial Velocity"
"TOI-3160 A b",1.19000000,378.21580433,3.97128100000,"Transit"
"HIP 67851 c",6.93700000,2204.77565936,3128.41000000000,"Radial Velocity"
"HD 87816 b",6.74000000,2142.16346318,484.17000000000,"Radial Velocity"
"TOI-6894 b",0.16800000,53.39517238,3.37077196000,"Transit"
"TIC 88785435 b",0.07010000,22.30000000,10.50884300000,"Transit"
"KOI-134 c",0.22000000,69.92224954,33.95000000000,"Transit Timing Variations"
"TOI-3474 b",0.61000000,193.87532827,3.87951050000,"Transit"
"Kepler-1602 b",0.00742000,2.36000000,11.17931605000,"Transit"
"OGLE-TR-56 b",1.39000000,441.77000000,1.21191890000,"Transit"
"KOI-134 b",1.09000000,346.43296363,67.12770000000,"Transit"
"K2-169 b",0.00681000,2.16000000,6.38080300000,"Transit"
"Kepler-370 b",0.00993000,3.15000000,4.57953000000,"Transit"
"Kepler-1762 b",0.02530000,8.05000000,29.53910065000,"Transit"
"Kepler-511 c",0.05180000,16.50000000,26.62949944000,"Transit"
"KOI-1843.03",0.02517081,8.00000000,0.17689130000,"Transit"
"K2-416 b",5.20000000,1652.70771640,13.10200000000,"Transit"
"TOI-4791 b",2.31000000,734.18362017,4.28088000000,"Transit"
"Kepler-369 b",0.00474000,1.51000000,2.73275600000,"Transit"
"Kepler-778 b",0.01090000,3.46000000,3.75574426000,"Transit"
"HD 87816 c",12.20000000,3877.50656540,7596.00000000000,"Radial Velocity"
"HD 102888 b",5.69000000,1808.44363583,252.06000000000,"Radial Velocity"
"tau Cet g",0.00550609,1.75000000,20.00000000000,"Radial Velocity"
"tau Cet h",0.00575780,1.83000000,49.41000000000,"Radial Velocity"
"tau Cet f",0.01236510,3.93000000,636.13000000000,"Radial Velocity"
"WASP-80 b",0.53800000,170.99254000,3.06785234000,"Transit"
"TOI-5300 b",0.60000000,190.69704420,2.26219600000,"Transit"
"TOI-2031 A b",0.80000000,254.26272560,5.71548654000,"Transit"
"TOI-5882 b",22.01000000,6995.40323807,7.14897200000,"Transit"
"TOI-2169 A b",1.03700000,329.58805806,8.21482820000,"Transit"
"Kepler-878 b",0.01380000,4.38000000,25.94220330000,"Transit"
"K2-72 e",0.00696000,2.21000000,24.15886800000,"Transit"
"HD 25171 b",0.91500000,290.81445000,1802.29000000000,"Radial Velocity"
"TOI-6707 b",0.08740000,27.80000000,3.83479363758,"Transit"
"TOI-3682 b",0.21800000,69.28659273,3.34624060000,"Transit"
"HD 155918 c",5.90900000,1878.04805696,17202.19446000000,"Radial Velocity"
"Kepler-1508 b",0.00733000,2.33000000,20.70565040000,"Transit"
"Kepler-156 b",0.01860000,5.90000000,4.97345600000,"Transit"
"HD 15906 b",0.01780000,5.65000000,10.92470900000,"Transit"
"Kepler-1356 b",0.00930000,2.96000000,0.63400293700,"Transit"
"Kepler-1012 b",0.00696000,2.21000000,5.50860439000,"Transit"
"TOI-2346 b",1.24000000,394.10722468,3.33120290000,"Transit"
"Kepler-154 f",0.00899000,2.86000000,9.91935684000,"Transit"
"Kepler-1234 b",0.02610000,8.30000000,11.94014029000,"Transit"
"Kepler-10 b",0.01019418,3.24000000,0.83749070000,"Transit"
"TOI-2886 b",1.40000000,444.95976980,1.60200105000,"Transit"
"K2-157 c",0.09670000,30.80000000,25.94200000000,"Radial Velocity"
"HD 34445 e",0.05290000,16.80000000,49.17500000000,"Radial Velocity"
"Kepler-384 c",0.00474000,1.51000000,45.34826900000,"Transit"
"Kepler-1153 b",0.01150000,3.64000000,1.75583532700,"Transit"
"HD 35843 c",0.03561670,11.32000000,46.96220000000,"Transit"
"TIC 434398831 c",0.08490000,27.00000000,6.21029100000,"Transit"
"TOI-2407 b",0.05290000,16.80000000,2.70296900000,"Transit"
"TOI-778 b",2.80000000,878.00000000,4.63361100000,"Transit"
"TOI-5573 b",0.35000000,112.00000000,8.79758977000,"Transit"
"Kepler-1271 b",0.00879000,2.79000000,3.02559550000,"Transit"
"Kepler-182 c",0.03660000,11.60000000,20.68434200000,"Transit"
"HIP 48714 b",0.07205110,22.90000000,17.81800000000,"Radial Velocity"
"HATS-23 b",1.47000000,467.21010000,2.16051560000,"Transit"
"TOI-1468 b",0.00956491,3.04000000,1.88052010000,"Transit"
"TOI-1468 c",0.01290004,4.10000000,15.53247700000,"Transit"
"K2-152 b",0.01840000,5.86000000,32.64790000000,"Transit"
"Kepler-1626 b",0.01490000,4.74000000,4.13962966000,"Transit"
"HD 97048 b",2.50000000,794.57500000,,"Disk Kinematics"
"HD 4308 b",0.05000000,15.89150000,15.56000000000,"Radial Velocity"
"TOI-5800 b",0.02989034,9.50000000,2.62788380000,"Transit"
"HD 224018 b",0.01290004,4.10000000,10.64130000000,"Radial Velocity"
"TOI-4214 b",0.52000000,165.27077164,3.49138850000,"Transit"
"Kepler-580 b",0.02240000,7.13000000,8.22241965600,"Transit"
"HD 217786 c",0.02300000,7.31005336,2.52221000000,"Radial Velocity"
"Kepler-219 b",0.02830000,9.01000000,4.58551200000,"Transit"
"Kepler-1941 b",0.02360000,7.51000000,31.33510017000,"Transit"
"K2-254 b",0.01040000,3.29000000,4.09639000000,"Transit"
"TOI-5817 b",0.03240742,10.30000000,15.61031000000,"Transit"
"Kepler-294 b",0.01190000,3.78000000,3.70121200000,"Transit"
"TOI-4734 b",0.19400000,61.65871096,6.23563300000,"Transit"
"Kepler-296 b",0.01010000,3.22000000,10.86438400000,"Transit"
"HD 64114 b",0.05600478,17.80000000,45.79100000000,"Radial Velocity"
"Kepler-1947 b",0.00317000,1.01000000,6.96363019900,"Transit"
"TOI-5181 A b",1.04000000,330.54154328,3.89222950000,"Transit"
"HD 97658 b",0.02611472,8.30000000,9.48971160000,"Radial Velocity"
"GJ 338 B b",0.03335133,10.60000000,24.42200000000,"Radial Velocity"
"WD 1856+534 b",13.80000000,4386.05400000,1.40794050000,"Transit"
"TOI-519 b",0.46300000,147.15455244,1.26523280000,"Transit"
"nu Oct A b",2.19000000,696.04421133,402.40000000000,"Radial Velocity"
"TOI-1346 b",0.01980000,6.30000000,1.76225380000,"Transit"
"TOI-4155 b",0.03270000,10.40000000,3.32072900000,"Transit"
"HD 108236 c",0.01550000,4.94000000,6.20344900000,"Transit"
"HD 151450 b",0.12100000,38.45723725,21.89288000000,"Radial Velocity"
"Kepler-546 b",0.12300000,39.10000000,4.14702025800,"Transit"
"GJ 317 b",2.50000000,794.50000000,695.69000000000,"Radial Velocity"
"K2-6 b",0.02140000,6.80000000,30.94191000000,"Transit"
"Kepler-497 b",0.09570000,30.40000000,3.57320367100,"Transit"
"Kepler-971 b",0.01630000,5.18000000,9.59070716000,"Transit"
"Kepler-452 b",0.01040000,3.29000000,384.84300000000,"Transit"
"Kepler-553 b",0.36500000,116.00736855,4.03046700000,"Transit"
"Kepler-1791 b",0.03120000,9.91000000,7.72086000400,"Transit"
"Kepler-399 d",0.01330000,4.23000000,58.03461600000,"Transit"
"Kepler-1355 b",0.00859000,2.73000000,1.28958811200,"Transit"
"Kepler-83 b",0.00925027,2.94000000,9.77000000000,"Transit"
"Kepler-1827 b",0.01290000,4.10000000,3.70061993600,"Transit"
"Kepler-1886 b",0.02260000,7.18000000,24.27580070000,"Transit"
"Kepler-1467 b",0.03430000,10.90000000,47.05690430000,"Transit"
"Kepler-204 b",0.02180000,6.94000000,14.40097400000,"Transit"
"HIP 5158 b",1.42000000,451.00000000,345.72000000000,"Radial Velocity"
"Kepler-1311 c",0.00624000,1.98000000,2.53573424000,"Transit"
"TOI-654.01",0.02740472,8.71000000,1.52756100000,"Transit"
"HD 235088 b",0.01305736,4.15000000,7.43413250000,"Transit"
"TOI-5795 b",0.07444269,23.66000000,6.14063250000,"Transit"
"Kepler-366 c",0.01210000,3.86000000,12.51616000000,"Transit"
"HD 136118 b",13.10200000,4164.18778851,1187.59765000000,"Radial Velocity"
"Kepler-283 b",0.01630000,5.18000000,11.00815100000,"Transit"
"GJ 463 b",3.40000000,1080.61658380,3459.00000000000,"Radial Velocity"
"WASP-4 b",1.20000000,381.39408840,1.33823099400,"Transit"
"Kepler-185 c",0.01490000,4.74000000,20.72904200000,"Transit"
"TOI-5386 A b",0.48800000,155.10026262,3.62156552000,"Transit"
"Kepler-1285 b",0.00274000,0.87100000,14.79674580000,"Transit"
"TOI-470 b",0.05460000,17.40000000,12.19148000000,"Transit"
"Kepler-1003 b",0.01200000,3.82000000,3.55485691500,"Transit"
"Kepler-213 b",0.01020000,3.26000000,2.46236000000,"Transit"
"Kepler-112 b",0.01940000,6.17000000,8.40887800000,"Transit"
"TOI-1438 b",0.02957571,9.40000000,5.13967000000,"Transit"
"TOI-7333 b",0.01590000,5.04000000,6.26449803661,"Transit"
"Kepler-1038 c",0.00816000,2.59000000,7.12765979800,"Transit"
"HD 109271 c",0.07600000,24.15400000,30.93000000000,"Radial Velocity"
"TOI-3856 b",0.54000000,171.62733978,2.04360352000,"Transit"
"TOI-3877 b",0.31400000,99.79811980,4.12359600000,"Transit"
"TOI-3980 b",0.59000000,187.51876013,3.60892540000,"Transit"
"Kepler-26 e",0.02010000,6.39000000,46.82791500000,"Transit"
"Kepler-1731 b",0.02810000,8.92000000,21.76129913000,"Transit"
"TOI-622 b",0.30300000,96.30200732,6.40251300000,"Transit"
"Kepler-169 b",0.00474000,1.51000000,3.25061900000,"Transit"
"Kepler-239 b",0.01900000,6.04000000,11.76305100000,"Transit"
"Kepler-1812 b",0.01890000,6.01000000,7.16521978400,"Transit"
"Kepler-738 b",0.02140000,6.80000000,24.58721573000,"Transit"
"Kepler-1778 b",0.02940000,9.36000000,10.08740044000,"Transit"
"Kepler-1005 b",0.00899000,2.86000000,6.49801525000,"Transit"
"Kepler-617 b",0.00724000,2.30000000,1.68269614800,"Transit"
"Kepler-371 c",0.01200000,3.82000000,67.96801500000,"Transit"
"Kepler-211 b",0.00669000,2.13000000,4.13857500000,"Transit"
"HD 25912 b",0.12000000,38.13940884,41.83156000000,"Radial Velocity"
"TOI-4010 b",0.03460987,11.00000000,1.34833500000,"Transit"
"HD 196067 b",11.40000000,3623.24383980,3413.70000000000,"Radial Velocity"
"TOI-283 b",0.02057714,6.54000000,17.61745000000,"Transit"
"TOI-2641 b",0.38600000,122.68176510,4.88097400000,"Transit"
"TOI-2322 b",0.00726807,2.31000000,11.30717000000,"Transit"
"HD 284149 AB b",26.28000000,8352.53053596,,"Imaging"
"Kepler-925 b",0.01910000,6.08000000,33.86785310000,"Transit"
"Kepler-54 c",0.00220245,0.70000000,12.07172490000,"Transit"
"HD 210193 b",0.48170406,153.10000000,649.91800000000,"Radial Velocity"
"TOI-5261 b",11.49000000,3651.84839643,4.15097680000,"Transit"
"TOI-5350 b",6.59000000,2094.48920213,7.58136700000,"Transit"
"TOI-1235 b",0.02104909,6.69000000,3.44471400000,"Transit"
"TOI-4010 e",2.17727549,692.00000000,762.00000000000,"Radial Velocity"
"HD 28471 c",0.01799713,5.72000000,6.12450000000,"Radial Velocity"
"TOI-6420 b",8.20000000,2606.19293740,6.96150800000,"Transit"
"TOI-5799 b",0.01150000,3.65000000,4.16450700000,"Transit"
"Kepler-801 b",0.01470000,4.66000000,11.41928253000,"Transit"
"Kepler-750 c",0.01020000,3.26000000,4.08899022000,"Transit"
"WISPIT 1 c",5.30000000,1684.49055710,,"Imaging"
"WISPIT 2 b",4.85000000,1541.46777395,,"Imaging"
"HR 8799 b",7.00000000,2000.00000000,170000.00000000000,"Imaging"
"LHS 3844 b",0.00745685,2.37000000,0.46292970900,"Transit"
"TOI-2093 b",0.03335133,10.60000000,12.83600000000,"Radial Velocity"
"HD 196067 c",0.03272206,10.40000000,4.60108800000,"Radial Velocity"
"TOI-6054.02",0.02926107,9.30000000,12.56363600000,"Transit"
"TOI-6054.01",0.03932940,12.50000000,7.50142800000,"Transit"
"Kepler-117 b",0.09400000,29.87500000,18.79592280000,"Transit"
"Kepler-1724 b",0.02650000,8.43000000,6.45442009000,"Transit"
"GJ 180 d",0.02378630,7.56000000,106.30000000000,"Radial Velocity"
"Kepler-103 b",0.03671793,11.67000000,15.96532870000,"Transit"
"Kepler-103 c",0.18396719,58.47000000,179.60978000000,"Transit"
"Kepler-34 b",0.22000000,69.92000000,288.82200000000,"Transit"
"MOA-2011-BLG-291L b",0.05700000,18.00000000,,"Microlensing"
"OGLE-2019-BLG-0468L b",3.43000000,1090.15143601,,"Microlensing"
"OGLE-2019-BLG-0960L b",0.00786588,2.50000000,,"Microlensing"
"KMT-2024-BLG-0404L c",0.05443189,17.30000000,,"Microlensing"
"OGLE-2017-BLG-1375L b",11.28000000,3585.00000000,,"Microlensing"
"Kepler-126 c",0.00402415,1.27942148,21.86974100000,"Transit"
"Kepler-1455 b",0.01670000,5.31000000,49.27676400000,"Transit"
"Kepler-998 b",0.01890000,5.99000000,5.65377733000,"Transit"
"TOI-6109 c",0.06550000,20.80000000,8.53887800000,"Transit"
"eps CrB b",6.70000000,2129.46100000,417.90000000000,"Radial Velocity"
"GJ 685 b",0.02831702,9.00000000,24.16000000000,"Radial Velocity"
"TOI-4010 c",0.06390241,20.31000000,5.41465400000,"Transit"
"TOI-2449 b",0.70000000,222.00000000,106.14468000000,"Transit"
"HIP 18606 b",0.77000000,244.72787339,674.94000000000,"Radial Velocity"
"TOI-2345 c",0.02287398,7.27000000,21.06430200000,"Transit"
"55 Cnc b",0.83060000,263.97850000,14.65155200000,"Radial Velocity"
"Kepler-733 b",0.02630000,8.35000000,20.83424726000,"Transit"
"KMT-2017-BLG-1057L b",0.07393927,23.50000000,,"Microlensing"
"TOI-2141 b",0.06324167,20.10000000,18.26160800000,"Transit"
"Kepler-1451 b",0.03520000,11.20000000,35.62223300000,"Transit"
"Kepler-108 c",0.16000000,50.90000000,190.32349400000,"Transit"
"KMT-2019-BLG-1339L b",1.25000000,397.00000000,,"Microlensing"
"Kepler-397 b",0.02080000,6.62000000,22.25094900000,"Transit"
"OGLE-2003-BLG-235L b",2.60000000,830.00000000,,"Microlensing"
"OGLE-2012-BLG-0358L b",1.85000000,588.00000000,,"Microlensing"
"OGLE-2015-BLG-1609L b",0.24000000,76.27881768,,"Microlensing"
"KMT-2021-BLG-1077L c",0.25000000,79.45710175,,"Microlensing"
"iot Dra b",11.82000000,3756.73177074,510.85440000000,"Radial Velocity"
"WASP-96 b",0.48000000,152.55000000,3.42526020000,"Transit"
"GJ 1132 b",0.00531733,1.69000000,1.62893000000,"Transit"
"HIP 41378 b",0.02850595,9.06000000,15.57189300000,"Transit"
"HIP 41378 c",0.02054568,6.53000000,31.70838000000,"Transit"
"HIP 41378 d",0.01447322,4.60000000,278.36180000000,"Transit"
"HIP 41378 e",0.03775622,12.00000000,369.00000000000,"Transit"
"HIP 41378 f",0.03775622,12.00000000,542.07975000000,"Transit"
"LHS 1140 b",0.01761957,5.60000000,24.73723000000,"Transit"
"GJ 1132 c",0.00830633,2.64000000,8.92900000000,"Radial Velocity"
"LHS 1140 c",0.00600953,1.91000000,3.77794000000,"Transit"
"DE CVn b",12.02930278,3823.27330161,4098.10000000000,"Eclipse Timing Variations"
"TOI-270 b",0.00465660,1.48000000,3.35992000000,"Transit"
"TOI-270 c",0.01950738,6.20000000,5.66051000000,"Transit"
"TOI-270 d",0.01321468,4.20000000,11.38194000000,"Transit"
"GJ 357 b",0.00575782,1.83000000,3.93060000000,"Transit"
"GJ 357 c",0.01069754,3.40000000,9.12470000000,"Radial Velocity"
"GJ 357 d",0.01919265,6.10000000,55.66100000000,"Radial Velocity"
"GJ 1252 b",0.00415318,1.32000000,0.51823310000,"Transit"
"CFHTWIR-Oph 98 b",7.80000000,2479.06157460,8040000.00000000000,"Imaging"
"iot Dra c",15.60000000,4958.12314920,25000.00000000000,"Radial Velocity"
"HD 260655 b",0.00673319,2.14000000,2.76953000000,"Transit"
"HD 260655 c",0.00972223,3.09000000,5.70588000000,"Transit"
"TOI-406.01",0.02067153,6.57000000,13.17568200000,"Transit"
"TOI-406 c",0.00654441,2.08000000,3.30744100000,"Transit"
"Kepler-62 e",0.11300000,36.00000000,122.38740000000,"Transit"
"HD 206893 b",19.50000000,6197.65393650,11100.00000000000,"Imaging"
"HD 206893 c",11.10000000,3527.89531770,2290.00000000000,"Imaging"
"Kepler-51 e",0.01699030,5.40000000,264.28400000000,"Transit Timing Variations"
"HIP 41378 g",0.02142666,6.81000000,64.06700000000,"Radial Velocity"
"KMT-2024-BLG-1281L b",0.06000000,19.06970442,,"Microlensing"
"TIC 183374187 b",0.56000000,177.98390792,5.05907000000,"Transit"
"Kepler-51 d",0.02400000,7.60000000,130.19400000000,"Transit"
"Kepler-51 c",0.01300000,4.00000000,85.31200000000,"Transit"
"Kepler-51 b",0.00700000,2.10000000,45.15400000000,"Transit"
"Kepler-62 c",0.01300000,4.00000000,12.44170000000,"Transit"
"Kepler-62 f",0.11000000,35.00000000,267.29100000000,"Transit"
"Kepler-62 d",0.04400000,14.00000000,18.16406000000,"Transit"
"Kepler-62 b",0.03000000,9.00000000,5.71493200000,"Transit"
"HD 11964 b",0.62200000,198.00000000,1945.00000000000,"Radial Velocity"
"HD 132406 b",5.94000000,1887.90073758,908.00000000000,"Radial Velocity"
"DMPP-3 A b",0.00840076,2.67000000,5.59000000000,"Radial Velocity"
"DMPP-2 b",0.53953642,171.48000000,5.20300000000,"Radial Velocity"
"TIC 257060897 b",0.63400000,201.50321004,3.66003639000,"Transit"
"Kepler-52 d",0.27963989,88.87750000,36.44517100000,"Transit"
"Kepler-756 b",0.00459000,1.46000000,1.22486632200,"Transit"
"Kepler-1286 b",0.01660000,5.27000000,11.25402929000,"Transit"
"OGLE-2019-BLG-1492L b",0.11672965,37.10000000,,"Microlensing"
"Kepler-132 c",0.00687000,2.18000000,6.41491400000,"Transit"
"OGLE-2016-BLG-0263L b",4.10000000,1300.00000000,,"Microlensing"
"OGLE-2017-BLG-0364L b",0.23849347,75.80000000,,"Microlensing"
"UKIRT-2017-BLG-001L b",1.28000000,407.00000000,,"Microlensing"
"OGLE-2018-BLG-1126L b",0.05600000,17.79839079,,"Microlensing"
"KMT-2019-BLG-0298L b",1.81000000,575.26941667,,"Microlensing"
"Kepler-1430 b",0.00553000,1.76000000,2.46050993000,"Transit"
"Kepler-924 b",0.03030000,9.64000000,61.03701170000,"Transit"
"K2-73 b",0.02894644,9.20000000,7.49556000000,"Transit"
"pi Men c",0.01142126,3.63000000,6.26783990000,"Transit"
"HIP 38594 b",0.02548532,8.10000000,60.72200000000,"Radial Velocity"
"Kepler-1903 b",0.01840000,5.85000000,17.06789970000,"Transit"
"TOI-4940 b",0.28002532,89.00000000,25.86781100000,"Transit"
"HD 63433 c",0.04889116,15.53900000,20.54382810000,"Transit"
"TOI-1685 b",0.00965930,3.07000000,0.66913923000,"Transit"
"Kepler-1453 b",0.02390000,7.61000000,47.16116960000,"Transit"
"G 264-012 c",0.01179882,3.75000000,8.05180000000,"Radial Velocity"
"HD 128311 b",1.76900000,562.24127000,453.01900000000,"Radial Velocity"
"MOA-2016-BLG-526L b",0.04700000,14.93793513,,"Microlensing"
"OGLE-2018-BLG-1269L b",0.67000000,210.00000000,,"Microlensing"
"KMT-2018-BLG-0087L b",0.23000000,73.10053361,,"Microlensing"
"Kepler-535 b",0.01940000,6.17000000,4.90332155100,"Transit"
"OGLE-2007-BLG-368L b",0.06000000,20.00000000,,"Microlensing"
"OGLE-2018-BLG-0799L b",0.26000000,82.63538582,,"Microlensing"
"MOA-2010-BLG-328L b",0.02900000,9.20000000,,"Microlensing"
"MOA-2012-BLG-006L b",8.40000000,2700.00000000,,"Microlensing"
"OGLE-2018-BLG-1011L b",1.80000000,570.00000000,,"Microlensing"
"KMT-2018-BLG-0748L b",0.19000000,60.00000000,,"Microlensing"
"Kepler-1763 b",0.00499000,1.59000000,1.48028004200,"Transit"
"BD+20 594 b",0.07000000,22.24810000,41.68550000000,"Transit"
"HD 147873 b",5.14000000,1633.64620000,116.59600000000,"Radial Velocity"
"HD 72659 c",19.40000000,6165.87109580,35500.00000000000,"Radial Velocity"
"Kepler-1061 b",0.01440000,4.58000000,2.75798266600,"Transit"
"Kepler-1539 b",0.02440000,7.75000000,133.30367410000,"Transit"
"HD 152843 b",0.03089718,9.82000000,11.62071000000,"Transit"
"TOI-912 b",0.01604639,5.10000000,4.67806910000,"Transit"
"HD 128717 b",19.80000000,6293.00245860,3420.00000000000,"Astrometry"
"TOI-5728 b",0.00714000,2.27000000,11.49761000000,"Transit"
"GJ 3942 b",0.02246484,7.14000000,6.90500000000,"Radial Velocity"
"HD 152843 c",0.03042522,9.67000000,19.50210400000,"Transit"
"HD 28109 b",0.01950738,6.20000000,22.89105400000,"Transit"
"Kepler-235 d",0.01530000,4.86000000,20.06054800000,"Transit"
"OGLE-2017-BLG-1806L b",0.01658127,5.27000000,,"Microlensing"
"Kepler-1530 d",0.03390000,10.80000000,9.20761013000,"Transit"
"Kepler-661 b",0.03030000,9.64000000,6.02930132100,"Transit"
"MOA-2011-BLG-028L b",0.09000000,30.00000000,,"Microlensing"
"MOA-2013-BLG-605L b",0.01020000,3.24000000,,"Microlensing"
"OGLE-2012-BLG-0406L b",2.73000000,868.00000000,,"Microlensing"
"HD 63433 b",0.06844888,21.75500000,7.10794750000,"Transit"
"Kepler-1076 b",0.00137000,0.43700000,6.14727918000,"Transit"
"OGLE-2018-BLG-0383L b",0.02013665,6.40000000,,"Microlensing"
"Kepler-1258 b",0.00178000,0.56600000,0.98494016700,"Transit"
"Kepler-87 c",0.02000000,6.40000000,191.23180000000,"Transit"
"TOI-1422 c",0.04404893,14.00000000,34.56330000000,"Radial Velocity"
"TOI-6041 c",0.24510081,77.90000000,88.00000000000,"Radial Velocity"
"HD 147018 c",6.56000000,2080.00000000,1008.00000000000,"Radial Velocity"
"Kepler-1896 b",0.03080000,9.80000000,44.87020111000,"Transit"
"TOI-7510 c",0.41200000,131.00000000,22.56874230000,"Transit"
"Kepler-1681 b",0.02220000,7.05000000,69.89560000000,"Transit"
"GJ 2126 b",1.30000000,413.17692910,272.70000000000,"Radial Velocity"
"HD 1605 b",0.93400000,296.85322000,577.20000000000,"Radial Velocity"
"TOI-7510 d",0.59700000,190.00000000,48.86446800000,"Transit"
"HD 72659 b",2.98800000,949.67128012,3549.00000000000,"Radial Velocity"
"Kepler-1171 b",0.02230000,7.08000000,1.44259224000,"Transit"
"Kepler-336 d",0.01950000,6.21000000,20.67877200000,"Transit"
"CoRoT-16 b",0.53500000,170.03200000,5.35227000000,"Transit"
"KMT-2018-BLG-0030L b",1.45000000,460.85119015,,"Microlensing"
"KMT-2022-BLG-1013L b",0.31000000,98.52680617,,"Microlensing"
"alf Tau b",6.47000000,2056.36010000,628.96000000000,"Radial Velocity"
"Kepler-1031 b",0.00186000,0.59000000,1.22621732000,"Transit"
"mu Leo b",2.40000000,762.80000000,357.80000000000,"Radial Velocity"
"HD 60292 b",6.50000000,2065.89500000,495.40000000000,"Radial Velocity"
"GJ 887 d",0.01919275,6.10000000,50.77000000000,"Radial Velocity"
"GJ 887 e",0.00459367,1.46000000,4.42490000000,"Radial Velocity"
"HD 39194 c",0.02356618,7.49000000,14.03090000000,"Radial Velocity"
"TOI-5789 d",0.01349785,4.29000000,29.65000000000,"Radial Velocity"
"TOI-5789 b",0.00667027,2.12000000,2.76369000000,"Radial Velocity"
"Kepler-1533 b",0.03720000,11.80000000,308.54710000000,"Transit"
"TOI-2373 b",9.30000000,2955.80418510,13.33668000000,"Transit"
"Kepler-61 b",0.01660000,5.27000000,59.87756000000,"Transit"
"Kepler-120 c",0.00930000,2.96000000,12.79458500000,"Transit"
"Kepler-1403 b",0.01640000,5.22000000,5.19492202000,"Transit"
"TOI-1994 b",22.10000000,7024.00779470,4.03371420000,"Transit"
"TOI-2524 b",0.64000000,203.41018048,7.18585000000,"Transit"
"KMT-2022-BLG-1790L b",1.73000000,549.84314411,,"Microlensing"
"HD 108874 c",0.99000000,314.64000000,1624.00000000000,"Radial Velocity"
"HD 41004 A b",2.54000000,807.25000000,963.00000000000,"Radial Velocity"
"Kepler-118 c",0.14400000,45.70000000,20.17202000000,"Transit"
"Kepler-822 b",0.01190000,3.78000000,3.22296927300,"Transit"
"KMT-2025-BLG-1616L b",0.13315361,42.32000000,,"Microlensing"
"Kepler-608 b",0.04050000,12.90000000,6.41251503700,"Transit"
"HD 181720 b",0.40000000,127.13200000,956.00000000000,"Radial Velocity"
"Kepler-388 c",0.00178000,0.56600000,13.29700400000,"Transit"
"Kepler-900 b",0.01570000,4.98000000,6.99130860000,"Transit"
"Kepler-666 b",0.02000000,6.35000000,4.49876092000,"Transit"
"HIP 91258 b",1.09000000,346.43470000,5.05050000000,"Radial Velocity"
"K2-22 b",1.40000000,444.96200000,0.38107300000,"Transit"
"Kepler-1606 b",0.01550000,4.94000000,196.43522400000,"Transit"
"HD 4917 b",1.61500000,513.29545000,400.50000000000,"Radial Velocity"
"MOA-2012-BLG-505L b",0.02110000,6.70000000,,"Microlensing"
"KMT-2019-BLG-1715L b",2.56000000,813.64072192,,"Microlensing"
"KMT-2021-BLG-2609L b",0.03200000,10.17050902,,"Microlensing"
"Kepler-1946 b",0.02120000,6.75000000,3.03519010500,"Transit"
"HD 142022 A b",4.51000000,1433.40611557,1928.00000000000,"Radial Velocity"
"2MASS J03590986+2009361 b",18.00000000,5720.91132600,,"Imaging"
"GJ 896 A b",2.26000000,718.29219982,284.39000000000,"Astrometry"
"Kepler-1461 b",0.01500000,4.78000000,29.34947750000,"Transit"
"HD 168009 b",0.03000000,9.53485221,15.14790000000,"Radial Velocity"
"Kepler-361 c",0.02170000,6.90000000,55.18802300000,"Transit"
"TOI-4529 b",0.01541712,4.90000000,5.87957700000,"Transit"
"TOI-1243 b",0.02422691,7.70000000,4.65947790000,"Transit"
"TOI-5388.01",0.00692197,2.20000000,2.59467480000,"Transit"
"HD 98736 b",2.33000000,740.54390000,968.80000000000,"Radial Velocity"
"HD 34445 b",0.82000000,260.62060000,1049.00000000000,"Radial Velocity"
"NGTS-35 b",0.47824548,152.00000000,25.24119200000,"Transit"
"KMT-2021-BLG-0322L b",6.40000000,2034.10180480,,"Microlensing"
"OGLE-2014-BLG-0221L b",4.35000000,1382.55357045,,"Microlensing"
"KMT-2016-BLG-2142L b",15.49000000,4923.00000000,,"Microlensing"
"KMT-2024-BLG-1044L b",0.02438423,7.75000000,,"Microlensing"
"Kepler-340 b",0.02180000,6.94000000,14.84438700000,"Transit"
"GJ 3090 b",0.01422151,4.52000000,2.85310198000,"Transit"
"TOI-7166 b",0.01480000,4.70000000,12.92063621000,"Transit"
"TOI-6716 b",0.00287000,0.91100000,4.71858980000,"Transit"
"BD+48 738 b",0.91000000,289.22530000,392.60000000000,"Radial Velocity"
"Kepler-1307 b",0.02100000,6.66000000,18.01621096000,"Transit"
"TOI-5788 b",0.01170443,3.72000000,6.34075800000,"Transit"
"TOI-5788 c",0.02013665,6.40000000,16.21336200000,"Transit"
"TOI-4495 c",0.07299536,23.20000000,5.18553000000,"Transit"
"Kepler-326 c",0.05500000,17.40000000,4.58035800000,"Transit"
"WASP-5 b",1.58000000,502.15000000,1.62842790000,"Transit"
"HD 48265 b",7.40000000,2351.93021180,778.51000000000,"Radial Velocity"
"WASP-100 b",1.26000000,400.46580000,2.84938000000,"Transit"
"GJ 887 b",0.01227077,3.90000000,9.26190000000,"Radial Velocity"
"GJ 887 c",0.02045129,6.50000000,21.78400000000,"Radial Velocity"
"OGLE-2014-BLG-0319L b",0.57000000,181.16219199,,"Microlensing"
"KMT-2019-BLG-0371L b",7.70000000,2447.27873390,,"Microlensing"
"Kepler-132 b",0.00606000,1.92000000,6.17819600000,"Transit"
"OGLE-2017-BLG-1237L b",3.80000000,1207.74794660,,"Microlensing"
"MOA-bin-29 b",0.60000000,190.00000000,,"Microlensing"
"2MASS J21252752-8138278 b",12.00000000,3813.94088400,,"Imaging"
"Kepler-707 b",0.00733000,2.33000000,2.23749275100,"Transit"
"Kepler-262 b",0.00761000,2.42000000,13.06085500000,"Transit"
"Kepler-265 c",0.02330000,7.41000000,17.02893700000,"Transit"
"HD 18143 b",0.03400000,10.80616584,10.28510000000,"Radial Velocity"
"Kepler-1572 b",0.00245000,0.77900000,5.49548621000,"Transit"
"Kepler-352 c",0.00651000,2.07000000,16.33299500000,"Transit"
"Kepler-278 c",0.10980768,34.90000000,51.11100000000,"Transit"
"WASP-157 b",0.57400000,182.43442000,3.95162300000,"Transit"
"KMT-2023-BLG-0469L b",0.12400000,39.41072247,,"Microlensing"
"WISPIT 2 c",10.00000000,3178.28407000,,"Imaging"
"KMT-2016-BLG-2364L b",3.93000000,1250.00000000,,"Microlensing"
"KMT-2018-BLG-1988L b",0.01749372,5.56000000,,"Microlensing"
"Kepler-400 c",0.00889000,2.83000000,17.34082400000,"Transit"
"TOI-3288 b",1.68700000,536.17652261,1.43386470000,"Transit"
"K2-222 b",0.02359764,7.50000000,15.38892740000,"Transit"
"Kepler-1683 b",0.01310000,4.17000000,15.03370000000,"Transit"
"Kepler-1634 b",0.03240000,10.30000000,374.87623900000,"Transit"
"Kepler-122 b",0.01910000,6.08000000,5.76619300000,"Transit"
"HD 202772 A b",1.01800000,323.54931833,3.30887750000,"Transit"
"HD 89839 b",5.50000000,1748.05623850,3391.20000000000,"Radial Velocity"
"HD 181433 d",2.70000000,858.13669890,6896.10000000000,"Radial Velocity"
"TOI-2094 b",0.01340000,4.27000000,18.79319300000,"Transit"
"TOI-5916 b",0.71300000,226.61165419,2.36712800000,"Transit"
"TOI-5292 A b",1.29900000,412.85910069,2.02191000000,"Transit"
"Kepler-271 d",0.00069000,0.21900000,5.24972541000,"Transit"
"OGLE-2017-BLG-1275L b",5.90000000,1875.18760130,,"Microlensing"
"GJ 273 c",0.00371268,1.18000000,4.72340000000,"Radial Velocity"
"KMT-2021-BLG-0748L b",0.45000000,143.02278315,,"Microlensing"
"Kepler-446 c",0.00444000,1.41000000,3.03617900000,"Transit"
"KMT-2023-BLG-1642L b",1.08000000,343.25467956,,"Microlensing"
"MOA-2010-BLG-117L b",0.54000000,170.00000000,,"Microlensing"
"HD 22532 b",2.12000000,673.79622284,872.60000000000,"Radial Velocity"
"Kepler-235 c",0.00687000,2.18000000,7.82490400000,"Transit"
"HD 2039 b",6.29000000,1999.15070000,1120.00000000000,"Radial Velocity"
"TIC 87422071 b",1.29000000,409.99864503,11.36492900000,"Transit"
"Kepler-697 b",0.05020000,16.00000000,3.70987064500,"Transit"
"Kepler-99 b",0.01900000,6.15000000,4.60358000000,"Transit"
"Kepler-1835 b",0.03850000,12.20000000,11.96409988000,"Transit"
"Kepler-1555 b",0.01010000,3.22000000,8.10501635000,"Transit"
"Kepler-783 c",0.01900000,6.04000000,7.05395000000,"Transit"
"HD 38529 c",10.38000000,3299.05886466,2127.60566000000,"Radial Velocity"
"EPIC 220674823 b",0.02372349,7.54000000,0.57130782000,"Transit"
"KMT-2018-BLG-1990L b",0.34800000,111.00000000,,"Microlensing"
"K2-247 c",0.01710000,5.43000000,6.49424000000,"Transit"
"TOI-904 b",0.02030000,6.46000000,10.87720000000,"Transit"
"TOI-904 c",0.01680000,5.34000000,83.99970000000,"Transit"
"TIC 245076932 b",0.51000000,162.09248757,21.61389000000,"Transit"
"OGLE-2014-BLG-1722L b",0.17400000,55.30000000,,"Microlensing"
"KMT-2016-BLG-1820L b",4.57000000,1450.00000000,,"Microlensing"
"PSR B1620-26 b",2.50000000,794.57500000,,"Pulsar Timing"
"OGLE-2007-BLG-349L AB c",0.25170815,80.00000000,2557.00000000000,"Microlensing"
"Kepler-1851 b",0.04550000,14.50000000,12.02289963000,"Transit"
"Kepler-1104 b",0.00642000,2.04000000,5.03728015000,"Transit"
"HD 217107 b",1.44600000,459.57987652,7.12701660000,"Radial Velocity"
"Kepler-1901 b",0.00873000,2.77000000,3.48412990600,"Transit"
"Kepler-860 b",0.03320000,10.60000000,5.10137945400,"Transit"
"Kepler-1604 b",0.00809000,2.57000000,0.68368425600,"Transit"
"Kepler-804 b",0.01390000,4.42000000,14.37457351000,"Transit"
"HD 39194 d",0.01623518,5.16000000,33.87400000000,"Radial Velocity"
"WASP-107 b",0.09600000,30.51152707,5.72148760000,"Transit"
"TOI-1080 b",0.03366596,10.70000000,3.96524820000,"Transit"
"WASP-107 c",0.35000000,111.23994245,1066.00000000000,"Radial Velocity"
"TOI-2076 b",0.02108056,6.70000000,10.35504000000,"Transit"
"HIP 99770 b",17.00000000,5403.08291900,18600.00000000000,"Imaging"
"TOI-2076 c",0.02265373,7.20000000,21.01447000000,"Transit"
"K2-79 b",0.01856348,5.90000000,10.99503900000,"Transit"
"TOI-4342 b",0.02296837,7.30000000,5.53825920000,"Transit"
"TOI-4336 A b",0.01047735,3.33000000,16.33635100000,"Transit"
"TOI-4342 c",0.01510249,4.80000000,10.68866200000,"Transit"
"TOI-1135 b",0.18500000,58.79825529,8.02773270000,"Transit"
"K2-19 d",0.01950738,6.20000000,2.50827000000,"Transit"
"KMT-2021-BLG-1554L b",0.12000000,38.13940884,,"Microlensing"
"Kepler-203 d",0.10700000,33.90000000,11.32972000000,"Transit"
"KMT-2021-BLG-1303L b",0.38000000,120.77479466,,"Microlensing"
"TOI-4336 A c",0.00487685,1.55000000,7.58726600000,"Transit"
"Kepler-1221 b",0.01320000,4.19000000,12.00096042000,"Transit"
"TOI-2076 d",0.02296837,7.30000000,35.12803000000,"Transit"
"TOI-672 b",0.16014931,50.90000000,3.63358100000,"Transit"
"K2-111 b",0.01683298,5.35000000,5.35189630000,"Transit"
"HD 181433 b",5.37600000,1708.64551603,9.37450000000,"Radial Velocity"
"Kepler-920 c",0.04360000,13.80000000,100.82741130000,"Transit"
"Kepler-750 b",0.03030000,9.64000000,9.42887179000,"Transit"
"Kepler-955 b",0.03130000,9.96000000,14.53244172000,"Transit"
"TOI-2529 b",2.34000000,743.71847238,64.59490000000,"Transit"
"Kepler-1943 b",0.00949000,3.02000000,4.85018014900,"Transit"
"TYC 8998-760-1 b",21.80000000,6928.65927260,,"Imaging"
"KMT-2021-BLG-1770L b",21.00000000,6674.39654700,,"Microlensing"
"OGLE-2011-BLG-0265L b",0.88000000,280.00000000,,"Microlensing"
"OGLE-2018-BLG-0740L b",4.80000000,1500.00000000,5480.00000000000,"Microlensing"
"KMT-2017-BLG-2509L b",2.09000000,664.26137063,,"Microlensing"
"Kepler-651 b",0.01950000,6.21000000,21.38521506000,"Transit"
"OGLE-2018-BLG-0932L b",0.89000000,282.86728223,,"Microlensing"
"OGLE-2014-BLG-0124L b",0.65000000,206.58846455,,"Microlensing"
"HD 331093 b",1.50000000,476.74261050,621.62000000000,"Radial Velocity"
"Kepler-1879 b",0.01550000,4.92000000,10.61340046000,"Transit"
"TOI-815 b",0.02391227,7.60000000,11.19725900000,"Transit"
"OGLE-TR-182 b",1.01000000,320.99500000,3.97910000000,"Transit"
"Kepler-364 c",0.01660000,5.27000000,59.98062700000,"Transit"
"Kepler-828 b",0.00909000,2.89000000,0.56785713600,"Transit"
"Kepler-229 b",0.01720000,5.48000000,6.25297200000,"Transit"
"Kepler-1689 b",0.00251000,0.79900000,8.48300000000,"Transit"
"OGLE-2018-BLG-0567L b",0.32000000,101.70509024,,"Microlensing"
"OGLE-2019-BLG-1053L b",0.00780295,2.48000000,,"Microlensing"
"Kepler-29 b",0.01573168,5.00000000,10.33974000000,"Transit"
"OGLE-2019-BLG-0468L c",10.22000000,3248.20631954,,"Microlensing"
"KMT-2021-BLG-1898L b",0.73000000,232.01473711,,"Microlensing"
"KMT-2024-BLG-0404L b",27.24000000,8657.64580668,,"Microlensing"
"KMT-2019-BLG-1042L b",0.19000000,60.38739733,,"Microlensing"
"MOA-2016-BLG-227L b",2.80000000,890.00000000,,"Microlensing"
"HD 179949 b",0.91600000,291.12000000,3.09251400000,"Radial Velocity"
"Kepler-629 b",0.00780000,2.48000000,7.23858540000,"Transit"
"Kepler-1384 b",0.01390000,4.42000000,15.36262753000,"Transit"
"Kepler-847 b",0.00553000,1.76000000,2.34323189500,"Transit"
"NGTS-27 b",0.59300000,188.47224535,3.37041810000,"Transit"
"Kepler-1262 b",0.01250000,3.97000000,8.67900242000,"Transit"
"Kepler-764 b",0.01050000,3.33000000,7.33683936000,"Transit"
"Kepler-782 b",0.03270000,10.40000000,158.68533080000,"Transit"
"Kepler-824 b",0.01310000,4.16000000,4.51436633000,"Transit"
"HD 60532 b",1.06000000,336.89980000,201.90000000000,"Radial Velocity"
"HD 60532 c",2.51000000,797.75330000,600.10000000000,"Radial Velocity"
"Kepler-743 b",0.00606000,1.92000000,3.17926292100,"Transit"
"Kepler-821 b",0.00714000,2.27000000,1.92279873000,"Transit"
"TOI-4633 c",0.38700128,123.00000000,271.94450000000,"Transit"
"TOI-776 c",0.02170983,6.90000000,15.66532300000,"Transit"
"K2-19 c",0.03460987,11.00000000,11.90600000000,"Transit"
"K2-19 b",0.09690764,30.80000000,7.91930000000,"Transit"
"Kepler-749 b",0.03080000,9.80000000,17.31716585000,"Transit"
"Kepler-820 b",0.09700000,30.80000000,127.83380980000,"Transit"
"OGLE-2015-BLG-0051L b",0.72000000,230.00000000,,"Microlensing"
"Kepler-56 d",5.61000000,1784.00000000,1002.00000000000,"Radial Velocity"
"Kepler-755 b",0.01180000,3.75000000,1.26909037400,"Transit"
"Kepler-816 b",0.23400000,74.50000000,10.50682564600,"Transit"
"Kepler-791 b",0.03000000,9.53000000,14.55397590000,"Transit"
"Kepler-793 b",0.00771000,2.45000000,4.24153639000,"Transit"
"OGLE-2012-BLG-0950L b",0.11000000,35.00000000,,"Microlensing"
"HD 42618 b",0.04530724,14.40000000,149.61000000000,"Radial Velocity"
"Kepler-757 b",0.00761000,2.42000000,1.02267882100,"Transit"
"Kepler-759 b",0.01820000,5.77000000,41.80598500000,"Transit"
"Kepler-815 b",0.04980000,15.80000000,8.57503552000,"Transit"
"Kepler-790 b",0.01700000,5.39000000,13.73469807000,"Transit"
"Kepler-787 b",0.00687000,2.18000000,0.92831049800,"Transit"
"TYC 3667-1280-1 b",5.40000000,1716.28200000,26.46800000000,"Radial Velocity"
"Kepler-26 b",0.01610924,5.12000000,12.28000000000,"Transit"
"Kepler-760 b",0.03020000,9.59000000,8.70419416000,"Transit"
"Kepler-502 b",0.06410000,20.40000000,4.28686431000,"Transit"
"Kepler-812 b",0.03880000,12.30000000,10.11716531000,"Transit"
"Kepler-811 b",0.02440000,7.75000000,23.58447697000,"Transit"
"Kepler-484 b",0.01830000,5.82000000,10.04556931300,"Transit"
"Kepler-26 c",0.01950728,6.20000000,17.25590000000,"Transit"
"Kepler-474 b",0.03020000,9.59000000,5.66067293500,"Transit"
"Kepler-768 b",0.01210000,3.86000000,11.39100250000,"Transit"
"Kepler-810 b",0.01380000,4.38000000,4.59725385000,"Transit"
"Kepler-827 b",0.08490000,27.00000000,51.92927591000,"Transit"
"Kepler-458 c",0.05160000,16.40000000,20.74028413000,"Transit"
"Kepler-307 c",0.01145266,3.64000000,13.07290000000,"Transit"
"Kepler-500 b",0.02260000,7.18000000,8.50832439800,"Transit"
"Kepler-806 b",0.00489000,1.55000000,8.09219642000,"Transit"
"Kepler-831 b",0.00678000,2.15000000,5.62153941000,"Transit"
"Kepler-779 b",0.00227000,0.72100000,7.09714223000,"Transit"
"Kepler-803 b",0.04340000,13.80000000,50.28638192000,"Transit"
"Kepler-802 b",0.03860000,12.30000000,40.05874730000,"Transit"
"Kepler-830 b",0.01110000,3.53000000,11.29695137000,"Transit"
"Kepler-829 b",0.01600000,5.10000000,6.88337562000,"Transit"
"Kepler-477 b",0.01550000,4.94000000,11.11990653000,"Transit"
"Kepler-505 b",0.02290000,7.27000000,27.52197994000,"Transit"
"Kepler-499 b",0.01680000,5.35000000,5.63252845300,"Transit"
"HD 141399 b",0.45100000,143.34133000,94.44000000000,"Radial Velocity"
"HD 141399 c",1.33000000,422.71390000,201.99000000000,"Radial Velocity"
"Kepler-745 b",0.01670000,5.31000000,9.93143556000,"Transit"
"Kepler-848 b",0.01110000,3.53000000,6.91134416000,"Transit"
"Kepler-794 b",0.01600000,5.10000000,11.13125132000,"Transit"
"Kepler-796 b",0.00705000,2.24000000,6.40087618000,"Transit"
"HD 141399 e",0.66000000,209.76780000,5000.00000000000,"Radial Velocity"
"HD 108236 e",0.03060000,9.71000000,19.59002500000,"Transit"
"TOI-1233.01",0.02200000,6.98000000,14.17568500000,"Transit"
"2MASS J01033563-5515561 AB b",13.00000000,4131.79000000,,"Imaging"
"TOI-451 b",0.01478785,4.70000000,1.85870330000,"Transit"
"Kepler-753 b",0.01360000,4.31000000,5.74772501200,"Transit"
"Kepler-752 b",0.02610000,8.30000000,18.82747265000,"Transit"
"Kepler-846 b",0.02110000,6.71000000,19.80792185000,"Transit"
"Kepler-845 b",0.01520000,4.82000000,0.92785982100,"Transit"
"Kepler-771 b",0.01250000,3.97000000,8.73485836000,"Transit"
"Kepler-773 b",0.00829000,2.63000000,3.74910006100,"Transit"
"Kepler-844 b",0.01090000,3.46000000,2.61302085600,"Transit"
"Kepler-843 b",0.02270000,7.22000000,2.05387982100,"Transit"
"TOI-663 d",0.01636103,5.20000000,7.10272680000,"Transit"
"Kepler-767 b",0.11200000,35.70000000,161.52801010000,"Transit"
"Kepler-774 b",0.03200000,10.20000000,11.08957230000,"Transit"
"Kepler-841 b",0.07490000,23.80000000,124.41983980000,"Transit"
"Kepler-842 b",0.01000000,3.19000000,1.21956827000,"Transit"
"Kepler-839 b",0.02240000,7.13000000,37.81445140000,"Transit"
"HD 133131 A b",1.42000000,451.31860000,649.00000000000,"Radial Velocity"
"Kepler-770 b",0.01860000,5.90000000,18.92540274000,"Transit"
"Kepler-769 b",0.02790000,8.85000000,7.42608998000,"Transit"
"HD 133131 B b",2.50000000,794.57500000,5769.00000000000,"Radial Velocity"
"TOI-5082.01",0.02210000,7.03000000,4.24012200000,"Transit"
"Kepler-744 b",0.01020000,3.26000000,12.06222443000,"Transit"
"Kepler-765 b",0.02040000,6.48000000,27.66552260000,"Transit"
"Kepler-834 b",0.01490000,4.74000000,13.32388301000,"Transit"
"Kepler-832 b",0.01540000,4.90000000,7.13969410000,"Transit"
"TOI-4527.01",0.00217000,0.68900000,0.39944450000,"Transit"
"Kepler-912 b",0.02590000,8.25000000,2.53475627300,"Transit"
"Kepler-1017 b",0.01450000,4.62000000,7.23400469000,"Transit"
"Kepler-980 b",0.02390000,7.61000000,11.55102504000,"Transit"
"Kepler-983 b",0.01940000,6.17000000,60.08550820000,"Transit"
"Kepler-870 b",0.02560000,8.15000000,21.35876210000,"Transit"
"Kepler-869 b",0.03990000,12.70000000,40.42877550000,"Transit"
"Kepler-913 b",0.01540000,4.90000000,10.29672521000,"Transit"
"Kepler-910 b",0.00150000,0.47700000,2.36436901500,"Transit"
"Kepler-964 b",0.01620000,5.14000000,13.52251060000,"Transit"
"Kepler-866 b",0.01040000,3.29000000,2.61703253600,"Transit"
"Kepler-915 b",0.00899000,2.86000000,4.59489604000,"Transit"
"Kepler-914 b",0.00780000,2.48000000,4.40966548000,"Transit"
"Kepler-1051 b",0.03610000,11.50000000,25.96200249000,"Transit"
"Kepler-1058 b",0.02470000,7.85000000,110.96546000000,"Transit"
"Kepler-863 b",0.02750000,8.75000000,15.59461874000,"Transit"
"Kepler-923 b",0.00780000,2.48000000,6.93366476000,"Transit"
"Kepler-916 b",0.01180000,3.75000000,32.29687980000,"Transit"
"Kepler-950 b",0.18800000,59.60000000,98.71804060000,"Transit"
"Kepler-1029 b",0.00669000,2.13000000,4.41769647900,"Transit"
"Kepler-958 b",0.01540000,4.90000000,9.76788050000,"Transit"
"Kepler-861 b",0.01830000,5.82000000,3.94963137500,"Transit"
"Kepler-862 b",0.01740000,5.52000000,3.14866453400,"Transit"
"Kepler-927 b",0.01130000,3.61000000,9.11499030000,"Transit"
"Kepler-962 b",0.01430000,4.54000000,12.05707239000,"Transit"
"TOI-1855 b",1.13300000,360.09958513,1.36414864000,"Transit"
"Kepler-930 b",0.01630000,5.18000000,71.45177750000,"Transit"
"Kepler-929 b",0.00444000,1.41000000,0.92103213500,"Transit"
"Kepler-965 b",0.03570000,11.40000000,134.25272980000,"Transit"
"Kepler-979 b",0.02470000,7.85000000,8.08801350000,"Transit"
"Kepler-932 b",0.00771000,2.45000000,1.92143739600,"Transit"
"Kepler-931 b",0.00733000,2.33000000,8.03755877000,"Transit"
"Kepler-1006 b",0.00940000,2.99000000,19.76172042000,"Transit"
"Kepler-990 b",0.02290000,7.27000000,9.91723428000,"Transit"
"Kepler-892 b",0.02610000,8.30000000,13.75210720000,"Transit"
"Kepler-895 b",0.00940000,2.99000000,2.80624232800,"Transit"
"Kepler-507 b",0.01792452,5.69692195,3.56809692600,"Transit"
"Kepler-1027 b",0.00201000,0.64000000,1.90780519900,"Transit"
"Kepler-982 b",0.01790000,5.69000000,15.77382210000,"Transit"
"Kepler-897 b",0.01980000,6.30000000,8.04726420000,"Transit"
"Kepler-898 b",0.00889000,2.83000000,5.87061910000,"Transit"
"Kepler-938 b",0.01750000,5.56000000,52.62984170000,"Transit"
"Kepler-986 b",0.01940000,6.17000000,56.43499380000,"Transit"
"Kepler-978 b",0.02900000,9.22000000,49.62215090000,"Transit"
"Kepler-960 b",0.01840000,5.86000000,3.12686223000,"Transit"
"Kepler-976 b",0.04670000,14.90000000,105.95641480000,"Transit"
"Kepler-899 b",0.02410000,7.65000000,19.17891293000,"Transit"
"Kepler-1015 b",0.03880000,12.30000000,16.00494214000,"Transit"
"Kepler-1002 b",0.01120000,3.57000000,4.33642933100,"Transit"
"Kepler-889 b",0.00416000,1.32000000,3.74443900000,"Transit"
"Kepler-903 b",0.01480000,4.70000000,10.35077210000,"Transit"
"Kepler-904 b",0.01190000,3.78000000,3.02166863200,"Transit"
"Kepler-918 b",0.01160000,3.68000000,4.85386933000,"Transit"
"Kepler-920 b",0.02030000,6.44000000,6.53192704000,"Transit"
"Kepler-961 b",0.02210000,7.04000000,16.87727414000,"Transit"
"Kepler-972 b",0.06140000,19.50000000,7.03932553000,"Transit"
"Kepler-886 b",0.00920000,2.92000000,6.24146367000,"Transit"
"Kepler-885 b",0.02140000,6.80000000,18.11472949000,"Transit"
"Kepler-906 b",0.01600000,5.10000000,41.69799760000,"Transit"
"Kepler-466 c",0.00660000,2.10000000,3.70921384600,"Transit"
"Kepler-921 b",0.02710000,8.60000000,51.30063400000,"Transit"
"Kepler-943 b",0.09280000,29.50000000,49.77014380000,"Transit"
"Kepler-946 b",0.01380000,4.38000000,11.79162572000,"Transit"
"Kepler-1014 b",0.01980000,6.30000000,16.57110363000,"Transit"
"Kepler-852 b",0.02200000,6.99000000,44.93098040000,"Transit"
"Kepler-884 b",0.00642000,2.04000000,5.69919514000,"Transit"
"Kepler-529 c",0.01470000,4.66000000,12.83450220000,"Transit"
"Kepler-944 b",0.02330000,7.41000000,43.31677370000,"Transit"
"Kepler-942 b",0.01630000,5.18000000,44.96417488000,"Transit"
"Kepler-1010 b",0.01890000,5.99000000,34.26857050000,"Transit"
"Kepler-882 b",0.00642000,2.04000000,3.98953966600,"Transit"
"Kepler-255 d",0.00724000,2.30000000,1.04562265800,"Transit"
"Kepler-758 c",0.01100000,3.50000000,4.75793986000,"Transit"
"Kepler-1034 b",0.01800000,5.73000000,12.12400943000,"Transit"
"Kepler-1013 b",0.01660000,5.27000000,18.93054959000,"Transit"
"Kepler-1054 b",0.02330000,7.41000000,4.30655689000,"Transit"
"Kepler-760 c",0.00879000,2.79000000,2.46697439000,"Transit"
"Kepler-271 c",0.00254000,0.80900000,7.41086267000,"Transit"
"Kepler-967 b",0.01930000,6.12000000,13.22713379000,"Transit"
"Kepler-995 b",0.02440000,7.75000000,28.26731672000,"Transit"
"TOI-2368 b",0.65000000,206.58846455,5.17500730000,"Transit"
"Kepler-1033 b",0.02150000,6.85000000,7.56052806000,"Transit"
"Kepler-876 b",0.00829000,2.63000000,5.14438011000,"Transit"
"Kepler-875 b",0.02750000,8.75000000,27.50737990000,"Transit"
"Kepler-732 c",0.00678000,2.15000000,0.89304123600,"Transit"
"Kepler-1060 b",0.01970000,6.26000000,46.87793670000,"Transit"
"Kepler-1008 b",0.00687000,2.18000000,12.43931193000,"Transit"
"Kepler-1055 b",0.00642000,2.04000000,2.29503623300,"Transit"
"Kepler-1045 b",0.02420000,7.70000000,26.41045478000,"Transit"
"Kepler-872 b",0.01450000,4.62000000,2.57885506800,"Transit"
"Kepler-1071 b",0.01970000,6.26000000,6.17998440000,"Transit"
"Kepler-1139 b",0.00570000,1.81000000,0.81316671900,"Transit"
"Kepler-1180 b",0.01450000,4.62000000,16.86012860000,"Transit"
"Kepler-991 b",0.02200000,6.99000000,82.53425190000,"Transit"
"Kepler-1141 b",0.00150000,0.47700000,2.34451194400,"Transit"
"Kepler-1140 b",0.02550000,8.10000000,24.08627070000,"Transit"
"Kepler-1183 b",0.02630000,8.35000000,28.50571890000,"Transit"
"Kepler-1192 b",0.01940000,6.17000000,25.20347870000,"Transit"
"Kepler-1028 b",0.00733000,2.33000000,2.51462432000,"Transit"
"Kepler-1004 b",0.10200000,32.50000000,5.28789787000,"Transit"
"Kepler-1072 b",0.00982000,3.12000000,1.56906650200,"Transit"
"TOI-3919 b",3.88000000,1233.17421916,7.43323400000,"Transit"
"Kepler-1065 b",0.04220000,13.40000000,3.60930890700,"Transit"
"Kepler-1077 b",0.02550000,8.10000000,34.35118740000,"Transit"
"Kepler-1194 b",0.00909000,2.89000000,16.22371307000,"Transit"
"Kepler-1197 b",0.00660000,2.10000000,2.03231845000,"Transit"
"Kepler-1146 b",0.00642000,2.04000000,2.35226579700,"Transit"
"Kepler-1144 b",0.01450000,4.62000000,17.14647302000,"Transit"
"Kepler-1079 b",0.01040000,3.29000000,13.24503188000,"Transit"
"Kepler-1066 b",0.01940000,6.17000000,1.93155983900,"Transit"
"Kepler-1198 b",0.00869000,2.76000000,7.68477160000,"Transit"
"Kepler-1199 b",0.00505000,1.60000000,15.04471980000,"Transit"
"Kepler-968 b",0.01470000,4.66000000,3.69298372800,"Transit"
"Kepler-1047 b",0.01580000,5.02000000,56.18868870000,"Transit"
"Kepler-1148 b",0.01100000,3.50000000,1.10446350900,"Transit"
"Kepler-1147 b",0.02300000,7.32000000,10.62784997000,"Transit"
"Kepler-1081 b",0.00317000,1.01000000,3.85691854700,"Transit"
"Kepler-1062 b",0.01180000,3.75000000,9.30412078000,"Transit"
"Kepler-1063 b",0.00889000,2.83000000,14.07971466000,"Transit"
"Kepler-1064 b",0.00951000,3.02000000,16.54080322000,"Transit"
"Kepler-1084 b",0.00444000,1.41000000,2.05333679000,"Transit"
"Kepler-1087 b",0.00052000,0.16500000,0.69384285500,"Transit"
"Kepler-1207 b",0.01020000,3.26000000,13.68237119000,"Transit"
"Kepler-1209 b",0.00909000,2.89000000,25.36911600000,"Transit"
"Kepler-1114 b",0.00752000,2.39000000,14.97435694000,"Transit"
"Kepler-1115 b",0.01110000,3.53000000,23.55407250000,"Transit"
"Kepler-1154 b",0.01910000,6.08000000,5.18561420000,"Transit"
"Kepler-1089 b",0.01260000,4.01000000,5.13248561800,"Transit"
"Kepler-1216 b",0.00790000,2.51000000,4.37034536000,"Transit"
"Kepler-1215 b",0.00624000,1.98000000,4.76703963000,"Transit"
"Kepler-1117 b",0.00444000,1.41000000,4.79028459000,"Transit"
"Kepler-1156 b",0.00724000,2.30000000,11.89520511000,"Transit"
"Kepler-1092 b",0.01550000,4.94000000,58.60179250000,"Transit"
"Kepler-1093 b",0.01400000,4.46000000,25.08246260000,"Transit"
"Kepler-1210 b",0.01110000,3.53000000,8.07124073000,"Transit"
"Kepler-1212 b",0.01640000,5.22000000,12.94130146000,"Transit"
"Kepler-1120 b",0.00780000,2.48000000,2.94902905200,"Transit"
"Kepler-1159 b",0.01950000,6.21000000,22.70816791000,"Transit"
"Kepler-1160 b",0.01640000,5.22000000,7.97034958000,"Transit"
"Kepler-1096 b",0.00651000,2.07000000,2.89221750600,"Transit"
"Kepler-1094 b",0.03220000,10.20000000,78.10002310000,"Transit"
"Kepler-1214 b",0.01940000,6.17000000,18.82634264000,"Transit"
"Kepler-1122 b",0.01520000,4.82000000,42.19173570000,"Transit"
"Kepler-1124 b",0.00687000,2.18000000,2.85234897500,"Transit"
"Kepler-1161 b",0.01630000,5.18000000,10.71252541000,"Transit"
"Kepler-1097 b",0.03360000,10.70000000,187.74702900000,"Transit"
"Kepler-1098 b",0.00705000,2.24000000,2.54307285500,"Transit"
"Kepler-1046 b",0.01120000,3.57000000,14.37508035000,"Transit"
"TOI-4153 b",1.15000000,365.50266805,4.61741410000,"Transit"
"Kepler-1125 b",0.01270000,4.04000000,17.67006420000,"Transit"
"Kepler-1166 b",0.01100000,3.50000000,33.24068820000,"Transit"
"Kepler-1164 b",0.00459000,1.46000000,3.97599768000,"Transit"
"Kepler-1102 b",0.02380000,7.56000000,51.32856230000,"Transit"
"Kepler-1100 b",0.01170000,3.71000000,6.42200058000,"Transit"
"Kepler-1000 b",0.06390000,20.30000000,120.01812720000,"Transit"
"Kepler-1127 b",0.01420000,4.50000000,5.12330347000,"Transit"
"Kepler-1128 b",0.04070000,12.90000000,61.61781670000,"Transit"
"Kepler-1073 b",0.01860000,5.90000000,8.67888593000,"Transit"
"Kepler-1169 b",0.00245000,0.77900000,6.11009134000,"Transit"
"Kepler-1106 b",0.01060000,3.36000000,1.25275217400,"Transit"
"Kepler-1037 b",0.00687000,2.18000000,1.06378867300,"Transit"
"Kepler-1131 b",0.00993000,3.15000000,3.53232449000,"Transit"
"Kepler-1132 b",0.01930000,6.12000000,62.89162280000,"Transit"
"Kepler-480 b",0.02560000,8.15000000,4.91958379500,"Transit"
"Kepler-1108 b",0.00859000,2.73000000,4.51005748000,"Transit"
"Kepler-1109 b",0.01710000,5.43000000,37.64673840000,"Transit"
"Kepler-994 b",0.01000000,3.19000000,1.15116650600,"Transit"
"Kepler-1133 b",0.01430000,4.54000000,11.55562343000,"Transit"
"Kepler-1172 b",0.03250000,10.30000000,26.02044230000,"Transit"
"Kepler-1173 b",0.00201000,0.64000000,0.76985360000,"Transit"
"Kepler-1111 b",0.01470000,4.66000000,8.79617863000,"Transit"
"Kepler-1049 b",0.00254000,0.80900000,3.27346073600,"Transit"
"Kepler-1135 b",0.01280000,4.08000000,76.95785700000,"Transit"
"Kepler-478 b",0.02450000,7.80000000,13.22175760000,"Transit"
"Kepler-1175 b",0.02900000,9.22000000,37.94563000000,"Transit"
"Kepler-1174 b",0.00993000,3.15000000,6.89225223000,"Transit"
"Kepler-508 b",0.01050000,3.33000000,25.30889748000,"Transit"
"Kepler-954 b",0.01890000,5.99000000,16.78176602000,"Transit"
"Kepler-1050 b",0.01000000,3.19000000,15.37875460000,"Transit"
"Kepler-1136 b",0.01050000,3.33000000,2.36172432900,"Transit"
"Kepler-1177 b",0.01340000,4.27000000,106.24754700000,"Transit"
"Kepler-1075 b",0.00819000,2.60000000,1.52372816000,"Transit"
"Kepler-1186 b",0.01760000,5.60000000,16.07677615000,"Transit"
"Kepler-1188 b",0.01570000,4.98000000,17.13695430000,"Transit"
"Kepler-1001 b",0.03170000,10.10000000,14.30511983000,"Transit"
"Kepler-1277 b",0.01000000,3.19000000,40.83650120000,"Transit"
"Kepler-1276 b",0.00570000,1.81000000,12.57200950000,"Transit"
"Kepler-1323 b",0.00920000,2.92000000,0.92990667800,"Transit"
"Kepler-1322 b",0.01010000,3.22000000,0.96286738200,"Transit"
"Kepler-1368 b",0.01060000,3.36000000,0.67564948600,"Transit"
"Kepler-1236 b",0.01640000,5.22000000,31.05716180000,"Transit"
"Kepler-1280 b",0.01310000,4.16000000,66.55790570000,"Transit"
"Kepler-1279 b",0.01170000,3.71000000,23.47741010000,"Transit"
"Kepler-1281 b",0.01050000,3.33000000,3.11602791000,"Transit"
"Kepler-1327 b",0.01230000,3.89000000,14.88801098000,"Transit"
"Kepler-1325 b",0.02690000,8.55000000,33.87868380000,"Transit"
"Kepler-1372 b",0.00678000,2.15000000,1.31155556800,"Transit"
"Kepler-1239 b",0.02750000,8.75000000,5.19104016000,"Transit"
"Kepler-1283 b",0.01360000,4.31000000,12.94609780000,"Transit"
"Kepler-1330 b",0.01060000,3.36000000,10.10769068000,"Transit"
"Kepler-1373 b",0.00521000,1.65000000,1.29123275000,"Transit"
"Kepler-1374 b",0.01840000,5.86000000,10.65276707000,"Transit"
"Kepler-1287 b",0.00940000,2.99000000,11.47685909000,"Transit"
"Kepler-1333 b",0.02610000,8.30000000,109.64718420000,"Transit"
"Kepler-1332 b",0.00771000,2.45000000,11.87456832000,"Transit"
"Kepler-528 b",0.01570000,4.98000000,19.78297415000,"Transit"
"Kepler-1376 b",0.00364000,1.16000000,5.30880656000,"Transit"
"Kepler-1289 b",0.00920000,2.92000000,7.99019627000,"Transit"
"Kepler-1335 b",0.00849000,2.70000000,6.26406846000,"Transit"
"Kepler-1334 b",0.01840000,5.86000000,15.64591713000,"Transit"
"Kepler-1377 b",0.00660000,2.10000000,0.74092842200,"Transit"
"Kepler-1378 b",0.01720000,5.48000000,11.95398936000,"Transit"
"Kepler-1247 b",0.01900000,6.04000000,13.71220213000,"Transit"
"Kepler-520 b",0.01070000,3.39000000,19.67416124000,"Transit"
"Kepler-1291 b",0.01070000,3.39000000,8.63043276000,"Transit"
"Kepler-1292 b",0.01250000,3.97000000,3.27646405000,"Transit"
"Kepler-1337 b",0.02010000,6.39000000,24.40025490000,"Transit"
"Kepler-1381 b",0.01790000,5.69000000,25.38426860000,"Transit"
"Kepler-1248 b",0.00553000,1.76000000,7.46725407000,"Transit"
"Kepler-1251 b",0.01270000,4.04000000,45.09046430000,"Transit"
"Kepler-1293 b",0.00274000,0.87100000,5.57654784000,"Transit"
"Kepler-1341 b",0.02900000,9.22000000,132.99683220000,"Transit"
"Kepler-1342 b",0.01070000,3.39000000,2.21571035800,"Transit"
"Kepler-1388 b",0.02270000,7.22000000,12.28546030000,"Transit"
"Kepler-1252 b",0.01080000,3.43000000,15.05403290000,"Transit"
"Kepler-1253 b",0.00733000,2.33000000,68.88619150000,"Transit"
"Kepler-1295 b",0.00951000,3.02000000,3.81371974000,"Transit"
"Kepler-1344 b",0.01270000,4.04000000,4.76830490000,"Transit"
"Kepler-1343 b",0.01380000,4.38000000,3.35183158000,"Transit"
"Kepler-1379 b",0.00705000,2.24000000,0.88184114600,"Transit"
"Kepler-1382 b",0.01320000,4.19000000,16.35830550000,"Transit"
"Kepler-1256 b",0.00889000,2.83000000,12.41277540000,"Transit"
"Kepler-1254 b",0.00951000,3.02000000,9.99113313000,"Transit"
"Kepler-1347 b",0.00340000,1.08000000,14.00947528000,"Transit"
"Kepler-1346 b",0.00982000,3.12000000,3.40165668000,"Transit"
"Kepler-1386 b",0.00651000,2.07000000,6.73972381000,"Transit"
"Kepler-1259 b",0.00829000,2.63000000,0.66308525800,"Transit"
"Kepler-1257 b",0.00920000,2.92000000,2.66831376200,"Transit"
"Kepler-616 c",0.03630000,11.50000000,90.41135560000,"Transit"
"Kepler-1300 b",0.00771000,2.45000000,22.24190920000,"Transit"
"Kepler-1350 b",0.02170000,6.90000000,4.49686040000,"Transit"
"Kepler-1351 b",0.00065300,0.20800000,0.91614076800,"Transit"
"Kepler-516 b",0.08780000,27.90000000,24.85462415000,"Transit"
"Kepler-1217 b",0.01450000,4.62000000,2.03232507200,"Transit"
"Kepler-1218 b",0.00839000,2.67000000,22.92212660000,"Transit"
"Kepler-1261 b",0.01800000,5.73000000,48.43089910000,"Transit"
"Kepler-1263 b",0.00489000,1.55000000,4.55139967000,"Transit"
"Kepler-1303 b",0.00819000,2.60000000,7.56127224000,"Transit"
"Kepler-1305 b",0.01320000,4.19000000,13.56309720000,"Transit"
"Kepler-521 b",0.03220000,10.20000000,22.20813214000,"Transit"
"Kepler-1219 b",0.01620000,5.14000000,16.10467749000,"Transit"
"Kepler-1220 b",0.00920000,2.92000000,7.42693741000,"Transit"
"Kepler-1264 b",0.00553000,1.76000000,0.96852602300,"Transit"
"Kepler-1265 b",0.00752000,2.39000000,6.49441289000,"Transit"
"Kepler-1223 b",0.00624000,1.98000000,16.30125900000,"Transit"
"Kepler-1224 b",0.00733000,2.33000000,13.32351601000,"Transit"
"Kepler-1268 b",0.01500000,4.78000000,40.99039860000,"Transit"
"Kepler-1266 b",0.02260000,7.18000000,28.47474800000,"Transit"
"Kepler-1309 b",0.01950000,6.21000000,28.84326470000,"Transit"
"Kepler-517 b",0.02390000,7.61000000,60.92832271000,"Transit"
"Kepler-1358 b",0.00459000,1.46000000,7.06317341000,"Transit"
"Kepler-1359 b",0.02640000,8.40000000,59.49709520000,"Transit"
"Kepler-1225 b",0.01250000,3.97000000,7.01075434000,"Transit"
"Kepler-1270 b",0.03460000,11.00000000,6.03356196000,"Transit"
"Kepler-1314 b",0.07200000,22.90000000,5.42474928100,"Transit"
"Kepler-1362 b",0.02290000,7.27000000,136.20562600000,"Transit"
"Kepler-1363 b",0.00660000,2.10000000,2.94194094000,"Transit"
"Kepler-1227 b",0.01840000,5.86000000,94.28875770000,"Transit"
"Kepler-1228 b",0.00940000,2.99000000,0.57736957900,"Transit"
"Kepler-1316 b",0.03860000,12.30000000,87.97321360000,"Transit"
"Kepler-1318 b",0.03100000,9.85000000,213.25766300000,"Transit"
"Kepler-1364 b",0.01660000,5.27000000,13.32196237000,"Transit"
"Kepler-1366 b",0.00829000,2.63000000,2.16457096800,"Transit"
"Kepler-1231 b",0.00819000,2.60000000,10.41725184000,"Transit"
"Kepler-523 b",0.01420000,4.50000000,5.83598311100,"Transit"
"Kepler-1274 b",0.00819000,2.60000000,6.98152703000,"Transit"
"Kepler-1367 b",0.00227000,0.72100000,1.57409027200,"Transit"
"Kepler-1235 b",0.00131000,0.41800000,4.16055856000,"Transit"
"Kepler-1424 b",0.00521000,1.65000000,29.60917440000,"Transit"
"Kepler-1426 b",0.00961000,3.05000000,14.25632270000,"Transit"
"Kepler-556 b",0.01780000,5.65000000,11.72292176000,"Transit"
"Kepler-1586 b",0.00920000,2.92000000,15.60492120000,"Transit"
"Kepler-770 d",0.00800000,2.54000000,4.15244722000,"Transit"
"Kepler-783 b",0.00126000,0.39900000,4.29264638000,"Transit"
"Kepler-1427 b",0.00430000,1.37000000,0.96897237600,"Transit"
"Kepler-1428 b",0.01050000,3.33000000,10.67607169000,"Transit"
"Kepler-541 b",0.03540000,11.20000000,5.08005848000,"Transit"
"Kepler-1165 b",0.00951000,3.02000000,9.47852200000,"Transit"
"Kepler-1553 b",0.00505000,1.60000000,4.24261881000,"Transit"
"Kepler-1588 b",0.00114000,0.36300000,7.84931739000,"Transit"
"Kepler-1589 b",0.00416000,1.32000000,0.99166527400,"Transit"
"Kepler-1432 b",0.01750000,5.56000000,23.91090110000,"Transit"
"Kepler-1556 b",0.01420000,4.50000000,8.82713457000,"Transit"
"Kepler-1590 b",0.00489000,1.55000000,7.61760804000,"Transit"
"Kepler-398 d",0.00193000,0.61500000,6.83437001000,"Transit"
"Kepler-1321 c",0.02000000,6.35000000,2.22649108600,"Transit"
"Kepler-1433 b",0.00961000,3.05000000,4.13592271000,"Transit"
"Kepler-1557 b",0.00930000,2.96000000,3.74032496000,"Transit"
"Kepler-1178 b",0.00390000,1.24000000,31.80634000000,"Transit"
"Kepler-1592 b",0.00940000,2.99000000,3.05710069000,"Transit"
"Kepler-1365 c",0.00137000,0.43700000,4.77468005000,"Transit"
"Kepler-1370 c",0.00678000,2.15000000,7.44142113000,"Transit"
"Kepler-1336 c",0.01120000,3.57000000,5.77721211000,"Transit"
"Kepler-1558 b",0.00076800,0.24400000,3.50470358000,"Transit"
"Kepler-1594 b",0.00377000,1.20000000,2.71603809000,"Transit"
"Kepler-1595 b",0.00642000,2.04000000,4.56380468000,"Transit"
"Kepler-1388 c",0.01800000,5.73000000,5.53608151000,"Transit"
"Kepler-1439 b",0.00859000,2.73000000,8.07392849000,"Transit"
"Kepler-1438 b",0.00245000,0.77900000,2.31942009000,"Transit"
"Kepler-1440 b",0.00669000,2.13000000,39.85948400000,"Transit"
"Kepler-576 b",0.03380000,10.70000000,29.91136794000,"Transit"
"Kepler-1596 b",0.01340000,4.27000000,66.37337900000,"Transit"
"Kepler-577 b",0.02210000,7.04000000,25.69578251000,"Transit"
"Kepler-1393 b",0.00137000,0.43700000,2.44357812000,"Transit"
"Kepler-1394 b",0.00790000,2.51000000,3.93766373000,"Transit"
"Kepler-1441 b",0.00714000,2.27000000,39.44198390000,"Transit"
"Kepler-511 b",0.10400000,33.10000000,296.63786500000,"Transit"
"Kepler-1563 b",0.00109000,0.34700000,3.43276598000,"Transit"
"Kepler-1564 b",0.00869000,2.76000000,18.05403810000,"Transit"
"Kepler-1603 b",0.00696000,2.21000000,2.27163926000,"Transit"
"Kepler-1395 b",0.00137000,0.43700000,3.78470649000,"Transit"
"Kepler-1565 b",0.00570000,1.81000000,1.53818843700,"Transit"
"Kepler-1567 b",0.02490000,7.90000000,153.97957800000,"Transit"
"Kepler-1598 b",0.00254000,0.80900000,4.34195123000,"Transit"
"Kepler-1599 b",0.01020000,3.26000000,122.36355300000,"Transit"
"Kepler-1399 b",0.00660000,2.10000000,1.63865305800,"Transit"
"Kepler-684 b",0.03540000,11.20000000,6.77030200800,"Transit"
"Kepler-605 c",0.00178000,0.56600000,2.35895151500,"Transit"
"Kepler-1569 b",0.01090000,3.46000000,5.79180156000,"Transit"
"Kepler-687 b",0.03830000,12.20000000,20.50586978000,"Transit"
"Kepler-1597 b",0.00377000,1.20000000,2.94654179000,"Transit"
"Kepler-1402 b",0.00114000,0.36300000,2.03387914000,"Transit"
"Kepler-610 c",0.03430000,10.90000000,151.86392000000,"Transit"
"Kepler-1571 b",0.00920000,2.92000000,3.38555488000,"Transit"
"Kepler-1389 b",0.01190000,3.78000000,99.25309510000,"Transit"
"Kepler-1405 b",0.04670000,14.90000000,28.22741840000,"Transit"
"Kepler-1406 b",0.00430000,1.37000000,11.62905828000,"Transit"
"Kepler-625 c",0.00364000,1.16000000,4.16536510000,"Transit"
"Kepler-217 d",0.00724000,2.30000000,3.88689525000,"Transit"
"Kepler-1573 b",0.00588000,1.87000000,2.61575540000,"Transit"
"Kepler-1574 b",0.00696000,2.21000000,6.94243340000,"Transit"
"Kepler-758 d",0.01620000,5.14000000,20.49661970000,"Transit"
"Kepler-533 b",0.03570000,11.40000000,28.51120525000,"Transit"
"Kepler-1407 b",0.01790000,5.69000000,20.07115040000,"Transit"
"Kepler-653 c",0.00126000,0.39900000,0.90037647600,"Transit"
"Kepler-1541 b",0.00521000,1.65000000,8.40691199000,"Transit"
"Kepler-1245 c",0.00839000,2.67000000,2.93658468100,"Transit"
"Kepler-1050 c",0.00879000,2.79000000,21.12845690000,"Transit"
"Kepler-534 b",0.01780000,5.65000000,15.95994513000,"Transit"
"Kepler-1412 b",0.00157000,0.49800000,3.61460510000,"Transit"
"Kepler-1413 b",0.01250000,3.97000000,13.18296420000,"Transit"
"Kepler-1542 b",0.00114000,0.36300000,3.95116882000,"Transit"
"TOI-5301 b",3.72000000,1182.32167404,5.85885800000,"Transit"
"Kepler-536 b",0.03080000,9.80000000,1.82708229900,"Transit"
"Kepler-1414 b",0.00642000,2.04000000,3.51576315000,"Transit"
"Kepler-1415 b",0.00696000,2.21000000,0.63642408000,"Transit"
"Kepler-1545 b",0.02440000,7.75000000,163.69234900000,"Transit"
"Kepler-1254 d",0.00714000,2.27000000,5.72717226000,"Transit"
"Kepler-555 b",0.02640000,8.40000000,16.21775407000,"Transit"
"Kepler-245 e",5.68344415,1806.36000000,3.21982105600,"Transit"
"Kepler-1417 b",0.00306000,0.97200000,20.35052130000,"Transit"
"Kepler-1418 b",0.01070000,3.39000000,22.47644250000,"Transit"
"Kepler-1548 b",0.02350000,7.46000000,124.82867900000,"Transit"
"Kepler-1579 b",0.00164000,0.52000000,0.84990788900,"Transit"
"Kepler-903 c",0.02180000,6.94000000,62.92285570000,"Transit"
"Kepler-1419 b",0.02690000,8.55000000,42.52158950000,"Transit"
"Kepler-1154 c",0.01940000,6.17000000,8.45808312000,"Transit"
"Kepler-1583 b",0.00049000,0.15600000,9.32807355000,"Transit"
"Kepler-1582 b",0.00889000,2.83000000,4.83817712000,"Transit"
"Kepler-1584 b",0.01010000,3.22000000,13.39970990000,"Transit"
"Kepler-1469 b",0.02590000,8.25000000,21.86353010000,"Transit"
"Kepler-633 b",0.01040000,3.29000000,8.50340718000,"Transit"
"Kepler-1511 b",0.01090000,3.46000000,23.23827920000,"Transit"
"Kepler-1525 b",0.00218000,0.69300000,2.41660118300,"Transit"
"Kepler-1617 b",0.00588000,1.87000000,27.47855720000,"Transit"
"Kepler-1470 b",0.00390000,1.24000000,16.29509030000,"Transit"
"Kepler-132 e",0.00553000,1.76000000,110.28693740000,"Transit"
"Kepler-695 b",0.19600000,62.30000000,3.04033042400,"Transit"
"Kepler-704 b",0.02300000,7.32000000,3.76182115000,"Transit"
"Kepler-1527 b",0.06410000,20.40000000,160.12991800000,"Transit"
"Kepler-1618 b",0.00669000,2.13000000,6.10826019000,"Transit"
"Kepler-630 b",0.03220000,10.20000000,161.47439370000,"Transit"
"Kepler-1472 b",0.01340000,4.27000000,38.13128310000,"Transit"
"Kepler-622 b",0.01630000,5.18000000,14.28226676000,"Transit"
"Kepler-967 c",0.04070000,12.90000000,198.71125020000,"Transit"
"Kepler-154 e",0.00899000,2.86000000,3.93276465000,"Transit"
"Kepler-1529 b",0.01590000,5.06000000,5.33905686000,"Transit"
"Kepler-1090 b",0.01790000,5.69000000,198.68017900000,"Transit"
"Kepler-1619 b",0.00114000,0.36300000,23.62259130000,"Transit"
"Kepler-1477 b",0.00553000,1.76000000,11.55530021000,"Transit"
"Kepler-598 b",0.00899000,2.86000000,3.70175428000,"Transit"
"Kepler-1530 b",0.01050000,3.33000000,2.59044340000,"Transit"
"Kepler-1530 c",0.01060000,3.36000000,5.32274060000,"Transit"
"Kepler-692 b",0.03100000,9.85000000,21.81293494000,"Transit"
"Kepler-1622 b",0.00869000,2.76000000,10.81187370000,"Transit"
"Kepler-1479 b",0.01260000,4.01000000,14.53261362000,"Transit"
"Kepler-1480 b",0.01080000,3.43000000,22.12679948000,"Transit"
"Kepler-969 c",0.00295000,0.93700000,1.68293460400,"Transit"
"Kepler-990 c",0.00930000,2.96000000,0.53835430800,"Transit"
"Kepler-1093 c",0.01420000,4.50000000,89.72229200000,"Transit"
"Kepler-1531 b",0.00444000,1.41000000,1.13854337600,"Transit"
"Kepler-631 b",0.02750000,8.75000000,17.97979059000,"Transit"
"Kepler-1623 b",0.00714000,2.27000000,4.36128348000,"Transit"
"Kepler-1481 b",0.00642000,2.04000000,5.94220998000,"Transit"
"Kepler-1483 b",0.00920000,2.92000000,9.50851560000,"Transit"
"Kepler-636 b",0.05700000,18.10000000,16.08066114700,"Transit"
"Kepler-489 b",0.14500000,46.10000000,17.27629611900,"Transit"
"Kepler-1016 c",0.04130000,13.10000000,105.65513690000,"Transit"
"Kepler-705 b",0.01600000,5.10000000,56.05605380000,"Transit"
"Kepler-1536 b",0.03150000,10.00000000,364.75803100000,"Transit"
"Kepler-632 b",0.01740000,5.52000000,30.99660733000,"Transit"
"Kepler-545 b",0.02420000,7.70000000,13.24934059000,"Transit"
"Kepler-1486 b",0.01890000,5.99000000,54.64957590000,"Transit"
"Kepler-342 e",0.00193000,0.61500000,1.64422461300,"Transit"
"Kepler-582 b",0.04130000,13.10000000,18.49235668000,"Transit"
"Kepler-1409 b",0.00352000,1.12000000,0.76486492600,"Transit"
"Kepler-1444 b",0.01700000,5.39000000,33.42035034000,"Transit"
"Kepler-581 b",0.02330000,7.41000000,40.60698210000,"Transit"
"Kepler-1516 b",0.01170000,3.71000000,7.25931979000,"Transit"
"Kepler-600 b",0.02750000,8.75000000,23.67517607000,"Transit"
"Kepler-1537 b",0.00553000,1.76000000,1.44445379800,"Transit"
"Kepler-1447 b",0.02750000,8.75000000,56.67472850000,"Transit"
"Kepler-1488 b",0.01300000,4.12000000,39.81899320000,"Transit"
"WASP-156 b",0.13151751,41.80000000,3.83616230000,"Transit"
"Kepler-1538 b",0.02630000,8.35000000,175.13881900000,"Transit"
"Kepler-1448 b",0.01010000,3.22000000,12.27065865000,"Transit"
"Kepler-1493 b",0.00809000,2.57000000,15.02179830000,"Transit"
"Kepler-1519 b",0.12500000,39.60000000,240.79893970000,"Transit"
"Kepler-688 b",0.21600000,68.70000000,3.89593684400,"Transit"
"Kepler-1450 b",0.01120000,3.57000000,54.50941660000,"Transit"
"Kepler-1494 b",0.03030000,9.64000000,91.08048200000,"Transit"
"Kepler-1495 b",0.02820000,8.96000000,85.27325600000,"Transit"
"Kepler-1520 b",0.08850000,28.10000000,0.65355357200,"Transit"
"Kepler-637 b",0.06360000,20.20000000,23.20584623000,"Transit"
"Kepler-1607 b",0.00227000,0.72100000,13.64736760000,"Transit"
"Kepler-1496 b",0.01750000,5.56000000,64.65880170000,"Transit"
"Kepler-937 c",0.02390000,7.61000000,153.34336400000,"Transit"
"Kepler-1065 c",0.01000000,3.19000000,2.37030743000,"Transit"
"Kepler-1067 b",0.00137000,0.43700000,0.76212926100,"Transit"
"Kepler-578 b",0.01470000,4.66000000,1.61688369600,"Transit"
"Kepler-689 b",0.02740000,8.70000000,22.36656079000,"Transit"
"Kepler-1460 b",0.01420000,4.50000000,29.96332470000,"Transit"
"Kepler-1498 b",0.00733000,2.33000000,48.05140500000,"Transit"
"Kepler-1073 c",0.01050000,3.33000000,4.02582254000,"Transit"
"Kepler-701 b",0.02660000,8.45000000,10.35533177000,"Transit"
"Kepler-1611 b",0.00144000,0.45700000,5.17624290000,"Transit"
"Kepler-624 b",0.01870000,5.95000000,14.58649607000,"Transit"
"Kepler-1462 b",0.04400000,14.00000000,65.64883410000,"Transit"
"Kepler-1500 b",0.00588000,1.87000000,15.03301050000,"Transit"
"Kepler-1522 b",0.01150000,3.64000000,1.84788917100,"Transit"
"Kepler-625 b",0.01450000,4.62000000,7.75192492000,"Transit"
"Kepler-1612 b",0.00340000,1.08000000,3.91795101000,"Transit"
"Kepler-1464 b",0.01070000,3.39000000,31.77859010000,"Transit"
"Kepler-1464 c",0.00306000,0.97200000,5.32786292000,"Transit"
"Kepler-1504 b",0.01630000,5.18000000,82.30400300000,"Transit"
"Kepler-1505 b",0.00236000,0.74900000,30.86093660000,"Transit"
"Kepler-1523 b",0.00982000,3.12000000,0.93875077000,"Transit"
"Kepler-1085 b",0.13000000,41.20000000,219.32175280000,"Transit"
"Kepler-1613 b",0.01570000,4.98000000,1.51842990000,"Transit"
"Kepler-1614 b",0.00889000,2.83000000,3.94661410000,"Transit"
"Kepler-1468 b",0.01150000,3.64000000,8.23984869000,"Transit"
"Kepler-1507 b",0.00164000,0.52000000,16.05062130000,"Transit"
"Kepler-1509 b",0.01280000,4.08000000,25.43381970000,"Transit"
"Kepler-1086 c",0.02820000,8.96000000,161.51633450000,"Transit"
"Kepler-1524 b",0.03860000,12.30000000,70.96746030000,"Transit"
"Kepler-1616 b",0.00328000,1.04000000,6.76284377000,"Transit"
"Kepler-1645 b",0.01200000,3.82000000,16.17795610000,"Transit"
"Kepler-741 b",0.02870000,9.11000000,7.03902374000,"Transit"
"Kepler-564 b",0.06090000,19.40000000,3.75083228500,"Transit"
"Kepler-594 b",0.01700000,5.39000000,13.64618192000,"Transit"
"Kepler-154 d",0.04440000,14.10000000,20.54981883000,"Transit"
"Kepler-642 b",0.02750000,8.75000000,4.41745855000,"Transit"
"Kepler-643 b",1.01000000,321.00830000,16.33889626000,"Transit"
"Kepler-726 b",0.03360000,10.70000000,21.80451088000,"Transit"
"Kepler-1143 c",0.03980000,12.60000000,210.63059100000,"Transit"
"Kepler-148 d",0.17700000,56.30000000,51.84688575000,"Transit"
"Kepler-673 b",0.11000000,34.80000000,3.72873109300,"Transit"
"Kepler-674 b",0.01100000,3.50000000,2.24338184700,"Transit"
"Kepler-712 b",0.03630000,11.50000000,21.02247699000,"Transit"
"Kepler-1628 b",0.10600000,33.80000000,76.37803300000,"Transit"
"Kepler-1388 e",0.02080000,6.62000000,37.63270840000,"Transit"
"Kepler-655 b",0.02450000,7.80000000,46.40633580000,"Transit"
"Kepler-565 b",0.04050000,12.90000000,4.24374722600,"Transit"
"Kepler-676 b",0.02980000,9.48000000,11.59822172000,"Transit"
"Kepler-675 b",0.02050000,6.53000000,2.33743801000,"Transit"
"Kepler-1630 b",0.01710000,5.43000000,509.99740200000,"Transit"
"Kepler-1482 b",0.00317000,1.01000000,12.25383217000,"Transit"
"Kepler-587 b",0.01760000,5.60000000,10.94027841000,"Transit"
"Kepler-657 b",0.03830000,12.20000000,24.54350418000,"Transit"
"Kepler-483 b",0.03270000,10.40000000,30.22910400000,"Transit"
"Kepler-572 b",0.02260000,7.18000000,17.20523483000,"Transit"
"Kepler-714 b",0.21300000,67.60000000,8.09888798600,"Transit"
"Kepler-623 b",0.02930000,9.32000000,9.07097734000,"Transit"
"Kepler-658 b",0.01040000,3.29000000,1.28707676200,"Transit"
"Kepler-680 b",0.02030000,6.44000000,3.68992629100,"Transit"
"Kepler-1633 b",0.00982000,3.12000000,186.40427100000,"Transit"
"Kepler-605 b",0.00839000,2.67000000,3.38353806600,"Transit"
"Kepler-727 b",0.02180000,6.94000000,5.15448441700,"Transit"
"Kepler-588 b",0.02330000,7.41000000,4.22162535700,"Transit"
"Kepler-589 b",0.01820000,5.77000000,16.54964934000,"Transit"
"Kepler-573 b",0.02580000,8.20000000,22.18329658000,"Transit"
"Kepler-596 b",0.03720000,11.80000000,21.30022655000,"Transit"
"Kepler-715 b",0.04260000,13.50000000,10.00652995000,"Transit"
"Kepler-716 b",0.02750000,8.75000000,10.37168453000,"Transit"
"Kepler-1185 b",0.00733000,2.33000000,104.35189760000,"Transit"
"Kepler-660 b",0.02240000,7.13000000,9.27358194000,"Transit"
"Kepler-496 b",0.01890000,5.99000000,8.30864937000,"Transit"
"HD 63935 c",0.03492451,11.10000000,21.40270000000,"Radial Velocity"
"Kepler-1636 b",0.03310000,10.50000000,425.47785000000,"Transit"
"Kepler-561 b",0.12200000,38.70000000,58.36204950000,"Transit"
"Kepler-728 b",0.03500000,11.10000000,5.74347726500,"Transit"
"Kepler-566 b",0.01660000,5.27000000,18.42794624000,"Transit"
"Kepler-550 b",0.05630000,17.90000000,8.60010410900,"Transit"
"Kepler-574 b",0.01980000,6.30000000,7.65880414000,"Transit"
"Kepler-585 b",0.02640000,8.40000000,2.75235975300,"Transit"
"Kepler-611 b",0.01060000,3.36000000,2.43703330200,"Transit"
"Kepler-729 b",0.03940000,12.50000000,3.16635371400,"Transit"
"Kepler-662 b",0.01700000,5.39000000,21.67697486000,"Transit"
"Kepler-551 b",0.02490000,7.90000000,12.37646610000,"Transit"
"OGLE-2012-BLG-0724L b",0.47000000,150.00000000,,"Microlensing"
"Kepler-1638 b",0.01310000,4.16000000,259.33683000000,"Transit"
"Kepler-586 b",0.02580000,8.20000000,2.10472218400,"Transit"
"HIP 97166 c",0.02517081,8.00000000,16.43200000000,"Radial Velocity"
"TOI-1601 b",1.21763817,387.00000000,5.33175000000,"Transit"
"TOI-1444 b",0.01126394,3.58000000,0.47027430000,"Transit"
"Kepler-618 b",0.02290000,7.27000000,3.59576964500,"Transit"
"Kepler-601 b",0.01340000,4.27000000,5.37886844100,"Transit"
"Kepler-645 b",0.01590000,5.06000000,3.27582262100,"Transit"
"Kepler-719 b",0.17200000,54.50000000,5.00731777900,"Transit"
"Kepler-612 b",0.02660000,8.45000000,3.72215641300,"Transit"
"Kepler-590 b",0.04790000,15.20000000,5.85296257000,"Transit"
"Kepler-552 b",0.04650000,14.80000000,5.26341576500,"Transit"
"Kepler-1454 b",0.01320000,4.19000000,47.03194790000,"Transit"
"Kepler-460 c",0.08210000,26.10000000,220.13033570000,"Transit"
"Kepler-646 b",0.01450000,4.62000000,15.87364565000,"Transit"
"Kepler-735 b",0.02830000,9.01000000,11.51516988000,"Transit"
"Kepler-591 b",0.03590000,11.40000000,81.16942990000,"Transit"
"TOI-1842 b",0.28128386,89.40000000,9.57391810000,"Transit"
"HIP 97166 b",0.06009532,19.10000000,10.28891400000,"Transit"
"Kepler-602 b",0.01580000,5.02000000,15.28469497000,"Transit"
"Kepler-721 b",0.02350000,7.46000000,5.39202538800,"Transit"
"Kepler-722 b",0.02330000,7.41000000,4.09357325200,"Transit"
"Kepler-568 b",0.01800000,5.73000000,11.02347475000,"Transit"
"Kepler-569 b",0.03190000,10.10000000,34.18890521000,"Transit"
"TOI-1296 b",0.29984733,95.30000000,3.94437360000,"Transit"
"TOI-1298 b",0.31148883,99.00000000,4.53714300000,"Transit"
"Kepler-615 b",0.01160000,3.68000000,10.35584657000,"Transit"
"Kepler-593 b",0.02710000,8.60000000,21.21708973000,"Transit"
"Kepler-592 b",0.01980000,6.30000000,2.82019240800,"Transit"
"Kepler-709 b",0.02790000,8.85000000,16.08524954000,"Transit"
"Kepler-1625 b",0.09620000,30.60000000,287.37894900000,"Transit"
"Kepler-1642 b",0.03250000,10.30000000,12.20575130000,"Transit"
"Kepler-1642 c",0.02380000,7.56000000,6.65138020000,"Transit"
"Kepler-652 b",0.02130000,6.76000000,4.18200253100,"Transit"
"Kepler-737 b",0.01420000,4.50000000,28.59915399000,"Transit"
"Kepler-669 b",0.06550000,20.80000000,4.12554686900,"Transit"
"Kepler-558 b",0.01950000,6.21000000,29.00790538000,"Transit"
"Kepler-609 b",0.03520000,11.20000000,6.52121066600,"Transit"
"Kepler-724 b",0.03410000,10.80000000,3.31494633800,"Transit"
"Kepler-1646 b",0.00642000,2.04000000,4.48558383000,"Transit"
"Kepler-710 b",0.01320000,4.19000000,4.34728552700,"Transit"
"K2-88 b",0.00642000,2.04000000,4.61220000000,"Transit"
"K2-89 b",0.00053500,0.17000000,1.09602600000,"Transit"
"K2-116 b",0.00080900,0.25700000,4.65541100000,"Transit"
"K2-102 b",0.00705000,2.24000000,9.91561500000,"Transit"
"K2-5 b",0.01360000,4.31000000,5.73594000000,"Transit"
"K2-5 c",0.01800000,5.73000000,10.93241000000,"Transit"
"K2-91 b",0.00430000,1.37000000,1.41954900000,"Transit"
"K2-72 c",0.00521000,1.65000000,15.18903400000,"Transit"
"K2-16 b",0.01490000,4.74000000,7.61880000000,"Transit"
"K2-16 c",0.02200000,6.99000000,19.07863000000,"Transit"
"Kepler-223 e",0.01510241,4.80000000,19.72567000000,"Transit"
"Kepler-223 b",0.02328289,7.40000000,7.38449000000,"Transit"
"Kepler-223 d",0.02517069,8.00000000,14.78869000000,"Transit"
"K2-81 b",0.01430000,4.54000000,6.10232500000,"Transit"
"TOI-1451 b",0.04782455,15.20000000,16.53794400000,"Transit"
"TOI-2267 d",0.01190000,3.78000000,2.03446710000,"Transit"
"KMT-2024-BLG-2005L b",0.16000000,50.85254512,,"Microlensing"
"NGC 2682 YBP 1194 b",0.32000000,101.70560000,6.95900000000,"Radial Velocity"
"NGC 2682 YBP 1514 b",0.40000000,127.13200000,5.11800000000,"Radial Velocity"
"Kepler-80 d",0.02123777,6.75000000,3.07222000000,"Transit"
"GJ 1148 b",0.30425070,96.70000000,41.38000000000,"Radial Velocity"
"K2-90 c",0.00705000,2.24000000,2.90070600000,"Transit"
"GJ 1148 c",0.21413963,68.06000000,532.58000000000,"Radial Velocity"
"TOI-1753 b",0.05222944,16.60000000,5.38461040000,"Transit"
"HD 17674 b",0.87000000,276.51210000,623.80000000000,"Radial Velocity"
"HD 42012 b",1.60000000,508.52800000,857.50000000000,"Radial Velocity"
"TOI-1776 b",0.00440489,1.40000000,2.79986800000,"Transit"
"OGLE-2012-BLG-0026L b",0.14500000,46.10000000,,"Microlensing"
"Kepler-80 c",0.02120631,6.74000000,9.52355000000,"Transit"
"HD 6061 b",0.03146352,10.00000000,5.25490000000,"Transit"
"OGLE-2012-BLG-0026L c",0.86000000,270.00000000,,"Microlensing"
"TOI-1443 b",0.09439056,30.00000000,23.54067800000,"Transit"
"HD 59686 A b",6.92000000,2199.38360000,299.36000000000,"Radial Velocity"
"KIC 7917485 b",11.80000000,3750.39400000,840.00000000000,"Pulsation Timing Variations"
"OGLE-2013-BLG-1721L b",0.64000000,200.00000000,,"Microlensing"
"HD 34445 c",0.16800000,53.50000000,214.67000000000,"Radial Velocity"
"TOI-329 b",0.12711262,40.40000000,5.70439000000,"Transit"
"TOI-2518 b",0.01810000,5.77000000,6.89797425216,"Transit"
"K2-46 b",0.01530000,4.86000000,19.15410000000,"Transit"
"K2-42 b",0.01660000,5.27000000,6.68796000000,"Transit"
"HD 25463 c",0.01352931,4.30000000,3.04405000000,"Transit"
"HD 37124 c",0.65200000,207.22516000,885.50000000000,"Radial Velocity"
"HD 87646 b",12.40000000,3941.09200000,13.48100000000,"Radial Velocity"
"HD 34445 g",0.38000000,120.60000000,5700.00000000000,"Radial Velocity"
"Wolf 1061 c",0.01072901,3.41000000,17.87190000000,"Radial Velocity"
"K2-47 b",0.01330000,4.23000000,31.63720000000,"Transit"
"K2-48 b",0.01780000,5.65000000,20.50650000000,"Transit"
"MXB 1658-298 b",23.70000000,7532.57100000,760.00000000000,"Eclipse Timing Variations"
"K2-290 b",0.03429506,10.90000000,9.21165000000,"Transit"
"TOI-1279 b",0.03335133,10.60000000,9.61419000000,"Transit"
"NGC 2682 Sand 978 b",2.18000000,692.86940000,511.21000000000,"Radial Velocity"
"GJ 3293 b",0.07406475,23.54000000,30.59870000000,"Radial Velocity"
"K2-50 b",0.00993000,3.15000000,8.75290000000,"Transit"
"K2-49 b",0.01380000,4.38000000,2.77065000000,"Transit"
"HD 219134 d",0.05087625,16.17000000,46.85900000000,"Radial Velocity"
"HD 219134 g",0.03400000,10.80622000,94.20000000000,"Radial Velocity"
"HD 15337 b",0.02051107,6.51900000,4.75598040000,"Transit"
"HAT-P-67 b",0.45000000,143.02278315,4.81010690000,"Transit"
"Kepler-1652 b",0.01000000,3.19000000,38.09722000000,"Transit"
"GJ 3293 c",0.06635623,21.09000000,122.61960000000,"Radial Velocity"
"K2-58 d",0.01120000,3.57000000,22.88270000000,"Transit"
"K2-59 c",0.01860000,5.90000000,11.29540000000,"Transit"
"HD 9174 b",1.11000000,352.79130000,1179.00000000000,"Radial Velocity"
"K2-63 c",0.04550000,14.50000000,25.45560000000,"Transit"
"K2-63 b",0.03290000,10.50000000,20.25700000000,"Transit"
"CoRoT-32 b",0.15000000,47.67450000,6.71837000000,"Transit"
"HD 221585 b",1.61000000,511.70630000,1173.00000000000,"Radial Velocity"
"Kepler-539 c",2.40000000,762.79200000,1000.00000000000,"Transit Timing Variations"
"K2-64 b",0.01550000,4.94000000,6.53044000000,"Transit"
"K2-68 b",0.00982000,3.12000000,8.05428000000,"Transit"
"K2-21 b",0.01270000,4.04000000,9.32503800000,"Transit"
"Kepler-1647 b",1.51968033,483.00000000,1107.59230000000,"Transit"
"K2-70 b",0.02740000,8.70000000,13.97896000000,"Transit"
"K2-71 b",0.01660000,5.27000000,6.98541000000,"Transit"
"K2-118 b",0.02200000,6.99000000,50.92092000000,"Transit"
"TOI-1669 b",0.60095321,191.00000000,500.00000000000,"Radial Velocity"
"TOI-2379 b",5.76000000,1830.69162432,5.46938270000,"Transit"
"TOI-2384 b",1.96600000,624.85064816,2.13570304000,"Transit"
"TOI-1011 b",0.01271126,4.04000000,2.47049800000,"Transit"
"K2-74 b",0.01870000,5.95000000,19.56660000000,"Transit"
"K2-75 b",0.02390000,7.61000000,7.81420000000,"Transit"
"K2-125 b",0.01700000,5.39000000,21.75026400000,"Transit"
"TOI-2485 b",2.41200000,766.60211768,11.23479000000,"Transit"
"TOI-2420 b",0.92700000,294.62693329,5.84264100000,"Transit"
"K2-83 b",0.00654000,2.08000000,2.74697000000,"Transit"
"K2-130 b",0.00660000,2.10000000,2.49412000000,"Transit"
"TOI-421 c",0.04436356,14.10000000,16.06754100000,"Transit"
"MOA-2010-BLG-353L b",0.27000000,86.00000000,,"Microlensing"
"K2-84 b",0.02010000,6.39000000,6.42150000000,"Transit"
"K2-84 c",0.01500000,4.78000000,27.86000000000,"Transit"
"K2-35 b",0.00724000,2.30000000,2.39996400000,"Transit"
"HD 86950 b",3.60000000,1144.18800000,1270.00000000000,"Radial Velocity"
"K2-33 b",3.70000000,1175.97100000,5.42486500000,"Transit"
"K2-161 b",0.09780000,31.10000000,9.28318800000,"Transit"
"K2-160 b",0.03220000,10.20000000,3.70587100000,"Transit"
"HD 215152 d",2.42400000,770.41605857,10.86499000000,"Radial Velocity"
"TOI-1173 b",0.08621004,27.40000000,7.06466000000,"Transit"
"BD+60 1417 b",15.00000000,4767.42610500,,"Imaging"
"HD 103197 b",0.09000000,28.60470000,47.84000000000,"Radial Velocity"
"HD 109246 b",0.86000000,273.33380000,68.27000000000,"Radial Velocity"
"OGLE-2016-BLG-1195L b",0.00450000,1.43000000,,"Microlensing"
"Kepler-1650 b",0.00264000,0.84000000,1.53818001000,"Transit"
"HD 183579 b",0.06418558,20.40000000,17.47129100000,"Transit"
"Kepler-1654 b",0.50000000,158.91500000,1047.83560000000,"Transit"
"HD 121504 b",1.51000000,479.92330000,63.33000000000,"Radial Velocity"
"TOI-1824 b",0.05034163,16.00000000,22.80853300000,"Transit"
"BD+03 2562 b",6.40000000,2034.11200000,481.90000000000,"Radial Velocity"
"K2-186 b",0.03210000,10.20000000,41.47421900000,"Transit"
"K2-190 c",0.00421000,1.34000000,21.57402300000,"Transit"
"TOI-712 c",0.02440000,7.76000000,51.69906000000,"Transit"
"K2-231 b",0.02140000,6.80000000,13.84190100000,"Transit"
"HD 134987 b",1.61000000,511.70630000,258.17999000000,"Radial Velocity"
"HD 137388 b",0.20000000,63.56600000,330.00000000000,"Radial Velocity"
"HD 177565 b",0.04750967,15.10000000,44.50500000000,"Radial Velocity"
"K2-195 c",0.02250000,7.16000000,28.48278600000,"Transit"
"K2-201 b",0.00800000,2.54000000,1.05979000000,"Transit"
"TOI-2768 b",0.02330000,7.41000000,1.50801000000,"Transit"
"TOI-5319 b",0.02640000,8.40000000,4.07853000000,"Transit"
"OGLE-2017-BLG-1522L b",0.75000000,240.00000000,,"Microlensing"
"HD 13931 b",2.80000000,889.91953960,4218.00000000000,"Radial Velocity"
"HD 142245 b",3.07000000,975.73810000,1299.00000000000,"Radial Velocity"
"HIP 65426 b",9.00000000,2860.47000000,,"Imaging"
"Ross 128 b",0.00440487,1.40000000,9.86580000000,"Radial Velocity"
"K2-201 c",0.03400000,10.80000000,22.77987800000,"Transit"
"K2-202 b",0.01860000,5.91000000,3.40516400000,"Transit"
"K2-321 b",0.01530000,4.86000000,2.29797490000,"Transit"
"GJ 486 b",0.00871539,2.77000000,1.46712127000,"Radial Velocity"
"HD 142415 b",1.67000000,530.77610000,386.29999000000,"Radial Velocity"
"HD 111591 b",4.40000000,1398.45200000,1056.40000000000,"Radial Velocity"
"OGLE-2016-BLG-1190L b",13.38000000,4253.00000000,1220.00000000000,"Microlensing"
"K2-206 b",0.02590000,8.22000000,18.29454900000,"Transit"
"K2-207 b",0.02300000,7.30000000,12.48749000000,"Transit"
"TOI-6651 b",0.19192746,61.00000000,5.05697300000,"Transit"
"HD 16141 b",0.26000000,82.63580000,75.52300000000,"Radial Velocity"
"HD 162020 b",9.84000000,3127.44720000,8.42820000000,"Radial Velocity"
"OGLE-2016-BLG-0613L AB b",4.18000000,1330.00000000,,"Microlensing"
"CoRoT-9 b",0.84000000,266.97720000,95.27265600000,"Transit"
"K2-209 b",0.00184000,0.58600000,2.08061500000,"Transit"
"16 Cyg B b",1.78000000,565.73740000,798.50000000000,"Radial Velocity"
"Kepler-80 g",0.00020451,0.06500000,14.64558000000,"Transit"
"K2-218 b",0.02240000,7.13000000,8.67988500000,"Transit"
"K2-219 b",0.00750000,2.38000000,3.90128700000,"Transit"
"HD 215152 b",1.77900000,565.41673605,5.75999000000,"Radial Velocity"
"K2-219 c",0.00837000,2.66000000,6.66767000000,"Transit"
"K2-219 d",0.02250000,7.16000000,11.13727800000,"Transit"
"GJ 86 b",4.42000000,1404.80860000,15.76491000000,"Radial Velocity"
"TOI-6002 b",0.01060000,3.36000000,10.90482100000,"Transit"
"GJ 3138 b",0.00560048,1.78000000,1.22003000000,"Radial Velocity"
"HD 7924 c",5.54600000,1762.67634522,15.29900000000,"Radial Velocity"
"BD-06 1339 c",0.17000000,53.00000000,125.94000000000,"Radial Velocity"
"HIP 65891 b",5.88800000,1871.37366042,1079.55726000000,"Radial Velocity"
"K2-227 b",0.01070000,3.41000000,13.62183200000,"Transit"
"K2-80 d",0.02220000,7.04000000,28.86725300000,"Transit"
"K2-260 b",1.72000000,546.66486004,2.62669762000,"Transit"
"K2-261 b",0.21700000,68.96876432,11.63346810000,"Transit"
"TOI-1883 b",0.08540000,27.20000000,4.50638000000,"Transit"
"GJ 3323 b",0.00635560,2.02000000,5.36360000000,"Radial Velocity"
"GJ 3138 d",0.03303653,10.50000000,257.80000000000,"Radial Velocity"
"GJ 3323 c",0.00726804,2.31000000,40.54000000000,"Radial Velocity"
"TOI-1230.01",0.03320000,10.60000000,25.05713123288,"Transit"
"Kepler-289 c",0.49000000,157.18000000,125.87230000000,"Transit"
"K2-170 c",0.01230000,3.90000000,12.40004700000,"Transit"
"K2-164 b",0.03340000,10.60000000,17.35506600000,"Transit"
"GJ 273 b",0.00909291,2.89000000,18.64980000000,"Radial Velocity"
"HD 238914 b",6.00000000,1906.98000000,4100.00000000000,"Radial Velocity"
"K2-170 b",0.00817000,2.60000000,7.57654400000,"Transit"
"K2-171 b",0.02420000,7.69000000,5.62846600000,"Transit"
"K2-77 b",1.90000000,603.87700000,8.20008440000,"Transit"
"K2-180 b",0.03590000,11.41003981,8.86566300000,"Transit"
"GJ 3293 e",0.01031998,3.28000000,13.25430000000,"Radial Velocity"
"GJ 3293 d",0.02391215,7.60000000,48.13450000000,"Radial Velocity"
"TYC 3318-01333-1 b",3.42000000,1086.97860000,562.00000000000,"Radial Velocity"
"K2-172 b",0.01070000,3.42000000,14.31694100000,"Transit"
"K2-172 c",0.03260000,10.40000000,29.62682000000,"Transit"
"HD 101581 c",0.00295000,0.93700000,6.20401000000,"Transit"
"K2-182 b",0.06600000,20.97667486,4.73696960000,"Transit"
"K2-97 b",0.54900000,174.48779544,8.40711500000,"Transit"
"K2-148 d",0.01050000,3.33000000,9.75790000000,"Transit"
"K2-148 b",0.00733000,2.33000000,4.38395000000,"Transit"
"K2-191 b",0.00981000,3.12000000,2.85864600000,"Transit"
"HD 102117 b",0.17000000,54.03110000,20.81330000000,"Radial Velocity"
"Kepler-150 f",0.04050000,12.90000000,637.20930000000,"Transit"
"K2-98 b",0.10700000,34.00763955,10.13673490000,"Transit"
"K2-114 b",2.01000000,638.83509807,11.39093100000,"Transit"
"HD 40307 g",0.02230000,7.10000000,197.80000000000,"Radial Velocity"
"HIP 57274 b",10.57000000,3359.44626199,8.13520000000,"Radial Velocity"
"K2-179 b",0.02160000,6.86000000,5.17219100000,"Transit"
"HD 102195 b",0.41000000,130.31030000,4.11377000000,"Radial Velocity"
"HD 102329 b",8.16000000,2593.49280000,778.09998000000,"Radial Velocity"
"K2-277 b",0.02328300,7.40000000,6.32676800000,"Transit"
"IRAS 04125+2902 b",0.25400000,80.80000000,8.83497800000,"Transit"
"K2-246 b",0.03770000,12.00000000,5.76918000000,"Transit"
"HD 240237 b",15.89000000,5050.31870000,745.70001000000,"Radial Velocity"
"HD 2638 b",0.42000000,133.48860000,3.44420000000,"Radial Velocity"
"K2-247 b",0.01620000,5.14000000,2.25021000000,"Transit"
"HD 290327 b",2.43000000,772.32690000,2443.00000000000,"Radial Velocity"
"HD 31253 b",0.62000000,197.05460000,466.00000000000,"Radial Velocity"
"HD 77338 b",0.05000000,15.90000000,5.73610000000,"Radial Velocity"
"K2-249 b",0.02580000,8.20000000,12.40900000000,"Transit"
"K2-248 b",0.02240000,7.13000000,7.17256000000,"Transit"
"K2-251 b",0.01930000,6.12000000,9.30075000000,"Transit"
"K2-252 b",0.01160000,3.68000000,13.81513000000,"Transit"
"K2-385 b",0.00939000,2.98000000,2.38086700000,"Transit"
"GJ 143 b",0.07142183,22.70000000,35.61253000000,"Transit"
"K2-254 c",0.01710000,5.43000000,12.11839000000,"Transit"
"HD 5891 b",7.63000000,2425.04290000,177.11000000000,"Radial Velocity"
"HD 6434 b",0.49000000,155.73670000,21.99800000000,"Radial Velocity"
"K2-239 c",0.00306000,0.97200000,7.77500000000,"Transit"
"K2-257 b",0.00157000,0.49800000,1.60588000000,"Transit"
"K2-258 b",0.02920000,9.27000000,19.09210000000,"Transit"
"IC 4651 9122 b",6.30000000,2002.32900000,734.00000000000,"Radial Velocity"
"K2-240 c",0.01230000,3.89000000,20.52300000000,"Transit"
"K2-240 b",0.01470000,4.66000000,6.03400000000,"Transit"
"OGLE-2017-BLG-0482L b",0.02800000,9.00000000,,"Microlensing"
"Kepler-289 e",0.05474652,17.40000000,330.07160000000,"Transit"
"HD 75289 b",0.49000000,155.73670000,3.50927000000,"Radial Velocity"
"HD 76700 b",0.21000000,66.74430000,3.97097000000,"Radial Velocity"
"K2-381 b",0.00396000,1.26000000,7.93893340000,"Transit"
"TOI-2285 b",0.06135386,19.50000000,13.63510900000,"Transit"
"HD 222155 b",1.83000000,581.62598481,3999.00000000000,"Radial Velocity"
"OGLE-2014-BLG-1722L c",0.26300000,83.70000000,,"Microlensing"
"K2-244 b",0.01170000,3.71000000,21.06884000000,"Transit"
"K2-158 b",0.02350000,7.46000000,10.06049000000,"Transit"
"TOI-7041 b",0.36000000,114.41822652,9.69100000000,"Transit"
"HD 89307 b",2.02000000,642.01338214,2166.00000000000,"Radial Velocity"
"HD 96127 b",20.96000000,6661.71680000,647.29999000000,"Radial Velocity"
"K2-159 b",0.01800000,5.73000000,12.42205000000,"Transit"
"HD 1690 b",8.79000000,2793.72570000,533.00000000000,"Radial Velocity"
"TOI-1803 c",0.02517081,8.00000000,12.88577900000,"Transit"
"TOI-1803 b",0.03247035,10.32000000,6.29328700000,"Transit"
"K2-166 b",0.01710000,5.43000000,8.52695000000,"Transit"
"HD 171028 b",2.62000000,832.71460000,550.00000000000,"Radial Velocity"
"HD 17092 b",10.13000000,3219.61790000,359.89999000000,"Radial Velocity"
"HAT-P-11 b",0.07870000,25.00000000,4.88800000000,"Transit"
"HAT-P-11 c",2.68000000,851.78013076,3361.00000000000,"Radial Velocity"
"HR 858 c",0.01195614,3.80000000,5.97386500000,"Transit"
"K2-224 c",0.02010000,6.39000000,10.09489000000,"Transit"
"TOI-2328 b",0.16000000,50.85254512,17.10197000000,"Transit"
"K2-263 b",0.04845382,15.40000000,50.81917200000,"Transit"
"K2-381 d",0.01100000,3.50000000,26.80302300000,"Transit"
"HD 285507 b",0.98000000,311.47340000,6.08810000000,"Radial Velocity"
"K2-230 b",0.01420000,4.50000000,2.86041000000,"Transit"
"K2-229 c",0.02202446,7.00000000,8.32727000000,"Transit"
"K2-259 b",0.01890000,5.99000000,15.48043000000,"Transit"
"HD 192263 b",0.56000000,177.98480000,24.35560000000,"Radial Velocity"
"TOI-677 b",1.23400000,392.20025424,11.23659850000,"Transit"
"HD 95127 b",10.63000000,3378.53290000,482.00000000000,"Radial Velocity"
"HD 216536 b",1.05000000,333.72150000,148.60001000000,"Radial Velocity"
"HD 210277 b",1.29000000,410.00070000,442.19000000000,"Radial Velocity"
"ups And b",0.68760000,218.53100000,4.61703300000,"Radial Velocity"
"HR 810 b",6.20000000,1970.53612340,302.79999000000,"Radial Velocity"
"K2-241 b",0.02210000,7.04000000,26.81990000000,"Transit"
"HD 141937 b",27.42000000,8714.85491994,653.21997000000,"Radial Velocity"
"HD 212301 b",0.51000000,162.09330000,2.24571000000,"Radial Velocity"
"CoRoT-5 b",0.46700000,148.42000000,4.03789620000,"Transit"
"K2-242 b",0.02200000,6.99000000,6.51389000000,"Transit"
"HD 218566 b",0.20000000,63.56600000,225.70000000000,"Radial Velocity"
"MOA-2016-BLG-319L b",0.62000000,200.00000000,,"Microlensing"
"HD 99706 c",5.69000000,1808.45270000,1278.00000000000,"Radial Velocity"
"KMT-2025-BLG-0121L b",7.77000000,2469.52672239,,"Microlensing"
"TOI-5027 b",2.02000000,642.01338214,10.24368000000,"Transit"
"HD 134060 b",0.03180000,10.10000000,3.26960000000,"Radial Velocity"
"K2-269 b",0.00972000,3.09000000,4.14496500000,"Transit"
"K2-270 c",0.02830000,9.01000000,4.40002800000,"Transit"
"HD 116029 c",1.27000000,403.64410000,907.00000000000,"Radial Velocity"
"KOI-3680 b",1.93000000,613.41190000,141.24167100000,"Transit"
"K2-383 b",0.00965000,3.07000000,1.86596200000,"Transit"
"EPIC 229004835 b",0.03272206,10.40000000,16.14113200000,"Transit"
"HD 20003 c",0.04540000,14.44000000,33.92390000000,"Radial Velocity"
"HD 20781 b",0.00610000,1.93000000,5.31350000000,"Radial Velocity"
"K2-348 c",0.02390000,7.61000000,12.55017100000,"Transit"
"GJ 3779 b",0.02517069,8.00000000,3.02320000000,"Radial Velocity"
"HD 21693 b",0.02590000,8.23000000,22.67860000000,"Radial Velocity"
"HD 21693 c",0.05470000,17.37000000,53.73570000000,"Radial Velocity"
"K2-123 b",0.02530000,8.05000000,30.95152400000,"Transit"
"70 Vir b",7.49000000,2380.45000000,116.68800000000,"Radial Velocity"
"K2-24 b",0.05978039,19.00000000,20.88977000000,"Transit"
"K2-276 b",0.04300000,13.70000000,18.71826900000,"Transit"
"HD 108863 b",2.41400000,767.24162000,437.70000000000,"Radial Velocity"
"K2-286 b",0.01590000,5.06000000,27.35900000000,"Transit"
"HD 51608 b",0.04020000,12.77000000,14.07260000000,"Radial Velocity"
"HD 51608 c",0.04500000,14.31000000,95.94460000000,"Radial Velocity"
"K2-278 b",0.02880000,9.17000000,3.33496600000,"Transit"
"HD 159868 b",2.21800000,704.94694000,1184.10000000000,"Radial Velocity"
"HD 1502 b",2.75000000,874.03250000,428.50000000000,"Radial Velocity"
"TOI-6695 b",0.21000000,66.74396547,80.38900000000,"Transit"
"HD 20781 e",0.04420000,14.03000000,85.50730000000,"Radial Velocity"
"HD 45184 c",0.02770000,8.81000000,13.13540000000,"Radial Velocity"
"PSR J2322-2650 b",0.79490000,252.64306700,0.32296399700,"Pulsar Timing"
"HD 163607 c",2.20100000,699.54383000,1272.00000000000,"Radial Velocity"
"HD 175541 b",0.59800000,190.06234000,298.43000000000,"Radial Velocity"
"K2-343 c",0.01490000,4.74000000,7.67697200000,"Transit"
"Kepler-21 b",0.02359764,7.50000000,2.78582120000,"Transit"
"HD 73344 b",0.03297377,10.48000000,15.61100000000,"Transit"
"K2-368 c",0.00762000,2.42000000,9.66018600000,"Transit"
"K2-195 b",0.03130000,9.96000000,15.85297500000,"Transit"
"HD 185269 b",1.01000000,321.00830000,6.83776000000,"Radial Velocity"
"HD 20781 d",0.03340000,10.61000000,29.15800000000,"Radial Velocity"
"K2-279 b",0.00606000,1.92000000,7.12260500000,"Transit"
"HD 200964 b",1.59900000,508.21017000,606.30000000000,"Radial Velocity"
"HD 202696 b",1.99600000,634.38868000,517.80000000000,"Radial Velocity"
"K2-344 b",0.00993000,3.15000000,3.35585000000,"Transit"
"MASCARA-4 b",1.67500000,532.36258173,2.82409320000,"Transit"
"KMT-2016-BLG-1107L b",3.28300000,1043.00000000,,"Microlensing"
"K2-264 b",0.01760000,5.61000000,5.84000200000,"Transit"
"K2-379 b",0.01700000,5.40000000,8.77724700000,"Transit"
"Kepler-730 b",,,6.49168280800,"Transit"
"HD 202696 c",1.86400000,592.43512000,946.60000000000,"Radial Velocity"
"Kepler-730 c",0.00971000,3.09000000,2.85188338000,"Transit"
"HD 73534 b",1.11200000,353.42696000,1750.00000000000,"Radial Velocity"
"HD 88133 b",1.02000000,324.18660000,3.41488400000,"Radial Velocity"
"K2-270 b",0.00780000,2.48000000,1.54306900000,"Transit"
"OGLE-2011-BLG-0173L b",0.19000000,60.00000000,,"Microlensing"
"HD 96167 b",0.71700000,227.88411000,498.04000000000,"Radial Velocity"
"HD 95089 b",1.26000000,400.46580000,464.40000000000,"Radial Velocity"
"LHS 1903 e",0.01821738,5.79000000,29.31773000000,"Transit"
"KMT-2024-BLG-2087L b",4.39000000,1395.26670673,,"Microlensing"
"HD 5319 c",1.05300000,334.67499000,872.20000000000,"Radial Velocity"
"K2-52 b",,,3.53505500000,"Transit"
"K2-281 b",0.16000000,50.90000000,8.68772100000,"Transit"
"K2-283 b",0.03830000,12.20000000,1.92103600000,"Transit"
"WASP-104 b",1.27200000,404.26300000,1.75541370000,"Transit"
"47 UMa b",2.53000000,804.08000000,1078.00000000000,"Radial Velocity"
"HD 75784 c",5.64000000,1792.56120000,7900.00000000000,"Radial Velocity"
"K2-53 b",0.02290000,7.27000000,12.20772000000,"Transit"
"K2-343 b",0.01060000,3.36000000,2.78717400000,"Transit"
"GJ 96 b",0.06185697,19.66000000,73.94000000000,"Radial Velocity"
"OGLE-2015-BLG-0954L b",3.40000000,1100.00000000,,"Microlensing"
"HD 14787 b",1.12100000,356.28743000,676.60000000000,"Radial Velocity"
"HD 18015 b",3.30000000,1048.83374310,2278.00000000000,"Radial Velocity"
"K2-90 b",0.02290000,7.27000000,13.73331400000,"Transit"
"TOI-1201 b",0.01975909,6.28000000,2.49198630000,"Transit"
"2MASS J12073346-3932539 b",5.20000000,1652.70771640,,"Imaging"
"KMT-2016-BLG-1397L b",7.00000000,2200.00000000,,"Microlensing"
"HD 94834 b",1.26000000,400.46580000,1576.00000000000,"Radial Velocity"
"HD 180053 b",2.19400000,697.31902000,213.72000000000,"Radial Velocity"
"CoRoT-2 b",3.47000000,1102.82000000,1.74299350000,"Transit"
"HD 190360 b",1.68000000,533.95172376,2892.00000000000,"Radial Velocity"
"HD 190360 c",0.08000000,25.42627256,17.11730000000,"Radial Velocity"
"HD 154345 b",1.18600000,376.94449070,3280.00000000000,"Radial Velocity"
"K2-292 b",0.07708523,24.50000000,16.98410000000,"Transit"
"K2-384 f",0.01750000,5.57000000,13.62749000000,"Transit"
"HD 104067 b",0.19538845,62.10000000,55.85100000000,"Radial Velocity"
"K2-139 b",0.38700000,123.00021000,28.38061900000,"Transit"
"EPIC 212424622 b",0.01680000,5.35000000,18.09830000000,"Transit"
"Kepler-9 c",0.09407545,29.90000000,38.98530000000,"Transit"
"TOI-2267 c",0.00489000,1.55000000,3.49504120000,"Transit"
"TOI-178 c",0.01459907,4.64000000,3.23848600000,"Transit"
"TOI-2431 b",0.01950738,6.20000000,0.22419578000,"Transit"
"TOI-178 e",0.01094930,3.48000000,9.96318000000,"Transit"
"TOI-5205 b",1.08000000,343.00000000,1.63075700000,"Transit"
"TOI-1794 b",0.02737326,8.70000000,8.76552800000,"Transit"
"HIP 8152 b",0.02800253,8.90000000,10.75101400000,"Transit"
"HD 92788 b",3.76000000,1195.04080000,325.80300000000,"Radial Velocity"
"KOI-1599.02",0.02831702,9.00000000,13.60880000000,"Transit"
"HD 50499 c",2.93000000,931.24190000,8619.90000000000,"Radial Velocity"
"EPIC 248847494 b",13.00000000,4131.79000000,3650.00000000000,"Transit"
"GJ 15 A c",0.11326810,36.00000000,7600.00000000000,"Radial Velocity"
"K2-105 b",0.04845382,15.40000000,8.26726000000,"Transit"
"K2-121 b",0.16046394,51.00000000,5.18573800000,"Transit"
"DMPP-2 c",0.16294956,51.79000000,3.16800000000,"Radial Velocity"
"EPIC 212737443 b",0.02270000,7.20000000,13.60300000000,"Transit"
"KMT-2017-BLG-0165L b",0.11000000,34.00000000,,"Microlensing"
"K2-384 c",0.00572000,1.82000000,4.19476600000,"Transit"
"HD 11506 c",0.40000000,127.13136280,223.92000000000,"Radial Velocity"
"HD 118203 b",2.14000000,680.15279098,6.13497790000,"Radial Velocity"
"HD 167042 b",1.39700000,444.00628458,417.67000000000,"Radial Velocity"
"HD 181342 b",2.54000000,807.28820000,564.10000000000,"Radial Velocity"
"HD 181433 c",6.94400000,2207.00045821,1018.50000000000,"Radial Velocity"
"Kepler-47 b",0.00651292,2.07000000,49.46430000000,"Transit"
"LSPM J2116+0234 b",0.04184627,13.30000000,14.43990000000,"Radial Velocity"
"TOI-6303 b",7.84000000,2493.00000000,9.48523600000,"Transit"
"Kepler-82 f",0.06575842,20.90000000,75.73200000000,"Transit Timing Variations"
"GJ 27.1 b",0.04090237,13.00000000,15.81900000000,"Radial Velocity"
"GJ 160.2 b",0.03209263,10.20000000,5.23540000000,"Radial Velocity"
"Kepler-47 d",0.05984331,19.02000000,187.36600000000,"Transit"
"Kepler-82 b",0.03822798,12.15000000,26.44000000000,"Transit"
"GJ 682 b",0.01384388,4.40000000,17.47800000000,"Radial Velocity"
"OGLE-2015-BLG-1649L b",2.54000000,807.00000000,,"Microlensing"
"HD 117207 b",2.10600000,669.34662514,2621.75000000000,"Radial Velocity"
"HD 114729 b",0.82500000,262.20975000,1121.79000000000,"Radial Velocity"
"HD 126525 b",0.23700000,75.32571000,960.41000000000,"Radial Velocity"
"HD 152079 b",2.66100000,845.74563000,2918.92000000000,"Radial Velocity"
"TOI-1898 b",0.40587939,129.00000000,45.52234000000,"Transit"
"gam Lib b",1.12600000,357.87478628,414.88000000000,"Radial Velocity"
"HD 211970 b",0.04090237,13.00000000,25.20100000000,"Radial Velocity"
"HIP 35173 b",0.03995847,12.70000000,41.51600000000,"Radial Velocity"
"HD 190647 b",1.98500000,630.89255000,1176.45000000000,"Radial Velocity"
"HD 23127 b",1.52700000,485.32641000,1211.17000000000,"Radial Velocity"
"K2-168 b",0.01300000,4.12000000,15.85230000000,"Transit"
"HD 4208 b",0.81000000,257.44230000,832.97000000000,"Radial Velocity"
"K2-146 b",0.01816000,5.77000000,2.64460000000,"Transit"
"HD 8326 b",0.20954598,66.60000000,158.99100000000,"Radial Velocity"
"HIP 54373 b",0.02712142,8.62000000,7.76000000000,"Radial Velocity"
"CoRoT-7 d",0.05393476,17.14200000,8.96600000000,"Radial Velocity"
"XO-3 b",13.27000000,4217.58296089,3.19152309000,"Transit"
"HR 8799 c",10.00000000,3000.00000000,69000.00000000000,"Imaging"
"GJ 3473 c",0.02331435,7.41000000,15.50900000000,"Radial Velocity"
"KMT-2017-BLG-1038L b",2.00000000,640.00000000,,"Microlensing"
"HD 85426 c",0.03240742,10.30000000,35.73000000000,"Radial Velocity"
"K2-350 b",0.00940000,2.99000000,4.16387300000,"Transit"
"HIP 54373 c",0.03914042,12.44000000,15.14400000000,"Radial Velocity"
"HD 220689 b",1.20000000,381.39408840,2266.40000000000,"Radial Velocity"
"TOI-1075 b",0.03130620,9.95000000,0.60473280000,"Transit"
"TOI-756 c",4.05000000,1287.20504835,149.40000000000,"Radial Velocity"
"HD 52265 b",1.21000000,384.57430000,119.27000000000,"Radial Velocity"
"CoRoT-35 b",1.10000000,349.61124770,3.22748000000,"Transit"
"HD 222076 b",1.56000000,495.81480000,871.00000000000,"Radial Velocity"
"WASP-132 b",0.42800000,136.03055820,7.13351640000,"Transit"
"HD 156279 c",9.75000000,3098.82696825,4818.25358000000,"Radial Velocity"
"HR 5183 b",3.31000000,1052.01202717,27000.00000000000,"Radial Velocity"
"HD 85390 b",0.09900000,31.46517000,799.52000000000,"Radial Velocity"
"eps Eri b",0.66000000,209.76674862,2671.00000000000,"Radial Velocity"
"TYC 2187-512-1 b",0.33000000,104.88337431,691.90000000000,"Radial Velocity"
"HD 17156 b",3.26000000,1036.12060682,21.21642940000,"Radial Velocity"
"OGLE-2018-BLG-0596L b",0.04383000,13.93000000,,"Microlensing"
"WASP-110 b",0.48700000,154.78243421,3.77840220000,"Transit"
"HD 189567 b",0.02674399,8.50000000,14.28800000000,"Radial Velocity"
"KMT-2022-BLG-1551L b",2.96000000,940.77208472,,"Microlensing"
"TOI-561 e",0.03901476,12.40000000,77.14400000000,"Transit"
"EPIC 201497682 b",0.00081700,0.26000000,2.13174000000,"Transit"
"EPIC 201615463 c",0.00624000,1.98000000,3.80464000000,"Transit"
"OGLE-2015-BLG-1670L b",0.05630000,17.90000000,,"Microlensing"
"K2-293 b",0.02070000,6.57000000,13.12250000000,"Transit"
"EPIC 201833600 c",0.00306000,0.97200000,3.96151000000,"Transit"
"EPIC 206024342 b",0.01110000,3.53000000,4.50756000000,"Transit"
"TOI-178 g",0.01384395,4.40000000,20.71663000000,"Transit"
"TOI-178 b",0.00302050,0.96000000,1.91456010000,"Transit"
"TOI-178 f",0.01771396,5.63000000,15.23335000000,"Transit"
"TOI-756 b",0.03092864,9.83000000,1.23924950000,"Transit"
"OGLE-2018-BLG-1011L c",2.80000000,890.00000000,,"Microlensing"
"KMT-2016-BLG-0212L b",18.00000000,5700.00000000,,"Microlensing"
"K2-294 b",0.01070000,3.39000000,2.50387000000,"Transit"
"KOI-1599.01",0.01447315,4.60000000,20.44150000000,"Transit"
"TOI-1246 e",0.04562210,14.50000000,37.92548000000,"Transit"
"GJ 433 c",0.10201051,32.42200000,5094.10500000000,"Radial Velocity"
"KOI-142 c",0.67400000,214.10000000,22.26492000000,"Transit Timing Variations"
"EPIC 249893012 b",0.02753044,8.75000000,3.59510000000,"Transit"
"EPIC 249893012 c",0.04615675,14.67000000,15.62400000000,"Transit"
"OGLE-2018-BLG-0677L b",0.01250000,3.96000000,,"Microlensing"
"KOI-142 b",0.03000000,9.50000000,10.91647000000,"Transit"
"EPIC 249893012 d",0.03202970,10.18000000,35.74700000000,"Transit"
"OGLE-2018-BLG-1700L b",4.40000000,1400.00000000,,"Microlensing"
"OGLE-2015-BLG-1771L b",0.43300000,138.00000000,,"Microlensing"
"HD 196050 b",4.70000000,1493.79351290,1392.00000000000,"Radial Velocity"
"HD 187123 c",2.87000000,912.16752809,3810.00000000000,"Radial Velocity"
"GJ 9827 c",0.00585221,1.86000000,3.64810300000,"Transit"
"TOI-4511 b",0.02520000,8.01000000,10.98090968596,"Transit"
"TOI-4363 b",0.01190000,3.77000000,2.11867592279,"Transit"
"OGLE-2012-BLG-0838L b",0.16700000,53.10000000,,"Microlensing"
"K2-370 b",0.03270000,10.40000000,2.14084000000,"Transit"
"Kepler-160 b",0.01130000,3.59000000,4.30939700000,"Transit"
"K2-374 b",0.00996000,3.16000000,4.52195300000,"Transit"
"K2-384 b",0.00398000,1.26000000,2.23152700000,"Transit"
"WASP-45 b",0.96400000,306.38812000,3.12608900000,"Transit"
"TOI-3714 b",0.70000000,222.47988490,2.15484900000,"Transit"
"HD 160691 b",4.30000000,1366.66215010,645.00000000000,"Radial Velocity"
"TOI-1130 b",0.06229777,19.80000000,4.07455400000,"Transit"
"TOI-1648 b",0.02330000,7.40000000,7.33160200000,"Transit"
"OGLE-2016-BLG-1227L b",0.79000000,250.00000000,,"Microlensing"
"Kepler-58 b",0.11169549,35.50000000,10.21849540000,"Transit"
"K2-374 c",0.01740000,5.53000000,16.43445000000,"Transit"
"WASP-20 b",0.31100000,98.84100000,4.89964477000,"Transit"
"OGLE-2014-BLG-1760L b",0.93100000,295.89824692,,"Microlensing"
"TOI-4479 b",0.02630000,8.35000000,1.15890000000,"Transit"
"WASP-120 b",4.85000000,1541.47550000,3.61126721000,"Transit"
"WASP-94 B b",0.61800000,196.41100000,2.00839000000,"Radial Velocity"
"HD 23472 b",0.02617765,8.32000000,17.66708700000,"Transit"
"WASP-166 b",0.10100000,32.10083000,5.44354000000,"Transit"
"TOI-4507 b",0.06292704,20.00000000,104.61611000000,"Transit"
"HD 24040 c",0.20100000,63.88350981,515.40000000000,"Radial Velocity"
"HD 66428 c",1.76400000,560.64930995,10478.84437000000,"Radial Velocity"
"HD 220197 b",0.20000000,63.56600000,1728.00000000000,"Radial Velocity"
"HD 233832 b",1.78000000,565.73740000,2058.00000000000,"Radial Velocity"
"TOI-1670 b",0.13000000,41.31769291,10.98462000000,"Transit"
"PSR B0329+54 b",0.00619828,1.97000000,10140.00000000000,"Pulsar Timing"
"WASP-12 b",1.47000000,467.21010000,1.09141890100,"Transit"
"WASP-19 b",1.15400000,366.77398168,0.78883852000,"Transit"
"GJ 1061 d",0.00525441,1.67000000,13.06600000000,"Radial Velocity"
"TOI-5349 b",0.40000000,127.40000000,3.31792100000,"Transit"
"Kepler-1649 b",0.00325000,1.03000000,8.68909900000,"Transit"
"Kepler-1649 c",0.00377000,1.20000000,19.53527000000,"Transit"
"Kepler-29 c",0.01415851,4.50000000,13.28613000000,"Transit"
"HD 191939 e",0.35302068,112.20000000,101.12000000000,"Radial Velocity"
"USco1556 b",15.00000000,4767.45000000,,"Imaging"
"Kepler-177 b",0.01837460,5.84000000,36.86010000000,"Transit"
"KOI-1783.02",0.04719504,15.00000000,284.21500000000,"Transit"
"Kepler-297 b",0.15300000,48.50000000,38.87182600000,"Transit"
"K2-111 c",0.03492451,11.10000000,15.67480000000,"Radial Velocity"
"DMPP-8 b",0.25513767,81.09000000,62.91500000000,"Radial Velocity"
"GJ 180 b",0.02041972,6.49000000,17.13300000000,"Radial Velocity"
"HD 164922 c",0.04090237,13.00000000,75.74000000000,"Radial Velocity"
"HD 28109 c",0.02894644,9.20000000,55.99712000000,"Transit"
"WASP-108 b",0.89200000,283.50293904,2.67555212374,"Transit"
"KELT-20 b",3.38200000,1074.90106000,3.47410850000,"Transit"
"EPIC 212587672 b",0.00669000,2.13000000,15.28078000000,"Transit"
"TOI-1338 b",0.03550000,11.30000000,95.40010000000,"Transit"
"OGLE-2017-BLG-1049L b",5.53000000,1760.00000000,,"Microlensing"
"KMT-2019-BLG-0842L b",0.03234000,10.28000000,,"Microlensing"
"Kepler-1684 b",0.02710000,8.60000000,47.70550000000,"Transit"
"Kepler-1679 b",0.01550000,4.93000000,9.75376000000,"Transit"
"KMT-2016-BLG-2397L b",2.63000000,836.00000000,,"Microlensing"
"HD 107148 c",0.06260000,19.89605828,18.32670000000,"Radial Velocity"
"Kepler-1687 b",0.01060000,3.38000000,5.77954000000,"Transit"
"Kepler-1688 b",0.00670000,2.13000000,5.62012000000,"Transit"
"Kepler-462 b",0.16958752,53.90000000,84.68660000000,"Transit"
"OGLE-2017-BLG-0604L b",0.51000000,160.00000000,,"Microlensing"
"MOA-2009-BLG-319L b",0.21200000,67.30000000,,"Microlensing"
"HD 160691 d",0.03300523,10.49000000,9.63920000000,"Radial Velocity"
"HD 136925 b",0.84000000,266.97586188,4540.00000000000,"Radial Velocity"
"HD 156668 c",0.09910000,31.49679513,811.30000000000,"Radial Velocity"
"Kepler-462 c",0.01887802,6.00000000,207.62000000000,"Transit"
"HD 164922 e",0.03310000,10.52012027,41.76300000000,"Radial Velocity"
"EPIC 201757695.02",0.00217000,0.68800000,2.04780000000,"Transit"
"KMT-2023-BLG-0548L b",3.42000000,1086.97315194,,"Microlensing"
"KMT-2024-BLG-2059L b",0.02200000,6.99222495,,"Microlensing"
"Kepler-1664 b",0.02970000,9.45000000,14.38680000000,"Transit"
"Kepler-1001 c",0.00980000,3.11000000,9.18186000000,"Transit"
"HD 3765 b",0.17300000,54.98431441,1211.00000000000,"Radial Velocity"
"Kepler-1701 b",0.01750000,5.57000000,169.13400000000,"Transit"
"Kepler-1702 b",0.01010000,3.20000000,18.50120000000,"Transit"
"MOA-2013-BLG-220L b",2.74000000,871.00000000,,"Microlensing"
"HD 4760 b",13.90000000,4417.83700000,434.00000000000,"Radial Velocity"
"Kepler-1665 b",0.02660000,8.44000000,11.95480000000,"Transit"
"Kepler-1698 b",0.00394000,1.25000000,1.21070000000,"Transit"
"TYC 0434-04538-1 b",6.10000000,1938.76300000,193.20000000000,"Radial Velocity"
"Kepler-1700 b",0.02760000,8.76000000,234.23900000000,"Transit"
"Kepler-1697 b",0.00668000,2.12000000,33.49690000000,"Transit"
"Gl 686 b",0.02084133,6.62400000,15.53000000000,"Radial Velocity"
"HD 180617 b",0.03842935,12.21400000,105.91100000000,"Radial Velocity"
"NGTS-20 b",2.98000000,947.12865286,54.18915000000,"Transit"
"HATS-37 A b",0.09900000,31.46517000,4.33153660000,"Transit"
"HD 216520 c",0.02970141,9.44000000,154.43000000000,"Radial Velocity"
"HIP 107772 b",0.04058774,12.90000000,55.19900000000,"Radial Velocity"
"HD 238090 b",0.02167826,6.89000000,13.67100000000,"Radial Velocity"
"Kepler-1667 b",0.02890000,9.19000000,83.57810000000,"Transit"
"GJ 414 A c",0.16936727,53.83000000,749.83000000000,"Radial Velocity"
"GJ 414 A b",0.02391215,7.60000000,50.80000000000,"Radial Velocity"
"Kepler-1663 b",0.03440000,10.90000000,17.60460000000,"Transit"
"Kepler-1675 b",0.03130000,9.93000000,63.03820000000,"Transit"
"Kepler-1676 b",0.03570000,11.30000000,29.92210000000,"Transit"
"HR 2562 b",22.00000000,6992.22495400,,"Imaging"
"WASP-93 b",1.47000000,467.21010000,2.73253210000,"Transit"
"EPIC 206024342 d",0.02290000,7.27000000,14.64753100000,"Transit"
"EPIC 206024342 c",0.00800000,2.54000000,0.91172400000,"Transit"
"KOI-3503 b",0.02894644,9.20000000,21.18500000000,"Transit"
"KOI-1831 d",0.00701636,2.23000000,34.16900000000,"Transit"
"EPIC 206042996 c",0.00588000,1.87000000,0.35488400000,"Transit"
"KOI-1833 d",0.03467280,11.02000000,7.68500000000,"Transit"
"KOI-3503 c",0.03259621,10.36000000,31.82800000000,"Transit"
"KMT-2018-BLG-1976L b",2.22000000,705.57906354,,"Microlensing"
"OGLE-2019-BLG-0954L b",14.20000000,4513.16337940,,"Microlensing"
"TOI-2545 b",0.02520000,8.00000000,7.99403700000,"Transit"
"DMPP-6 c",0.04238136,13.47000000,36.44100000000,"Radial Velocity"
"DMPP-2 d",0.28880364,91.79000000,16.49100000000,"Radial Velocity"
"KMT-2018-BLG-1025L b",0.01906375,6.05900000,,"Microlensing"
"TOI-4504 c",3.76720000,1197.32317485,82.97213000000,"Transit"
"TOI-238 b",0.01060321,3.37000000,1.27309900000,"Transit"
"TOI-199 b",0.17000000,54.03082919,104.85400000000,"Transit"
"HD 93385 c",0.02233910,7.10000000,13.18000000000,"Radial Velocity"
"HD 93385 b",0.01321468,4.20000000,7.34260000000,"Radial Velocity"
"K2-280 b",0.11672965,37.10000000,19.89526000000,"Transit"
"HD 203030 b",11.00000000,3496.11247700,,"Imaging"
"HD 96700 d",0.03995867,12.70000000,103.50000000000,"Radial Velocity"
"HD 96700 b",0.02800253,8.90000000,8.12450000000,"Radial Velocity"
"TOI-2382 b",0.74000000,235.19302118,4.66120610000,"Transit"
"OGLE-2018-BLG-1185L b",0.02642936,8.40000000,,"Microlensing"
"HD 27969 b",4.80000000,1525.57635360,654.50000000000,"Radial Velocity"
"HD 115954 b",8.45000000,2685.65003915,3700.00000000000,"Radial Velocity"
"HD 211403 b",5.54000000,1760.76937478,223.80000000000,"Radial Velocity"
"HD 109286 b",2.99000000,950.30693693,520.10000000000,"Radial Velocity"
"CD Cet b",0.01242809,3.95000000,2.29070000000,"Radial Velocity"
"GJ 9689 b",0.03036230,9.65000000,18.27000000000,"Radial Velocity"
"G 264-012 b",0.00786588,2.50000000,2.30538000000,"Radial Velocity"
"TOI-715 b",0.00951000,3.02000000,19.28800400000,"Transit"
"K2-187 c",0.00800000,2.54000000,2.87151200000,"Transit"
"TOI-1777.01",0.01780000,5.67000000,14.65011197400,"Transit"
"K2-282 b",0.02140000,6.80000000,4.16978300000,"Transit"
"K2-156 b",0.00430000,1.37000000,0.81314300000,"Transit"
"K2-187 b",0.00588000,1.87000000,0.77401000000,"Transit"
"K2-210 b",0.00178000,0.56600000,0.57023000000,"Transit"
"Kepler-129 d",8.30000000,2637.97577810,2646.00000000000,"Radial Velocity"
"K2-223 c",0.00899000,2.86000000,4.56254600000,"Transit"
"K2-223 b",0.00201000,0.64000000,0.50557000000,"Transit"
"EPIC 212624936 c",0.01860000,5.90000000,11.81143700000,"Transit"
"K2-137 b",0.50000000,158.91500000,0.17971900000,"Transit"
"TOI-784 b",0.03042522,9.67000000,2.79703650000,"Transit"
"EPIC 206215704 b",0.00306000,0.97200000,2.25543600000,"Transit"
"TOI-1801 b",0.01805377,5.73800000,10.64387000000,"Transit"
"BD+63 1405 b",10.40000000,3305.41543280,1198.48000000000,"Radial Velocity"
"HD 155193 b",0.75000000,238.37130525,352.65000000000,"Radial Velocity"
"Kepler-1788 b",0.01970000,6.25000000,2.80012011500,"Transit"
"Kepler-1861 b",0.01730000,5.50000000,40.03060150000,"Transit"
"K2-273 b",0.03000000,9.53000000,11.71956630000,"Transit"
"K2-272 b",0.03130000,9.96000000,14.45367560000,"Transit"
"Kepler-1712 b",0.01840000,5.83000000,13.81499958000,"Transit"
"Kepler-1789 b",0.02640000,8.40000000,80.23190308000,"Transit"
"Kepler-1790 b",0.03160000,10.00000000,31.58889961000,"Transit"
"Kepler-1862 b",0.01730000,5.49000000,16.05730057000,"Transit"
"Kepler-1865 b",0.00979000,3.11000000,2.52400994300,"Transit"
"K2-122 b",0.00521000,1.65000000,2.21930230000,"Transit"
"K2-274 b",0.01570000,4.98000000,14.13303140000,"Transit"
"Kepler-1767 b",0.02940000,9.34000000,59.65829849000,"Transit"
"Kepler-1765 b",0.02130000,6.78000000,10.41889954000,"Transit"
"Kepler-1766 b",0.01830000,5.81000000,105.01499940000,"Transit"
"Kepler-1792 b",0.02170000,6.89000000,4.19577980000,"Transit"
"Kepler-1090 c",0.03420000,10.90000000,42.42720032000,"Transit"
"Kepler-1311 d",0.21200000,67.50000000,197.51100160000,"Transit"
"Kepler-1761 b",0.00791000,2.51000000,4.04354000100,"Transit"
"Kepler-1777 b",0.01630000,5.19000000,12.18420029000,"Transit"
"Kepler-1794 b",0.01220000,3.87000000,9.76298046100,"Transit"
"Kepler-1868 b",0.03170000,10.10000000,211.03399660000,"Transit"
"Kepler-1872 b",0.01970000,6.28000000,3.82591009100,"Transit"
"HD 22496 b",0.01752518,5.57000000,5.09071000000,"Radial Velocity"
"Kepler-1775 b",0.04060000,12.90000000,85.65399933000,"Transit"
"Kepler-1772 b",0.02420000,7.68000000,3.21509003600,"Transit"
"Kepler-1796 b",0.02520000,8.00000000,29.45579910000,"Transit"
"Kepler-1797 b",0.03010000,9.58000000,23.35939980000,"Transit"
"Kepler-1714 b",0.03370000,10.70000000,10.27530003000,"Transit"
"Kepler-1874 b",0.01740000,5.52000000,56.57320023000,"Transit"
"OGLE-2018-BLG-0962L b",1.34000000,425.89006538,,"Microlensing"
"Kepler-1774 b",0.03220000,10.20000000,59.77080154000,"Transit"
"Kepler-799 c",0.02560000,8.15000000,15.19419956000,"Transit"
"Kepler-1822 b",0.02360000,7.50000000,22.13339996000,"Transit"
"Kepler-1875 b",0.03300000,10.50000000,34.45859909000,"Transit"
"HD 137496 b",0.01271126,4.04000000,1.62116000000,"Transit"
"Kepler-1824 b",0.01970000,6.26000000,95.61100006000,"Transit"
"Kepler-1825 b",0.00821000,2.61000000,1.02586996600,"Transit"
"Kepler-1826 b",0.00874000,2.78000000,1.61536002200,"Transit"
"Kepler-1130 c",0.00133000,0.42200000,3.26663994800,"Transit"
"KMT-2016-BLG-2605L b",0.77100000,245.04570180,,"Microlensing"
"HD 137496 c",7.66000000,2434.56559762,479.90000000000,"Radial Velocity"
"Kepler-1782 b",0.01760000,5.60000000,5.75622987700,"Transit"
"Kepler-1768 b",0.01770000,5.62000000,15.13589954000,"Transit"
"Kepler-1830 b",0.03480000,11.10000000,56.49330139000,"Transit"
"Kepler-1881 b",0.02890000,9.17000000,159.39399720000,"Transit"
"Kepler-1882 b",0.00886000,2.81000000,13.78730011000,"Transit"
"Kepler-1733 b",0.04040000,12.80000000,9.22957992600,"Transit"
"Kepler-1779 b",0.02970000,9.44000000,16.34359932000,"Transit"
"Kepler-1776 b",0.02300000,7.33000000,35.01190186000,"Transit"
"Kepler-1832 b",0.00637000,2.02000000,3.13878989200,"Transit"
"Kepler-1883 b",0.03340000,10.60000000,103.42700200000,"Transit"
"Kepler-1884 b",0.01240000,3.95000000,8.98832035100,"Transit"
"Kepler-1737 b",0.07900000,25.10000000,64.61750031000,"Transit"
"Kepler-1739 b",0.02040000,6.48000000,7.34370994600,"Transit"
"Kepler-1771 b",0.04870000,15.50000000,88.64399719000,"Transit"
"Kepler-1799 b",0.05010000,15.90000000,11.92969990000,"Transit"
"Kepler-1838 b",0.01070000,3.40000000,12.14680004000,"Transit"
"TCP J05074264+2447555 b",0.06292704,20.00000000,,"Microlensing"
"Kepler-418 c",0.07470000,23.70000000,12.21829987000,"Transit"
"Kepler-1750 b",0.09470000,30.10000000,205.91200260000,"Transit"
"TOI-1244 b",0.02076592,6.60000000,6.40031648300,"Transit"
"TOI-1194 b",0.37756222,120.00000000,2.31064460000,"Transit"
"Kepler-1804 b",0.00999000,3.18000000,12.28849983000,"Transit"
"Kepler-1840 b",0.02560000,8.13000000,131.19000240000,"Transit"
"Kepler-1715 b",0.05040000,16.00000000,35.59730148000,"Transit"
"HD 25723 b",2.50000000,794.57101750,457.01000000000,"Radial Velocity"
"17 Sco b",4.32000000,1373.01871824,578.38000000000,"Radial Velocity"
"Kepler-1748 b",0.02460000,7.81000000,5.82352018400,"Transit"
"Kepler-1747 b",0.05300000,16.80000000,6.23031997700,"Transit"
"Kepler-1805 b",0.00945000,3.00000000,8.84794044500,"Transit"
"Kepler-1742 b",0.01690000,5.38000000,49.47819901000,"Transit"
"Kepler-1741 b",0.00681000,2.16000000,2.75759005500,"Transit"
"Kepler-1809 b",0.00912000,2.90000000,3.75729990000,"Transit"
"Kepler-1810 b",0.04590000,14.60000000,101.13300320000,"Transit"
"Kepler-1846 b",0.01180000,3.76000000,14.82009983000,"Transit"
"Kepler-1847 b",0.02510000,7.97000000,11.12969971000,"Transit"
"K2-101 b",0.01470000,4.66000000,14.67624290000,"Transit"
"K2-95 b",0.03450000,11.00000000,10.13464540000,"Transit"
"Kepler-1745 b",0.01380000,4.38000000,3.01619005200,"Transit"
"Kepler-1813 b",0.00812000,2.58000000,2.81816005700,"Transit"
"Kepler-1848 b",0.00808000,2.57000000,5.60402011900,"Transit"
"K2-355 b",0.01790000,5.69000000,5.73856470000,"Transit"
"EPIC 211822797 b",0.01370000,4.35000000,21.17019630000,"Transit"
"Kepler-1754 b",0.02050000,6.53000000,8.19594955400,"Transit"
"Kepler-1753 b",0.01760000,5.59000000,16.00460052000,"Transit"
"Kepler-1815 b",0.02510000,7.99000000,12.19139957000,"Transit"
"Kepler-1787 b",0.01880000,5.99000000,39.31370163000,"Transit"
"Kepler-1853 b",0.00918000,2.92000000,48.88819885000,"Transit"
"Kepler-1854 b",0.02270000,7.21000000,39.83110046000,"Transit"
"K2-357 b",0.04200000,13.40000000,16.34886370000,"Transit"
"K2-356 b",0.01840000,5.86000000,21.02673660000,"Transit"
"Kepler-1755 b",0.09240000,29.40000000,24.81209946000,"Transit"
"Kepler-1757 b",0.02830000,8.99000000,19.65640068000,"Transit"
"Kepler-1817 b",0.01820000,5.79000000,44.29919815000,"Transit"
"Kepler-1818 b",0.01130000,3.58000000,4.64490985900,"Transit"
"Kepler-1857 b",0.01420000,4.50000000,8.94340992000,"Transit"
"K2-184 b",0.00869000,2.76000000,16.97801020000,"Transit"
"K2-358 b",0.02410000,7.65000000,11.25102850000,"Transit"
"Kepler-1963 b",0.00106000,0.33700000,1.96226000800,"Transit"
"Kepler-1911 b",0.00318000,1.01000000,5.99079990400,"Transit"
"Kepler-1893 b",0.01120000,3.55000000,4.17936992600,"Transit"
"Kepler-1964 b",0.01200000,3.83000000,2.44082999200,"Transit"
"KOI-4777.01",0.31211810,99.20000000,0.41200000000,"Transit"
"Kepler-1897 b",0.02620000,8.32000000,24.22030067000,"Transit"
"Kepler-1898 b",0.00239000,0.76000000,4.76562023200,"Transit"
"Kepler-1967 b",0.00099100,0.31500000,7.28169012100,"Transit"
"TOI-871 b",0.01070000,3.41000000,14.36256500000,"Transit"
"TOI-1836 b",0.12100000,38.45723725,20.38079900000,"Transit"
"Kepler-1913 b",0.00918000,2.92000000,14.19600010000,"Transit"
"TOI-2196 b",0.08180515,26.00000000,1.19472680000,"Transit"
"Kepler-1906 b",0.02560000,8.13000000,7.36268997200,"Transit"
"Kepler-1907 b",0.00185000,0.58900000,5.65245008500,"Transit"
"Kepler-1916 b",0.02310000,7.35000000,31.25429916000,"Transit"
"TOI-2876 b",0.17000000,54.03082919,6.29964310000,"Transit"
"HIP 34222 b",0.83000000,263.79757781,159.98600000000,"Radial Velocity"
"Kepler-1910 b",0.00560000,1.78000000,5.68876981700,"Transit"
"Kepler-1717 b",0.02900000,9.21000000,30.65279961000,"Transit"
"Kepler-1919 b",0.02320000,7.38000000,37.88660049000,"Transit"
"Kepler-1918 b",0.01850000,5.89000000,47.05640030000,"Transit"
"Kepler-1920 b",0.02840000,9.03000000,30.25410080000,"Transit"
"HIP 86221 b",0.71000000,225.65816897,2.22400000000,"Radial Velocity"
"TOI-913 b",0.02070000,6.59000000,11.09864400000,"Transit"
"KMT-2021-BLG-0912L b",0.00884125,2.81000000,,"Microlensing"
"Kepler-589 c",0.00455000,1.45000000,3.52466011000,"Transit"
"Kepler-1922 b",0.01840000,5.86000000,13.22259998000,"Transit"
"TOI-2211.01",0.00962000,3.06000000,3.09268675700,"Transit"
"Kepler-1936 b",0.03200000,10.20000000,126.55699920000,"Transit"
"Kepler-1937 b",0.02950000,9.39000000,9.68859958600,"Transit"
"Kepler-1927 b",0.03620000,11.50000000,73.75039673000,"Transit"
"Kepler-1938 b",0.01260000,4.00000000,13.06260014000,"Transit"
"Kepler-1939 b",0.00528000,1.68000000,2.79065990400,"Transit"
"Kepler-1940 b",0.00948000,3.01000000,4.95061016100,"Transit"
"Kepler-1722 b",0.02700000,8.58000000,9.17856979400,"Transit"
"TOI-286 b",0.01425297,4.53000000,4.51172440000,"Transit"
"Kepler-1942 b",0.01610000,5.13000000,4.62604999500,"Transit"
"Kepler-1944 b",0.02530000,8.05000000,9.84257984200,"Transit"
"Kepler-1930 b",0.00929000,2.95000000,13.02680016000,"Transit"
"Kepler-1266 c",0.01090000,3.46000000,4.86631012000,"Transit"
"Kepler-1945 b",0.00695000,2.21000000,6.08003997800,"Transit"
"Kepler-529 d",0.02590000,8.22000000,35.86619949000,"Transit"
"YZ Cet b",0.00220245,0.70000000,2.02087000000,"Radial Velocity"
"YZ Cet c",0.00358684,1.14000000,3.05989000000,"Radial Velocity"
"Kepler-913 c",0.04470000,14.20000000,5.93911981600,"Transit"
"Kepler-1719 b",0.04650000,14.80000000,6.14955997500,"Transit"
"Kepler-1926 b",0.01880000,5.97000000,42.87770081000,"Transit"
"Kepler-1718 b",0.02240000,7.12000000,135.18800350000,"Transit"
"Kepler-501 c",0.01090000,3.47000000,3.62276005700,"Transit"
"Kepler-1312 c",0.00337000,1.07000000,1.11611998100,"Transit"
"Kepler-1950 b",0.00927000,2.95000000,10.77690029000,"Transit"
"Kepler-1951 b",0.01890000,6.00000000,20.65780067000,"Transit"
"Kepler-607 c",0.02530000,8.05000000,39.67679977000,"Transit"
"Kepler-1721 b",0.03120000,9.90000000,4.59238004700,"Transit"
"TOI-1347 c",0.02013665,6.40000000,4.84196200000,"Transit"
"Kepler-1315 c",0.01280000,4.06000000,6.56606006600,"Transit"
"Kepler-1728 b",0.02840000,9.04000000,4.78299999200,"Transit"
"Kepler-1705 c",0.01705323,5.42000000,11.28000000000,"Transit"
"Kepler-1322 c",0.01660000,5.29000000,6.45998001100,"Transit"
"Kepler-1693 c",0.00281000,0.89400000,5.36370992700,"Transit"
"Kepler-1956 b",0.00416000,1.32000000,5.94371986400,"Transit"
"Kepler-1957 b",0.00248000,0.79000000,2.18661999700,"Transit"
"Kepler-1711 b",0.01370000,4.36000000,21.06080055000,"Transit"
"Kepler-1888 b",0.00729000,2.32000000,11.39169979000,"Transit"
"Kepler-1959 b",0.00494000,1.57000000,6.38669014000,"Transit"
"OGLE-2018-BLG-0532L b",0.01959548,6.22800000,,"Microlensing"
"b Cen AB b",10.90000000,3464.32963630,1790000.00000000000,"Imaging"
"Kepler-1890 b",0.00185000,0.58700000,4.82059001900,"Transit"
"Kepler-1892 b",0.01270000,4.03000000,6.33123016400,"Transit"
"K2-317 b",0.02800000,8.91000000,6.22000000000,"Transit"
"TOI-1467 b",0.02831717,9.00000000,5.97114713000,"Transit"
"TOI-1438 c",0.03335133,10.60000000,9.42808900000,"Transit"
"K2-319 b",0.02580000,8.20000000,26.68000000000,"Transit"
"HD 174205 b",4.20000000,1334.87930940,582.00000000000,"Radial Velocity"
"K2-322 b",0.01370000,4.35000000,8.20500000000,"Transit"
"HD 106252 b",10.00000000,3178.28407000,1535.00000000000,"Radial Velocity"
"KELT-14 b",1.28400000,408.09372000,1.71005660000,"Transit"
"K2-324 b",0.02040000,6.48000000,3.26200000000,"Transit"
"HD 171238 b",8.80000000,2796.88998160,1515.00000000000,"Radial Velocity"
"HD 81040 b",7.24000000,2301.07766668,1002.70000000000,"Radial Velocity"
"Kepler-167 e",1.01000000,321.00669107,1071.23205000000,"Transit"
"K2-326 b",0.01830000,5.82000000,1.25600000000,"Transit"
"TOI-2010 b",1.28600000,408.72733140,141.83402500000,"Transit"
"HD 29021 b",4.47000000,1420.69297929,1365.00000000000,"Radial Velocity"
"TOI-2345 b",0.01098077,3.49000000,1.05285730000,"Transit"
"HD 83443 b",0.40200000,127.76701961,2.98562800000,"Radial Velocity"
"Kepler-1669 c",0.01340000,4.27000000,1.60932004500,"Transit"
"TOI-2981 b",2.00737249,638.00000000,3.60150100000,"Transit"
"HD 83443 c",1.50000000,476.74261050,8241.00000000000,"Radial Velocity"
"kap And b",17.30000000,5498.43144110,,"Imaging"
"LTT 3780 b",0.00774003,2.46000000,0.76837931000,"Transit"
"LTT 3780 c",0.02529667,8.04000000,12.25228400000,"Transit"
"TOI-5624 d",0.01541712,4.90000000,13.73146800000,"Transit"
"TOI-5624 b",0.02957571,9.40000000,3.39034730000,"Transit"
"TOI-5624 c",0.01510249,4.80000000,7.88538500000,"Transit"
"TOI-5624 e",0.02800253,8.90000000,21.48993600000,"Transit"
"TOI-5624 f",0.04090257,13.00000000,45.37000000000,"Transit Timing Variations"
"Kepler-1991 c",0.02240000,7.13000000,22.79020351000,"Transit"
"HD 109833 b",0.02730000,8.69000000,9.18852600000,"Transit"
"TOI-1691 b",0.04593674,14.60000000,16.73688893500,"Transit"
"TOI-5293 A b",0.54000000,170.40000000,2.93028900000,"Transit"
"HD 39091 b",14.10000000,4481.38053870,2088.80000000000,"Radial Velocity"
"TOI-1518 b",1.83000000,581.62598481,1.90261131000,"Transit"
"pi Men d",0.04209819,13.38000000,124.64000000000,"Radial Velocity"
"55 Cnc c",0.17140000,54.47380000,44.39360000000,"Radial Velocity"
"HD 12661 c",2.83000000,899.45439181,1708.00000000000,"Radial Velocity"
"2MASS J19383260+4603591 b",1.90000000,603.87700000,406.00000000000,"Eclipse Timing Variations"
"Kepler-451 d",1.76000000,559.37799632,43.00000000000,"Eclipse Timing Variations"
"OGLE-2014-BLG-0676L b",3.68000000,1169.60853776,,"Microlensing"
"TOI-1859 b",0.21600000,68.60000000,63.48347000000,"Transit"
"HD 103891 b",2.89000000,918.52409623,1919.00000000000,"Radial Velocity"
"KOI-984 c",0.66010462,209.80000000,21.51200000000,"Transit Timing Variations"
"HD 7924 d",4.93400000,1568.16536014,24.45100000000,"Radial Velocity"
"GJ 4274 b",0.00934467,2.97000000,1.63390000000,"Radial Velocity"
"HD 81688 b",1.65400000,525.68818518,183.93000000000,"Radial Velocity"
"LTT 1445 A b",0.00858954,2.73000000,5.35876350000,"Transit"
"TOI-2969 b",1.16000000,368.68095212,1.82371460000,"Transit"
"HD 142 A d",0.26000000,82.63538582,108.45299000000,"Radial Velocity"
"HD 144899 b",0.06400000,20.34101805,40.43914000000,"Radial Velocity"
"GJ 2030 c",12.80300000,4069.15709482,25533.11353000000,"Radial Velocity"
"HD 125612 c",0.04900000,15.57359194,4.15466000000,"Radial Velocity"
"HD 219828 c",16.05400000,5102.41724598,4789.87297000000,"Radial Velocity"
"HD 214823 b",18.61000000,5914.78665427,1854.84424000000,"Radial Velocity"
"GJ 676 A c",13.49200000,4288.14086724,13921.42302000000,"Radial Velocity"
"HD 149806 b",12.59700000,4003.68444298,16521.52778000000,"Radial Velocity"
"GJ 9714 b",9.40300000,2988.54051102,19240.75467000000,"Radial Velocity"
"HD 142 b",7.10000000,2256.58168970,351.43394000000,"Radial Velocity"
"HD 139357 b",19.87100000,6315.56827550,1124.79139000000,"Radial Velocity"
"HD 224538 b",6.53100000,2075.73732612,1202.05199000000,"Radial Velocity"
"HD 153557 d",27.45400000,8725.66108578,40654.64809000000,"Radial Velocity"
"HD 115404 A b",0.09700000,30.82935548,10.49488000000,"Radial Velocity"
"HIP 67537 b",13.55800000,4309.11754211,2523.64713000000,"Radial Velocity"
"HD 30177 c",6.15000000,1954.64470305,12085.45186000000,"Radial Velocity"
"HD 156098 b",0.05000000,15.89142035,21.85849000000,"Radial Velocity"
"HD 12235 c",9.86600000,3135.69506346,36336.70679000000,"Radial Velocity"
"HD 203387 b",3.48000000,1106.04285636,512.53520000000,"Radial Velocity"
"HD 156098 c",5.22800000,1661.60691180,7841.58390000000,"Radial Velocity"
"HIP 35965 b",8.14900000,2589.98368864,26125.56497000000,"Radial Velocity"
"HD 203387 c",7.48500000,2378.94562640,2481.07227000000,"Radial Velocity"
"bet Pic c",10.13900000,3222.46221857,1192.77951000000,"Radial Velocity"
"HD 25015 b",9.07700000,2884.92845034,6134.42700000000,"Radial Velocity"
"GJ 229 b",0.04700000,14.93793513,579.47495000000,"Radial Velocity"
"HD 18143 c",9.99800000,3177.64841319,28982.41764000000,"Radial Velocity"
"HD 217786 b",13.85200000,4402.55909376,1301.36009000000,"Radial Velocity"
"HD 204313 c",0.05400000,17.16273398,34.95875000000,"Radial Velocity"
"HD 125390 b",27.20400000,8646.20398403,1757.39151000000,"Radial Velocity"
"HD 81817 b",24.12800000,7668.56380410,1021.20159000000,"Radial Velocity"
"HD 190228 b",5.03000000,1598.67688721,1143.59858000000,"Radial Velocity"
"HD 23596 b",11.91400000,3786.60764100,1535.11912000000,"Radial Velocity"
"GJ 367 b",0.00199164,0.63300000,0.32192250000,"Transit"
"HD 204313 e",15.31700000,4868.17771002,7325.64666000000,"Radial Velocity"
"HD 30177 b",8.40300000,2670.71210402,2514.53422000000,"Radial Velocity"
"HD 217958 b",0.52400000,166.54208527,2560.19774000000,"Radial Velocity"
"HD 213519 b",0.02900000,9.21702380,11.12214000000,"Radial Velocity"
"HD 43197 b",0.55300000,175.75910907,308.92072000000,"Radial Velocity"
"HD 4113 b",1.70300000,541.26177712,526.52390000000,"Radial Velocity"
"HD 95544 b",6.02100000,1913.64483855,2041.54152000000,"Radial Velocity"
"HD 25912 c",16.52700000,5252.75008249,26308.65619000000,"Radial Velocity"
"HD 105618 c",26.49100000,8419.59232984,77114.07158000000,"Radial Velocity"
"HD 28192 b",0.31400000,99.79811980,14.23283000000,"Radial Velocity"
"HD 43197 c",7.86800000,2500.67390628,9295.97350000000,"Radial Velocity"
"HD 74156 c",8.66500000,2753.98314665,2448.48726000000,"Radial Velocity"
"HD 74156 b",1.67500000,532.36258173,51.63564000000,"Radial Velocity"
"HD 7449 b",8.17400000,2597.92939882,1270.55195000000,"Radial Velocity"
"HD 110537 b",27.09900000,8612.83200129,24469.67342000000,"Radial Velocity"
"HD 56957 b",5.91800000,1880.90851263,5859.08992000000,"Radial Velocity"
"HD 86264 b",9.80800000,3117.26101586,1488.79123000000,"Radial Velocity"
"HD 111232 c",18.06300000,5740.93451564,26472.44623000000,"Radial Velocity"
"HD 62549 b",8.51900000,2707.58019923,14306.88519000000,"Radial Velocity"
"HD 142 c",10.90100000,3464.64746471,10159.64279000000,"Radial Velocity"
"HD 217107 c",4.37000000,1388.91013859,5138.70000000000,"Radial Velocity"
"HD 73267 c",5.13100000,1630.77755632,17071.78045000000,"Radial Velocity"
"HD 219077 b",9.62000000,3057.50927534,5478.68861000000,"Radial Velocity"
"HD 113337 b",3.25900000,1035.80277841,317.58639000000,"Radial Velocity"
"HD 125271 b",10.90400000,3465.60094993,14901.99295000000,"Radial Velocity"
"HD 127506 b",0.08600000,27.33324300,65.78395000000,"Radial Velocity"
"HD 81817 c",22.60900000,7185.78245386,622.97802000000,"Radial Velocity"
"bet Pic b",11.72900000,3727.80938570,8617.50952000000,"Imaging"
"HD 145934 b",2.07200000,658.54045930,2751.53433000000,"Radial Velocity"
"HIP 97233 b",19.18700000,6098.17364511,1062.26506000000,"Radial Velocity"
"HD 93351 b",0.01100000,3.49611248,2.45946000000,"Radial Velocity"
"HD 88072 b",7.90300000,2511.79790052,18538.79293000000,"Radial Velocity"
"HD 93351 c",13.07000000,4154.01727949,14010.29410000000,"Radial Velocity"
"HD 10697 b",5.74300000,1825.28854140,1075.37990000000,"Radial Velocity"
"MOA-2007-BLG-400L b",1.70000000,540.30829190,,"Microlensing"
"KMT-2021-BLG-1077L b",0.22000000,69.92224954,,"Microlensing"
"HD 10180 e",0.07900000,25.10000000,49.74800000000,"Radial Velocity"
"Wolf 1069 b",0.00396440,1.26000000,15.56400000000,"Radial Velocity"
"OGLE-2017-BLG-1691L b",0.04600000,14.62010672,,"Microlensing"
"KMT-2021-BLG-0320L b",0.10000000,31.78284070,,"Microlensing"
"MOA-2020-BLG-135L b",0.03555378,11.30000000,,"Microlensing"
"TrES-2 b",1.49000000,473.56670000,2.47063000000,"Transit"
"TOI-6223 b",0.07110000,22.60000000,3.85521900000,"Transit"
"WASP-47 d",0.04876845,15.50000000,9.03050100000,"Transit"
"HD 360 b",0.75000000,238.37130525,273.10000000000,"Radial Velocity"
"OGLE-2006-BLG-284L A b",0.45307467,144.00000000,,"Microlensing"
"KMT-2018-BLG-2602L b",1.15000000,365.50266805,,"Microlensing"
"OGLE-2018-BLG-1119L b",0.91000000,289.22385037,,"Microlensing"
"WASP-65 b",1.55000000,492.62000000,2.31142430000,"Transit"
"HAT-P-21 b",4.87000000,1547.83210000,4.12448000000,"Transit"
"MOA-2019-BLG-008L b",18.00000000,5720.91132600,,"Microlensing"
"GJ 436 b",0.07000000,22.10000000,2.64388312000,"Radial Velocity"
"HD 32518 b",2.84900000,905.49313154,157.35000000000,"Radial Velocity"
"KMT-2021-BLG-0909L b",1.26000000,400.46379282,,"Microlensing"
"KMT-2021-BLG-2478L b",0.90000000,286.04556630,,"Microlensing"
"HD 95735 c",0.04279039,13.60000000,2946.00000000000,"Radial Velocity"
"KMT-2019-BLG-0414L b",4.57000000,1452.47581999,,"Microlensing"
"KMT-2017-BLG-1194L b",0.01113809,3.54000000,,"Microlensing"
"WASP-88 b",0.42000000,133.48860000,4.95400000000,"Transit"
"TIC 153919886 b",0.02450000,7.78000000,2.10510492329,"Transit"
"HATS-8 b",0.13800000,43.86054000,3.58389300000,"Transit"
"Kepler-311 b",0.01110000,3.53000000,9.17609200000,"Transit"
"KMT-2017-BLG-1003L b",0.01632957,5.19000000,,"Microlensing"
"KMT-2019-BLG-1552L b",4.05000000,1287.20504835,,"Microlensing"
"HD 45364 b",0.18930000,60.16491745,225.79000000000,"Radial Velocity"
"L 363-38 b",0.01469346,4.67000000,8.78100000000,"Radial Velocity"
"WASP-56 b",0.45000000,143.02350000,4.61710000000,"Transit"
"KMT-2019-BLG-2974L b",0.28000000,88.99195396,,"Microlensing"
"HD 45364 c",0.54900000,174.48779544,345.43000000000,"Radial Velocity"
"KMT-2019-BLG-0253L b",0.02894644,9.20000000,,"Microlensing"
"OGLE-2018-BLG-0506L b",0.05128554,16.30000000,,"Microlensing"
"TOI-5595 b",0.06340000,20.10000000,5.99002553853,"Transit"
"OGLE-2018-BLG-0977L b",0.02013665,6.40000000,,"Microlensing"
"HAT-P-26 b",0.07000000,22.24810000,4.23452000000,"Transit"
"KMT-2021-BLG-1391L b",0.01431590,4.55000000,,"Microlensing"
"KMT-2021-BLG-1253L b",0.05993800,19.05000000,,"Microlensing"
"WISE J033605.05-014350.4 b",8.25000000,2622.08435775,2560.00000000000,"Imaging"
"OGLE-2018-BLG-1367L b",0.95000000,301.93698665,,"Microlensing"
"HAT-P-28 b",0.62600000,198.95300000,3.25721500000,"Transit"
"MOA-2022-BLG-249L b",0.01519688,4.83000000,,"Microlensing"
"HAT-P-16 b",4.22100000,1341.56043000,2.77596727000,"Transit"
"HAT-P-13 c",14.28000000,4538.42100000,446.27000000000,"Radial Velocity"
"OGLE-2018-BLG-1212L b",0.20000000,63.56568140,,"Microlensing"
"K2-2016-BLG-0005L b",1.10000000,349.61124770,4700.00000000000,"Microlensing"
"HN Lib b",0.01717908,5.46000000,36.11600000000,"Radial Velocity"
"WASP-64 b",1.27100000,403.94500000,1.57329180000,"Transit"
"TOI-3486 b",0.31200000,99.16246298,2.21778105000,"Transit"
"TrES-4 b",0.78000000,247.90740000,3.55395000000,"Transit"
"HAT-P-20 b",7.24600000,2302.89900000,2.87531700000,"Transit"
"WASP-35 b",0.71000000,225.65930000,3.16158000000,"Transit"
"KMT-2021-BLG-2010L b",1.07000000,340.07639549,,"Microlensing"
"KMT-2019-BLG-1216L b",0.09400000,29.87587026,,"Microlensing"
"HD 66428 b",10.94600000,3478.94974302,2269.81726000000,"Radial Velocity"
"OGLE-2019-BLG-0249L b",7.12000000,2262.93825784,,"Microlensing"
"TOI-3593 b",1.78000000,565.73456446,3.82128670000,"Transit"
"HAT-P-3 b",0.65000000,206.58950000,2.89970000000,"Transit"
"HD 108236 b",0.01020000,3.24000000,3.79596300000,"Transit"
"VHS J125601.92-125723.9 b",16.00000000,5085.25451200,5800000.00000000000,"Imaging"
"HD 68988 b",1.97000000,626.12510000,6.27711000000,"Radial Velocity"
"Kepler-896 c",0.03170000,10.10000000,29.54225660000,"Transit"
"HATS-3 b",1.07100000,340.38200000,3.54785100000,"Transit"
"K2-417 b",2.20000000,699.22249540,6.53500000000,"Transit"
"K2-18 c",0.02362898,7.51000000,8.96200000000,"Radial Velocity"
"K2-253 b",,,4.00167000000,"Transit"
"Kepler-491 b",0.18600000,59.00000000,4.22538451200,"Transit"
"HATS-36 b",3.21600000,1022.14128000,4.17518600000,"Transit"
"K2-216 b",0.02517069,8.00000000,2.17480000000,"Transit"
"NN Ser d",2.28000000,724.62200000,2880.00000000000,"Eclipse Timing Variations"
"Kepler-471 b",,,5.01423457500,"Transit"
"TOI-3884 b",0.10253961,32.59000000,4.54458280000,"Transit"
"Kepler-289 d",0.01677006,5.33000000,66.02820000000,"Transit"
"KELT-8 b",0.66000000,209.76780000,3.24406000000,"Transit"
"WASP-174 b",0.33000000,104.88337431,4.23370050000,"Transit"
"Teegarden's Star d",0.00258001,0.82000000,26.13000000000,"Radial Velocity"
"TOI-7149 b",0.70500000,224.00000000,2.65206166000,"Transit"
"TOI-5789 c",0.01573176,5.00000000,12.92774800000,"Transit"
"KMT-2021-BLG-1150L b",0.88000000,279.68899816,,"Microlensing"
"Luhman 16 b",29.40000000,9344.15516580,9697.00000000000,"Imaging"
"TOI-5726.01",0.02220000,7.05000000,5.49112521500,"Transit"
"TOI-5736 b",0.00961000,3.05000000,0.64899000000,"Transit"
"Kepler-849 b",0.94000000,298.75870258,394.62508000000,"Transit"
"NGTS-25 b",0.63900000,203.09235207,2.82309300000,"Transit"
"BD-210397 c",4.80000000,1525.57635360,6240.00000000000,"Radial Velocity"
"KMT-2018-BLG-0885L b",29.00000000,9217.02380300,,"Microlensing"
"KMT-2019-BLG-0335L b",21.00000000,6674.39654700,,"Microlensing"
"WASP-74 b",0.72000000,228.83760000,2.13775000000,"Transit"
"Kepler-257 b",0.02300000,7.32000000,2.38266700000,"Transit"
"TOI-5322 b",0.57900000,184.02264765,5.42332070000,"Transit"
"WASP-82 b",1.17000000,371.86110000,2.70579000000,"Transit"
"KMT-2022-BLG-0371L b",0.26000000,82.63538582,,"Microlensing"
"TOI-1136 g",0.01761957,5.60000000,39.54500000000,"Transit"
"GJ 9404 b",0.03744159,11.90000000,13.45860000000,"Radial Velocity"
"TOI-1386 c",0.23660566,75.20000000,232.00000000000,"Radial Velocity"
"TOI-1249 b",0.03744159,11.90000000,13.07915100000,"Transit"
"TIC 434398831 b",0.03810000,12.10000000,3.68550400000,"Transit"
"TOI-6330 b",10.00000000,3179.00000000,6.85002460000,"Transit"
"MOA-2007-BLG-192L b",0.03929793,12.49000000,,"Microlensing"
"GJ 680 b",25.10000000,7977.49301570,17281.66514000000,"Radial Velocity"
"GJ 3473 b",0.00585219,1.86000000,1.19800350000,"Transit"
"TOI-2018 b",0.02894644,9.20000000,7.43558300000,"Transit"
"HIP 113103 c",0.02000000,6.35000000,14.24564800000,"Transit"
"Gaia-4 b",11.80000000,3750.37520260,571.30000000000,"Astrometry"
"BD+05 4868 A b",0.01950738,6.20000000,1.27186900000,"Transit"
"HIP 111909 b",1.21000000,384.57237247,487.08000000000,"Radial Velocity"
"TIC 147027702 b",1.09000000,346.43296363,44.40523000000,"Transit"
"Kepler-23 c",0.02457301,7.81000000,10.74000000000,"Transit"
"WASP-163 b",1.87000000,594.34210000,1.60968840000,"Transit"
"WASP-150 b",8.46000000,2688.84180000,5.64420700000,"Transit"
"TOI-907.01",0.21100000,67.00000000,4.58491290000,"Transit"
"Kepler-57 c",0.02158397,6.86000000,11.60000000000,"Transit"
"Kepler-305 d",0.01950738,6.20000000,16.74000000000,"Transit"
"Kepler-454 d",2.31000000,734.18362017,4073.00000000000,"Radial Velocity"
"K2-312 c",5.41000000,1719.45168187,921.20000000000,"Radial Velocity"
"Kepler-28 b",0.00512855,1.63000000,5.91000000000,"Transit"
"TOI-6692 b",0.62000000,197.05361234,131.12500000000,"Transit"
"TOI-3321 b",0.55400000,176.07693748,3.65251450000,"Transit"
"TOI-4156 c",0.02790000,8.87000000,12.82282706375,"Transit"
"Kepler-28 c",0.00648148,2.06000000,8.99000000000,"Transit"
"HD 332231 b",0.23314467,74.10000000,18.71202400000,"Transit"
"Kepler-1996 c",0.02610000,8.30000000,92.72972480000,"Transit"
"NGTS-26 b",0.29200000,92.80589484,4.51992790000,"Transit"
"HD 11506 b",4.88000000,1551.00262616,1617.70000000000,"Radial Velocity"
"TOI-5398 c",0.03712695,11.80000000,4.77271000000,"Transit"
"Kepler-2000 b",0.02490000,7.90000000,6.38315913500,"Transit"
"2MASS J11550485-7919108 b",20.00000000,6356.56814000,,"Imaging"
"TOI-6016 b",1.17000000,371.85923619,4.02368700000,"Transit"
"HAT-P-52 b",0.81800000,259.98494000,2.75359530000,"Transit"
"G 196-3 b",26.00000000,8263.53858200,,"Imaging"
"TIC 365102760 b",0.06040996,19.20000000,4.21285367000,"Transit"
"OGLE-2023-BLG-0836L b",4.36000000,1385.73185452,,"Microlensing"
"HAT-P-60 b",0.57400000,182.43350562,4.79478130000,"Transit"
"HD 48265 c",4.45000000,1414.33641115,10418.00000000000,"Radial Velocity"
"TOI-1294 b",0.20105188,63.90000000,3.91529200000,"Transit"
"TOI-1669 c",0.04090257,13.00000000,2.68005350000,"Transit"
"TOI-1823 b",0.21206412,67.40000000,38.80000000000,"Transit"
"TIC 139270665 c",4.89000000,1554.18091023,1010.00000000000,"Radial Velocity"
"TIC 139270665 b",0.46300000,147.15455244,23.62400000000,"Transit"
"Kepler-43 b",3.23000000,1026.59090000,3.02409490000,"Transit"
"TOI-3364 b",1.67000000,530.77343969,5.87689180000,"Transit"
"TOI-6029 b",1.63500000,519.64944544,5.79870000000,"Transit"
"HAT-P-69 b",3.58000000,1137.83140000,4.78694910000,"Transit"
"HD 48948 c",0.02287398,7.27000000,38.06000000000,"Radial Velocity"
"KMT-2023-BLG-0416L b",0.04100000,13.03096469,,"Microlensing"
"GJ 900 b",11.00000000,3496.11247700,,"Imaging"
"TOI-2580 b",0.63000000,200.23189641,3.39775000000,"Transit"
"HD 76920 b",3.13000000,994.80291391,415.89100000000,"Radial Velocity"
"KMT-2023-BLG-1454L b",0.63000000,200.23189641,,"Microlensing"
"Kepler-448 c",22.00000000,6992.26000000,2500.00000000000,"Transit Timing Variations"
"TIC 77319217 b",0.03100000,9.85000000,7.54830765124,"Transit"
"HIP 39017 b",23.60000000,7500.75040520,31000.00000000000,"Imaging"
"HIP 54515 b",17.70000000,5625.56280390,33000.00000000000,"Imaging"
"TOI-6000 b",0.00245000,0.77900000,0.44895900000,"Transit"
"TOI-1410.01",0.03932940,12.50000000,1.21687000000,"Transit"
"Kepler-24 c",0.03143206,9.99000000,12.33000000000,"Transit"
"TOI-5532 b",0.02180000,6.93000000,5.65396594310,"Transit"
"Kepler-24 b",0.03505036,11.14000000,8.14000000000,"Transit"
"Kepler-725 c",0.03051961,9.70000000,207.54100000000,"Transit Timing Variations"
"TWA 7 b",0.34000000,108.06165838,,"Imaging"
"MOA-2022-BLG-563L b",0.40000000,127.13136280,,"Microlensing"
"2MASS J0249-0557 c",11.60000000,3686.80952120,,"Imaging"
"KMT-2016-BLG-2321L b",0.95000000,301.93698665,,"Microlensing"
"K2-203 b",0.00674000,2.14000000,9.69520000000,"Transit"
"TOI-1742 b",0.03051961,9.70000000,21.26908400000,"Transit"
"Gaia22dkvL b",0.59100000,187.83658854,,"Microlensing"
"LP 890-9 c",0.07960270,25.30000000,8.45746300000,"Transit"
"K2-208 b",0.01080000,3.45000000,4.19097000000,"Transit"
"K2-225 b",0.03990000,12.70000000,15.87230000000,"Transit"
"rho CrB e",0.01167297,3.71000000,12.90400000000,"Radial Velocity"
"WASP-168 b",0.42000000,133.48860000,4.15365800000,"Transit"
"WASP-126 c",0.20199478,64.20000000,7.63000000000,"Transit Timing Variations"
"TOI-220 b",0.04341966,13.80000000,10.69526400000,"Transit"
"TOI-7384 b",0.03900000,12.40000000,6.23402580000,"Transit"
"K2-7 b",0.04820000,15.30000000,28.67810000000,"Transit"
"K2-226 b",0.00939000,2.98000000,3.27109000000,"Transit"
"NGTS-31 b",1.12000000,355.96781584,4.16273400000,"Transit"
"WASP-173 A b",3.69000000,1172.79270000,1.38665318000,"Transit"
"TOI-1203.01",0.02325154,7.39000000,25.50267200000,"Transit"
"TOI-837 b",0.37900000,120.45696625,8.32491130000,"Transit"
"WASP-47 b",1.17673560,374.00000000,4.15915100000,"Transit"
"OGLE-2017-BLG-0448L b",0.04908309,15.60000000,,"Microlensing"
"BD-17 63 b",5.16000000,1639.99458012,655.57000000000,"Radial Velocity"
"TIC 4672985 b",12.74000000,4049.13390518,69.04800000000,"Transit"
"TOI-2803 A b",0.97500000,309.88269682,1.96229325000,"Transit"
"K2-57 b",0.01870000,5.94000000,9.00730000000,"Transit"
"CoRoT-12 b",0.91700000,291.43800000,2.82804200000,"Transit"
"WASP-160 B b",0.27800000,88.35674000,3.76849520000,"Transit"
"TOI-132 b",0.07047793,22.40000000,2.10970190000,"Transit"
"TOI-892 b",0.95000000,301.93850000,10.62656000000,"Transit"
"HD 11506 d",12.80000000,4068.20360960,26500.00000000000,"Radial Velocity"
"HD 140901 c",1.80000000,572.09113260,14386.00000000000,"Radial Velocity"
"HD 16905 b",11.30000000,3591.46099910,10256.00000000000,"Radial Velocity"
"HD 3167 e",0.02646082,8.41000000,96.63000000000,"Radial Velocity"
"WASP-193 b",0.11200000,35.59678158,6.24634750000,"Transit"
"HD 110067 d",0.02680692,8.52000000,20.51961700000,"Transit"
"LHS 1815 b",0.00497124,1.58000000,3.81433400000,"Transit"
"HD 75898 c",8.49000000,2698.36317543,6717.00000000000,"Radial Velocity"
"TOI-771 c",0.00903003,2.87000000,7.61000000000,"Radial Velocity"
"TIC 18942729 b",0.01470000,4.66000000,0.99817838064,"Transit"
"TIC 32032563 b",0.03750000,11.90000000,13.83460487791,"Transit"
"TOI-1937 A b",2.01000000,638.83509807,0.94667944000,"Transit"
"TOI-1739 b",0.01400000,4.45000000,8.30334140600,"Transit"
"HD 86728 b",0.02967010,9.43000000,31.15150000000,"Radial Velocity"
"KMT-2022-BLG-0303L b",0.51300000,163.04597279,,"Microlensing"
"KELT-6 b",0.52000000,165.27160000,7.84570000000,"Transit"
"Kepler-485 b",,,3.24325979600,"Transit"
"CoRoT-19 b",1.11000000,352.78000000,3.89713000000,"Transit"
"Kepler-222 d",0.04150000,13.20000000,28.08191200000,"Transit"
"TOI-1899 b",0.67000000,212.94503269,29.09031200000,"Transit"
"GJ 9773 b",0.54300000,172.58082500,2965.00000000000,"Radial Velocity"
"TOI-122 b",0.02470000,7.85000000,5.07803000000,"Transit"
"TIC 24750448 c",0.03070000,9.75000000,10.14385270726,"Transit"
"TOI-2005 b",6.40000000,2034.10180480,17.30590400000,"Transit"
"TOI-2236 b",1.58000000,502.16888306,3.53159020000,"Transit"
"OGLE-2016-BLG-1598L b",0.38000000,120.77479466,,"Microlensing"
"OGLE-2016-BLG-1800L b",2.59000000,823.17557413,,"Microlensing"
"HAT-P-40 b",0.48000000,152.55840000,4.45724000000,"Transit"
"K2-411 b",0.00295000,0.93700000,3.21410000000,"Transit"
"GJ 1289 b",0.01972763,6.27000000,111.74000000000,"Radial Velocity"
"TOI-1052 c",0.10791987,34.30000000,35.80600000000,"Radial Velocity"
"GJ 367 d",0.01897250,6.03000000,34.36900000000,"Radial Velocity"
"HD 134606 f",0.01771396,5.63000000,26.91500000000,"Radial Velocity"
"Kepler-1489 c",0.00027400,0.08700000,0.68074100000,"Transit"
"K2-157 d",0.07320000,23.30000000,66.50000000000,"Radial Velocity"
"HD 35843 b",0.01837469,5.84000000,9.89910000000,"Radial Velocity"
"K2-360 c",0.04791894,15.23000000,9.79692000000,"Radial Velocity"
"EPIC 201595106 b",0.02413252,7.67000000,0.87724000000,"Transit"
"KMT-2017-BLG-2197L b",8.84000000,2809.60311788,,"Microlensing"
"GJ 581 e",0.00780295,2.48000000,3.14810000000,"Radial Velocity"
"Kepler-279 e",0.17619570,56.00000000,98.35310000000,"Transit"
"KMT-2022-BLG-2076L b",0.88000000,279.68899816,,"Microlensing"
"LHS 1478 b",0.00733100,2.33000000,1.94953780000,"Transit"
"HIP 9618 c",0.02202446,7.00000000,52.56363000000,"Transit"
"KOBE-1 b",0.02768790,8.80000000,8.53990000000,"Radial Velocity"
"Kepler-20 d",0.04216111,13.40000000,77.61145500000,"Transit"
"KOBE-1 c",0.03901476,12.40000000,29.67100000000,"Radial Velocity"
"CD-35 2722 b",29.50000000,9375.93800650,,"Imaging"
"WASP-22 b",0.67000000,212.94610000,3.53269000000,"Transit"
"OGLE-2016-BLG-0007L b",0.00415318,1.32000000,14200.00000000000,"Microlensing"
"KMT-2023-BLG-0949L b",5.98000000,1900.61387386,,"Microlensing"
"GJ 3998 c",0.02145812,6.82000000,13.72700000000,"Radial Velocity"
"Kepler-105 b",0.03398060,10.80000000,5.41220340000,"Transit"
"Kepler-105 c",0.01761957,5.60000000,7.12592000000,"Transit"
"TOI-1294 c",0.46251372,147.00000000,159.90000000000,"Radial Velocity"
"KMT-2023-BLG-0830L b",0.05600000,17.79839079,,"Microlensing"
"Kepler-1656 b",0.15000000,47.80000000,31.56200000000,"Transit"
"KMT-2017-BLG-0849L b",0.02010519,6.39000000,,"Microlensing"
"ZTF J1828+2308 b",20.00000000,6356.56814000,0.11200670000,"Transit"
"KMT-2017-BLG-2331L b",0.53802617,171.00000000,,"Microlensing"
"KMT-2023-BLG-1743L b",20.00000000,6356.56814000,,"Microlensing"
"K2-271 b",0.13100000,41.80000000,8.56242100000,"Transit"
"MOA-2022-BLG-091L b",3.59000000,1141.00398113,,"Microlensing"
"KMT-2024-BLG-1209L b",2.64000000,839.06699448,,"Microlensing"
"K2-214 b",0.02150000,6.85000000,8.59656000000,"Transit"
"Kepler-391 c",1.41585834,450.00000000,20.50100000000,"Transit"
"K2-220 b",0.01950000,6.21000000,13.68186000000,"Transit"
"Kepler-450 b",0.06103892,19.40000000,28.45485100000,"Transit"
"Kepler-407 b",0.00607246,1.93000000,0.66931240000,"Transit"
"BEBOP-3 b",0.55800000,177.34825111,547.00000000000,"Radial Velocity"
"K2-37 c",0.02010000,6.39000000,6.42966000000,"Transit"
"Kepler-134 b",0.01470000,4.66000000,5.31742900000,"Transit"
"K2-37 d",0.03932940,12.50000000,14.09229000000,"Transit"
"WASP-85 A b",1.26500000,402.05495000,2.65567770000,"Transit"
"TOI-1227 b",0.20900000,66.50000000,27.36397000000,"Transit"
"HD 207496 b",0.01919275,6.10000000,6.44100800000,"Transit"
"GJ 806 b",0.00597807,1.90000000,0.92632370000,"Transit"
"HD 29985 b",5.47300000,1739.47487151,20608.14049000000,"Radial Velocity"
"Kepler-228 c",0.02440000,7.75000000,4.13444400000,"Transit"
"HD 15906 c",0.02800000,8.91000000,21.58329800000,"Transit"
"Kepler-1985 b",0.01820000,5.77000000,3.42064689000,"Transit"
"MOA-2022-BLG-033L b",0.03822818,12.15000000,,"Microlensing"
"KMT-2023-BLG-0119L b",0.26334965,83.70000000,,"Microlensing"
"K2-233 c",0.01447322,4.60000000,7.06024000000,"Transit"
"Kepler-949 c",0.02870000,9.11000000,20.99757968000,"Transit"
"TOI-4600 c",9.27000000,2946.26933289,482.81910000000,"Transit"
"TOI-1752 b",0.01100000,3.51000000,0.93518610000,"Transit"
"TOI-1752 c",0.01840000,5.86000000,32.71443000000,"Transit"
"TOI-1472 c",0.06700000,21.13000000,15.53817470000,"Radial Velocity"
"Kepler-495 c",0.00622000,1.98000000,5.89660978300,"Transit"
"Kepler-278 b",0.17619570,56.00000000,30.15560000000,"Transit"
"Kepler-416 d",0.01010000,3.22000000,3.07644709000,"Transit"
"Kepler-391 b",3.46098705,1100.00000000,7.41750000000,"Transit"
"KOI-351 h",0.63870943,203.00000000,331.60296000000,"Transit"
"TOI-6695 c",1.45000000,460.85119015,242.40000000000,"Radial Velocity"
"Kepler-166 d",0.01150000,3.64000000,1.55400392800,"Transit"
"Kepler-1732 b",0.04960000,15.70000000,32.31240082000,"Transit"
"Kepler-1026 b",0.01740000,5.52000000,36.51560530000,"Transit"
"K2-175 b",0.01510000,4.81000000,9.52598800000,"Transit"
"GJ 1061 b",0.00349245,1.11000000,3.20730000000,"Radial Velocity"
"ups And d",10.25000000,3257.74117175,1276.46000000000,"Radial Velocity"
"K2-176 b",0.00890000,2.83000000,5.32943900000,"Transit"
"K2-177 b",0.01610000,5.13000000,14.15518500000,"Transit"
"Kepler-9 d",0.02647300,8.41466053,1.59285100000,"Transit"
"SWEEPS-4 b",3.80000000,1207.70000000,4.20000000000,"Transit"
"K2-183 b",0.00430000,1.37000000,0.46928500000,"Transit"
"LP 791-18 c",0.02252788,7.16000000,4.98991000000,"Transit"
"Kepler-763 c",0.00819000,2.60000000,4.09667624000,"Transit"
"K2-187 e",0.01340000,4.27000000,13.60662900000,"Transit"
"K2-189 b",0.00803000,2.55000000,2.58812000000,"Transit"
"Kepler-257 d",0.06830000,21.70000000,24.66455100000,"Transit"
"Kepler-42 b",0.00222115,0.70594400,1.21376720000,"Transit"
"K2-199 b",0.02170983,6.90000000,3.22539930000,"Transit"
"K2-151 b",0.00889000,2.83000000,3.83547600000,"Transit"
"Kepler-197 b",0.00328000,1.04000000,5.59930800000,"Transit"
"Kepler-139 b",0.02202446,7.00000000,15.77104400000,"Transit"
"Kepler-1998 b",0.00049000,0.15600000,3.03267135000,"Transit"
"Kepler-549 b",0.03460970,11.00000000,42.94956490000,"Transit"
"HD 109749 b",0.27000000,85.81410000,5.23989100000,"Radial Velocity"
"gam Cep b",6.60000000,2097.66748620,913.00000000000,"Radial Velocity"
"TOI-128.01",0.01750000,5.56000000,4.94046810000,"Transit"
"HD 111232 b",7.96500000,2531.50326176,1169.13202000000,"Radial Velocity"
"51 Peg b",0.46000000,146.20180000,4.23078500000,"Radial Velocity"
"Kepler-58 e",1.88087656,597.79600000,4.45814897000,"Transit"
"GJ 433 b",0.01901331,6.04300000,7.37050000000,"Radial Velocity"
"Kepler-65 c",0.01700000,5.40000000,5.85994400000,"Transit"
"Kepler-7 b",0.44100000,140.16303000,4.88548920000,"Transit"
"KOI-12 b",1.10000000,349.61300000,17.85518200000,"Transit"
"HD 116029 b",1.40000000,444.96200000,670.00000000000,"Radial Velocity"
"GJ 676 A b",5.79200000,1840.86213334,1051.44521000000,"Radial Velocity"
"HD 117618 b",0.17400000,55.30242000,25.80000000000,"Radial Velocity"
"7 CMa b",1.85000000,587.98550000,735.10000000000,"Radial Velocity"
"HD 125612 d",7.17800000,2281.37230545,2822.72698000000,"Radial Velocity"
"AB Pic b",13.50000000,4290.50000000,,"Imaging"
"GJ 581 b",0.06450021,20.50000000,5.36860000000,"Radial Velocity"
"HD 11977 b",6.54000000,2080.00000000,711.00000000000,"Radial Velocity"
"BD-10 3166 b",0.59000000,187.51970000,3.48777000000,"Radial Velocity"
"GJ 581 c",0.02142666,6.81000000,12.92110000000,"Radial Velocity"
"BD+14 4559 b",1.04000000,330.54320000,268.94000000000,"Radial Velocity"
"GJ 876 c",0.71420000,226.98460000,30.08810000000,"Radial Velocity"
"HD 101930 b",0.25000000,79.45750000,70.46000000000,"Radial Velocity"
"BD+20 2457 c",12.47000000,3963.17000000,621.99000000000,"Radial Velocity"
"Kepler-40 b",2.20000000,699.20000000,6.87349000000,"Transit"
"GSC 06214-00210 b",16.00000000,5000.00000000,,"Imaging"
"Kepler-123 b",0.17400000,55.30000000,17.23236600000,"Transit"
"HD 108147 b",0.26100000,82.95000000,10.89850000000,"Radial Velocity"
"HD 108874 b",1.42000000,451.31860000,394.48123000000,"Radial Velocity"
"TOI-4184 b",0.02040000,6.48000000,4.90198040000,"Transit"
"CT Cha b",17.00000000,5403.00000000,,"Imaging"
"Kepler-6 b",0.66800000,212.31044000,3.23469960000,"Transit"
"HD 136418 b",2.14000000,680.15620000,464.29999000000,"Radial Velocity"
"HD 69830 b",0.03210000,10.20000000,8.66700000000,"Radial Velocity"
"HD 164509 b",0.44300000,140.79869000,280.17000000000,"Radial Velocity"
"Kepler-267 b",0.11900000,37.90000000,3.35372800000,"Transit"
"HD 192699 b",2.09600000,666.17168000,340.94000000000,"Radial Velocity"
"HD 145377 b",6.02000000,1913.33660000,103.95000000000,"Radial Velocity"
"HD 147018 b",2.12000000,674.00000000,44.23600000000,"Radial Velocity"
"HD 20003 b",0.03670000,11.66000000,11.84820000000,"Radial Velocity"
"Kepler-1713 b",0.01130000,3.59000000,18.01160049000,"Transit"
"HD 196885 A b",2.58000000,819.97000000,1333.00000000000,"Radial Velocity"
"HD 149143 b",1.33000000,422.71390000,4.07182000000,"Radial Velocity"
"HD 126614 b",0.33900000,107.74382997,1257.25303000000,"Radial Velocity"
"HD 152581 b",1.86900000,594.02427000,686.50000000000,"Radial Velocity"
"HD 177830 b",1.69000000,537.13270000,410.10001000000,"Radial Velocity"
"HD 128311 c",3.78900000,1204.25787000,921.53800000000,"Radial Velocity"
"HD 154672 b",5.37000000,1706.74710000,163.94000000000,"Radial Velocity"
"HD 178911 B b",8.03000000,2552.17490000,71.48400000000,"Radial Velocity"
"HD 155358 b",0.99000000,314.65170000,194.30000000000,"Radial Velocity"
"HD 13189 b",10.95000000,3480.23850000,471.60001000000,"Radial Velocity"
"HD 131496 b",1.80000000,572.09400000,896.00000000000,"Radial Velocity"
"HD 156668 b",0.01300000,4.15000000,4.64550000000,"Radial Velocity"
"HD 134060 c",0.09220000,29.29000000,1291.56460000000,"Radial Velocity"
"HD 158038 b",1.53000000,486.27990000,521.00000000000,"Radial Velocity"
"HD 187085 b",0.83600000,265.70588000,1019.74000000000,"Radial Velocity"
"24 Sex b",1.99000000,632.46000000,452.80000000000,"Radial Velocity"
"HD 206610 b",2.03600000,647.10188000,673.20000000000,"Radial Velocity"
"HD 63454 b",0.25000000,79.45750000,2.81805000000,"Radial Velocity"
"HD 62509 b",2.30000000,731.00000000,589.64000000000,"Radial Velocity"
"K2-27 b",0.09501983,30.20000000,6.77134700000,"Transit"
"HD 20781 c",0.01680000,5.33000000,13.89050000000,"Radial Velocity"
"HD 285968 b",0.02600000,8.40000000,8.78360000000,"Radial Velocity"
"HD 69830 d",0.05700000,18.10000000,197.00000000000,"Radial Velocity"
"HD 63765 b",0.53000000,168.44990000,358.00000000000,"Radial Velocity"
"HD 28678 b",1.54200000,490.09386000,380.20000000000,"Radial Velocity"
"HD 70642 b",3.90000000,1239.53078730,2124.54000000000,"Radial Velocity"
"HD 30562 b",1.47000000,467.20775829,1157.00000000000,"Radial Velocity"
"HD 73267 b",4.15800000,1321.53051631,1257.99159000000,"Radial Velocity"
"HD 100777 b",1.23000000,390.92894061,383.00000000000,"Radial Velocity"
"HD 212771 b",2.39000000,759.61370000,380.70000000000,"Radial Velocity"
"HD 31527 c",0.04450000,14.16000000,51.20530000000,"Radial Velocity"
"HD 31527 d",0.03720000,11.82000000,271.67370000000,"Radial Velocity"
"HD 31527 b",0.03290000,10.47000000,16.55350000000,"Radial Velocity"
"TOI-1846 b",0.01220000,3.87000000,3.93067370000,"Transit"
"TOI-5210 b",0.25800000,81.99972901,4.56610610000,"Transit"
"HD 216435 b",1.26000000,400.40000000,1311.00000000000,"Radial Velocity"
"HD 82886 b",2.33000000,740.54390000,705.00000000000,"Radial Velocity"
"HD 8574 b",2.03000000,645.19490000,227.00000000000,"Radial Velocity"
"HD 86081 b",1.48000000,470.38840000,2.13784310000,"Radial Velocity"
"HD 37124 d",0.69600000,221.20968000,1862.00000000000,"Radial Velocity"
"HD 9446 c",1.82000000,578.42600000,192.90000000000,"Radial Velocity"
"HD 96063 b",1.27000000,403.64410000,362.50000000000,"Radial Velocity"
"HD 8673 b",13.24800000,4210.59073594,1644.69097000000,"Radial Velocity"
"Kepler-263 b",0.02390000,7.61000000,16.56808700000,"Transit"
"HD 219828 b",0.06000000,19.06970442,3.83483000000,"Radial Velocity"
"HD 38529 b",0.65000000,206.58846455,14.30990000000,"Radial Velocity"
"HD 99706 b",1.23000000,390.93090000,841.00000000000,"Radial Velocity"
"HIP 14810 d",0.59000000,187.51970000,981.80000000000,"Radial Velocity"
"Kepler-746 b",0.00444000,1.41000000,3.48159251000,"Transit"
"HD 40307 b",3.74100000,1188.99607059,4.31230000000,"Radial Velocity"
"HATS-1 b",1.85500000,589.55000000,3.44645900000,"Transit"
"HD 40979 b",4.67000000,1484.26610000,264.14999000000,"Radial Velocity"
"OGLE-TR-132 b",1.18000000,375.02000000,1.68986800000,"Transit"
"CoRoT-7 c",0.02642922,8.40000000,3.69800000000,"Radial Velocity"
"HD 4203 b",2.23000000,708.76090000,431.88000000000,"Radial Velocity"
"HD 43691 b",2.55000000,810.46650000,36.99870000000,"Radial Velocity"
"HD 41004 B b",18.37000000,5838.29000000,1.32830000000,"Radial Velocity"
"tau Boo b",5.95000000,1891.00000000,3.31245680000,"Radial Velocity"
"TOI-1723 b",0.03272206,10.40000000,13.72701264300,"Transit"
"HD 231701 b",1.13000000,359.14790000,141.63000000000,"Radial Velocity"
"HD 204313 b",4.61500000,1466.77809830,2041.11539000000,"Radial Velocity"
"Kepler-1738 b",0.02630000,8.37000000,7.67463016500,"Transit"
"HD 5319 b",1.55600000,494.54348000,637.10000000000,"Radial Velocity"
"Pr0201 b",0.54000000,171.62820000,4.42640000000,"Radial Velocity"
"Pr0211 b",1.88000000,597.52040000,2.14610000000,"Radial Velocity"
"bet Cnc b",7.80000000,2479.00000000,605.20000000000,"Radial Velocity"
"bet UMi b",6.10000000,1938.70000000,522.30000000000,"Radial Velocity"
"Kapteyn c",0.02200000,7.00000000,121.54000000000,"Radial Velocity"
"Kepler-754 b",0.01480000,4.70000000,14.55962370000,"Transit"
"HD 207832 c",0.73000000,232.01590000,1155.70000000000,"Radial Velocity"
"CoRoT-24 b",0.01800000,5.70000000,5.11340000000,"Transit"
"CoRoT-24 c",0.08800000,28.00000000,11.75900000000,"Transit"
"HIP 105854 b",8.20000000,2606.10000000,184.20000000000,"Radial Velocity"
"K2-138 c",0.01985338,6.31000000,3.56004000000,"Transit"
"HATS-63 b",0.96000000,305.11680000,3.05665270000,"Transit"
"CoRoT-22 b",0.03800000,12.20000000,9.75598000000,"Transit"
"TYC 1422-614-1 b",2.50000000,794.50000000,198.40000000000,"Radial Velocity"
"TYC 1422-614-1 c",10.00000000,3178.00000000,559.30000000000,"Radial Velocity"
"BD-11 4672 b",0.65000000,206.58950000,1634.00000000000,"Radial Velocity"
"BD+49 828 b",1.60000000,508.50000000,2590.00000000000,"Radial Velocity"
"HD 1666 b",6.43000000,2040.00000000,270.00000000000,"Radial Velocity"
"HD 67087 c",4.85000000,1540.00000000,2374.00000000000,"Radial Velocity"
"Kepler-268 b",0.02210000,7.04000000,25.93413800000,"Transit"
"HATS-11 b",0.83000000,263.79890000,3.61918800000,"Transit"
"Kepler-47 c",0.00997389,3.17000000,303.22700000000,"Transit"
"K2-4 b",0.01590000,5.06000000,10.00341700000,"Transit"
"HD 175607 b",7.72800000,2456.17792930,29.01000000000,"Radial Velocity"
"Kepler-772 b",0.01250000,3.97000000,12.99207337000,"Transit"
"HD 27631 b",1.56000000,495.81231492,2198.14000000000,"Radial Velocity"
"HD 24064 b",12.89000000,4096.82870000,535.59998000000,"Radial Velocity"
"K2-21 c",0.02130000,6.76000000,15.50192000000,"Transit"
"HD 98649 b",9.70000000,3082.93554790,5384.00000000000,"Radial Velocity"
"K2-9 b",0.01790000,5.69000000,18.44980000000,"Transit"
"CoRoT-29 b",0.85000000,270.15550000,2.85057000000,"Transit"
"HATS-39 b",0.63000000,200.23290000,4.57763480000,"Transit"
"LkCa 15 b",,,,"Imaging"
"HU Aqr AB c",4.50000000,1430.23500000,4368.00000000000,"Eclipse Timing Variations"
"HD 164595 b",0.05078186,16.14000000,40.00000000000,"Radial Velocity"
"K2-8 b",0.03940000,12.50000000,10.35239000000,"Transit"
"PH1 b",0.53100000,169.00000000,138.31700000000,"Transit"
"GJ 676 A e",0.02100000,6.67439655,35.47358000000,"Radial Velocity"
"BD+15 2940 b",1.11000000,352.78000000,137.48000000000,"Radial Velocity"
"SR 12 AB c",13.00000000,4131.62000000,,"Imaging"
"GJ 667 C e",0.00800000,2.70000000,62.24000000000,"Radial Velocity"
"tau Gem b",20.60000000,6547.00000000,305.50000000000,"Radial Velocity"
"GJ 667 C g",0.01400000,4.60000000,256.20000000000,"Radial Velocity"
"GJ 504 b",4.00000000,1271.30000000,,"Imaging"
"HD 159243 c",1.90000000,603.90000000,248.40000000000,"Radial Velocity"
"ROXs 12 b",16.00000000,5085.00000000,,"Imaging"
"NGTS-14 A b",0.09200000,29.24036000,3.53571730000,"Transit"
"Kepler-36 b",0.01205047,3.83000000,13.86825000000,"Transit"
"Kepler-48 e",2.06700000,657.00000000,982.00000000000,"Radial Velocity"
"HD 4203 c",2.17000000,689.66000000,6700.00000000000,"Radial Velocity"
"KOI-984 b",0.05370000,17.10000000,4.28817850000,"Transit"
"NGC 2682 YBP 401 b",0.46000000,146.20180000,4.08700000000,"Radial Velocity"
"GJ 3998 b",0.00786588,2.50000000,2.65033000000,"Radial Velocity"
"K2-239 b",0.00430000,1.37000000,5.24000000000,"Transit"
"K2-233 d",0.03240742,10.30000000,24.36810000000,"Transit"
"HD 110082 b",0.03250000,10.30000000,10.18271000000,"Transit"
"TOI-558 b",3.61000000,1147.36054927,14.57407100000,"Transit"
"K2-243 b",0.01680000,5.35000000,11.54182000000,"Transit"
"K2-255 b",0.02750000,8.75000000,1.96417000000,"Transit"
"K2-264 c",0.02390000,7.60000000,19.66030200000,"Transit"
"HD 211810 b",0.67000000,212.94610000,1558.00000000000,"Radial Velocity"
"Kepler-262 c",0.01050000,3.33000000,21.85372200000,"Transit"
"47 UMa d",1.64000000,521.22000000,14002.00000000000,"Radial Velocity"
"HD 145457 b",2.79400000,888.01256916,176.13000000000,"Radial Velocity"
"HD 183263 c",9.31000000,2958.98246917,4667.97841000000,"Radial Velocity"
"HD 95089 c",3.45000000,1096.51350000,1785.00000000000,"Radial Velocity"
"HD 72892 b",5.46800000,1737.88572948,39.44603000000,"Radial Velocity"
"HD 128356 b",0.89000000,282.86870000,298.20000000000,"Radial Velocity"
"HD 165155 b",2.89000000,918.52870000,434.50000000000,"Radial Velocity"
"Kepler-761 b",0.01500000,4.78000000,10.12804789000,"Transit"
"2MASS J22362452+4751425 b",12.50000000,3972.87500000,,"Imaging"
"CoRoT-21 b",2.26000000,718.29580000,2.72474000000,"Transit"
"HD 13167 b",3.31000000,1052.01730000,2613.00000000000,"Radial Velocity"
"WASP-177 b",0.50800000,161.45764000,3.07172200000,"Transit"
"LP 791-18 d",0.00286318,0.91000000,2.75485000000,"Transit"
"K2-288 B b",0.01340000,4.27000000,31.39346300000,"Transit"
"TOI-640 b",0.57000000,181.16219199,5.00377700000,"Transit"
"Gl 378 b",0.04096530,13.02000000,3.82200000000,"Radial Velocity"
"Kepler-766 b",0.03590000,11.40000000,6.10027804000,"Transit"
"K2-107 b",0.84000000,266.97720000,3.31395900000,"Transit"
"Kepler-780 b",0.00201000,0.64000000,0.67737516400,"Transit"
"HD 39855 b",0.02674386,8.50000000,3.24980000000,"Radial Velocity"
"HD 92788 c",3.67000000,1166.43610000,11611.29750000000,"Radial Velocity"
"K2-224 b",0.00961000,3.05000000,4.47904000000,"Transit"
"EPIC 205950854 c",0.00714000,2.27000000,8.05072200000,"Transit"
"EPIC 206032309 b",0.00317000,1.01000000,2.87814000000,"Transit"
"K2-228 b",0.00606000,1.92000000,2.69828000000,"Transit"
"K2-229 b",0.00802320,2.55000000,0.58421600000,"Transit"
"TYC 4282-00605-1 b",10.78000000,3426.20740000,101.54000000000,"Radial Velocity"
"HD 206255 b",0.10760469,34.20000000,96.04500000000,"Radial Velocity"
"Kepler-411 e",0.03398043,10.80000000,31.50972800000,"Transit Timing Variations"
"psi1 Dra B b",1.53000000,486.27990000,3117.00000000000,"Radial Velocity"
"Kepler-758 b",0.02110000,6.71000000,12.10971040000,"Transit"
"Kepler-454 c",4.51000000,1433.40611557,524.19000000000,"Radial Velocity"
"K2-128 b",0.00819000,2.60000000,5.67581900000,"Transit"
"K2-129 b",0.00352000,1.12000000,8.23949300000,"Transit"
"GJ 625 b",0.00887267,2.82000000,14.62800000000,"Radial Velocity"
"HATS-76 b",2.62900000,835.57088200,1.94164230000,"Transit"
"HATS-77 b",1.37400000,436.69623122,3.08762620000,"Transit"
"Wolf 1061 d",0.02422679,7.70000000,217.21000000000,"Radial Velocity"
"Wolf 1061 b",0.00600950,1.91000000,4.88690000000,"Radial Velocity"
"HD 34445 d",0.09700000,30.70000000,117.87000000000,"Radial Velocity"
"KELT-17 b",1.31000000,416.35730000,3.08017160000,"Transit"
"HD 113996 b",6.30000000,2002.32900000,610.20000000000,"Radial Velocity"
"HD 143105 b",1.21000000,384.57430000,2.19740000000,"Radial Velocity"
"HD 35759 b",3.76000000,1195.04080000,82.46700000000,"Radial Velocity"
"Pr0211 c",7.79000000,2475.89570000,4850.00000000000,"Radial Velocity"
"Kepler-65 e",0.82000000,260.00000000,258.80000000000,"Radial Velocity"
"TOI-500 d",0.10420717,33.12000000,26.23300000000,"Radial Velocity"
"TOI-2109 b",5.02000000,1595.49860314,0.67247414000,"Transit"
"HD 191806 b",9.33400000,2966.61035094,1603.38923000000,"Radial Velocity"
"BD+48 740 b",1.70000000,540.31100000,733.00000000000,"Radial Velocity"
"K2-148 c",0.01150000,3.64000000,6.92260000000,"Transit"
"K2-149 b",0.01050000,3.33000000,11.33200000000,"Transit"
"KPS-1 b",1.09000000,346.43470000,1.70629100000,"Transit"
"V830 Tau b",0.70000000,222.48100000,4.92700000000,"Radial Velocity"
"K2-233 b",0.00755124,2.40000000,2.46758300000,"Transit"
"K2-211 b",0.00735000,2.33000000,0.66956100000,"Transit"
"K2-221 b",0.01090000,3.46000000,2.39909400000,"Transit"
"K2-215 b",0.01620000,5.16000000,8.26964800000,"Transit"
"K2-217 b",0.03930000,12.50000000,14.07452400000,"Transit"
"K2-183 d",0.01860000,5.90000000,22.62034400000,"Transit"
"K2-163 b",0.02090000,6.65000000,6.67311700000,"Transit"
"K2-162 b",0.00839000,2.67000000,9.45889000000,"Transit"
"K2-205 b",0.01460000,4.64000000,26.67226300000,"Transit"
"K2-204 b",0.03210000,10.20000000,7.05590800000,"Transit"
"HD 224018 c",0.03272206,10.40000000,36.57669000000,"Transit"
"TOI-7510 b",0.05710000,18.10000000,11.53086900000,"Transit"
"Kepler-37 d",0.00629270,2.00000000,39.79226220000,"Transit"
"55 Cnc B b",0.01101223,3.50000000,6.79940000000,"Radial Velocity"
"55 Cnc B c",0.01667566,5.30000000,33.74700000000,"Radial Velocity"
"Kepler-281 c",0.50695280,161.12400000,36.33737300000,"Transit"
"Kepler-451 c",1.61000000,511.70373527,1460.00000000000,"Eclipse Timing Variations"
"Gl 49 b",0.01771387,5.63000000,13.85080000000,"Radial Velocity"
"Kepler-805 b",0.02740000,8.70000000,30.86389310000,"Transit"
"HD 110113 b",0.01431583,4.55000000,2.54100000000,"Transit"
"Kepler-504 b",0.00993000,3.15000000,9.54927542200,"Transit"
"Kepler-277 b",0.27500000,87.30000000,17.32400000000,"Transit"
"HD 33844 c",1.75000000,556.20250000,916.00000000000,"Radial Velocity"
"HD 105779 b",0.64000000,203.41018048,2412.00000000000,"Radial Velocity"
"Kepler-814 b",0.01620000,5.14000000,6.14698510000,"Transit"
"Kepler-798 b",0.01980000,6.30000000,13.71933369000,"Transit"
"HD 69123 b",3.09000000,982.08977763,1193.30000000000,"Radial Velocity"
"TOI-1203 c",0.01717908,5.46000000,13.07660000000,"Radial Velocity"
"TOI-1478 b",0.88000000,279.68899816,10.18021170000,"Transit"
"Kepler-280 b",0.00849000,2.70000000,2.13954200000,"Transit"
"LP 261-75 b",21.00000000,6674.39654700,,"Imaging"
"Kepler-1859 c",0.01070000,3.39000000,3.59645081000,"Transit"
"TOI-1203 b",0.01104370,3.51000000,4.15728880000,"Radial Velocity"
"HD 93385 d",0.02737326,8.70000000,45.85000000000,"Radial Velocity"
"Kepler-279 c",0.15500000,49.40000000,35.73600000000,"Transit"
"HD 154088 b",0.02076592,6.60000000,18.56000000000,"Radial Velocity"
"Kepler-286 b",0.00651000,2.07000000,1.79630200000,"Transit"
"Kepler-896 b",0.02180000,6.94000000,144.54739600000,"Transit"
"HD 19615 b",8.50000000,2701.54145950,402.00000000000,"Radial Velocity"
"Kepler-809 b",0.02930000,9.32000000,55.63934000000,"Transit"
"HD 29399 b",1.57000000,498.99059899,892.70000000000,"Radial Velocity"
"Kepler-788 b",0.02210000,7.04000000,8.39846269000,"Transit"
"Kepler-1988 b",0.00930000,2.96000000,11.49500229000,"Transit"
"Kepler-1992 b",0.00218000,0.69300000,15.61122380000,"Transit"
"TOI-5713 b",0.01190000,3.78000000,10.44198900000,"Transit"
"Kepler-1997 b",0.01830000,5.82000000,26.75758660000,"Transit"
"Kepler-818 b",0.07200000,22.90000000,10.03538581400,"Transit"
"Kepler-463 b",0.03000000,9.53000000,8.98101683300,"Transit"
"Kepler-799 b",0.11900000,37.90000000,133.46052350000,"Transit"
"Kepler-139 d",0.00629270,2.00000000,7.30569992200,"Transit"
"Kepler-65 b",0.00760000,2.40000000,2.15491000000,"Transit"
"HD 208487 b",0.46000000,146.20106722,129.36000000000,"Radial Velocity"
"Kepler-1643 b",0.01890000,5.99000000,5.34265700000,"Transit"
"Kepler-80 e",0.01299437,4.13000000,4.64489000000,"Transit"
"Kepler-1672 b",0.02870000,9.11000000,150.87800000000,"Transit"
"Kepler-82 d",2.78482974,885.09800000,2.38296100000,"Transit"
"Kepler-1162 c",0.01240000,3.93000000,59.28406400000,"Transit"
"Kepler-1229 b",0.00800000,2.54000000,86.82898900000,"Transit"
"Kepler-1837 b",0.01550000,4.92000000,5.90608978300,"Transit"
"Kepler-406 b",0.02000000,6.35000000,2.42629000000,"Transit"
"Kepler-1855 b",0.00617000,1.96000000,0.72733098300,"Transit"
"Kepler-446 b",0.00899000,2.86000000,1.56540900000,"Transit"
"Kepler-231 b",0.11100000,35.40000000,10.06527500000,"Transit"
"Kepler-1232 b",0.01380000,4.38000000,26.78391830000,"Transit"
"Kepler-1168 b",0.02140000,6.80000000,55.82265390000,"Transit"
"Kepler-1680 b",0.00761000,2.42000000,8.77424000000,"Transit"
"Kepler-1831 b",0.01430000,4.54000000,5.78387022000,"Transit"
"Kepler-201 c",0.02670000,8.50000000,151.88405800000,"Transit"
"Kepler-1785 b",0.02450000,7.77000000,19.58550072000,"Transit"
"Kepler-1152 b",0.00186000,0.59000000,1.64680190800,"Transit"
"Kepler-175 c",0.03080000,9.80000000,34.03525700000,"Transit"
"Kepler-1296 b",0.00218000,0.69300000,8.38398650000,"Transit"
"Kepler-1345 b",0.01940000,6.17000000,44.61695570000,"Transit"
"Kepler-1798 b",0.01870000,5.94000000,16.85589981000,"Transit"
"Kepler-1187 b",0.02300000,7.32000000,18.87064068000,"Transit"
"Kepler-430 b",0.03340000,10.60000000,35.96800000000,"Transit"
"Kepler-385 c",0.04200000,13.20000000,15.16316100000,"Transit"
"Kepler-1716 b",0.02030000,6.46000000,35.58100128000,"Transit"
"Kepler-1113 b",0.02610000,8.30000000,42.30049540000,"Transit"
"Kepler-60 b",0.01318315,4.19000000,7.13340000000,"Transit"
"Kepler-104 d",0.01743092,5.54022107,51.75539400000,"Transit"
"Kepler-100 b",0.01261687,4.01000000,6.88734000000,"Transit"
"Kepler-1190 b",0.00733000,2.33000000,10.45843441000,"Transit"
"Kepler-1823 b",0.01570000,5.00000000,21.10339928000,"Transit"
"Kepler-1833 b",0.00705000,2.24000000,6.89212989800,"Transit"
"Kepler-1211 b",0.02210000,7.04000000,11.01816836000,"Transit"
"Kepler-1685 b",0.02250000,7.16000000,20.49050000000,"Transit"
"Kepler-182 b",0.02260000,7.18000000,9.82579200000,"Transit"
"Kepler-514 b",0.01130000,3.61000000,5.65179605000,"Transit"
"Kepler-515 b",0.00859000,2.73000000,19.96371318000,"Transit"
"Kepler-1143 b",0.01080000,3.43000000,2.88890484900,"Transit"
"Kepler-110 c",0.01740000,5.52000000,31.71977500000,"Transit"
"Kepler-1088 b",0.00819000,2.60000000,23.12748644000,"Transit"
"Kepler-362 c",0.00849000,2.70000000,37.86628100000,"Transit"
"Kepler-1145 b",0.00800000,2.54000000,3.97076766000,"Transit"
"Kepler-1242 b",0.01800000,5.73000000,13.62798432000,"Transit"
"KOI-2513.01",23.00000000,7310.05336100,19.00547000000,"Transit"
"Kepler-1302 b",0.00829000,2.63000000,8.83922659000,"Transit"
"Kepler-401 b",0.01120000,3.57000000,14.38303500000,"Transit"
"K2-338 b",0.00340000,1.08000000,3.85061400000,"Transit"
"Kepler-1691 b",0.01270000,4.02000000,3.84820000000,"Transit"
"Kepler-1193 b",0.00724000,2.30000000,2.83265213400,"Transit"
"Kepler-144 c",0.00752000,2.39000000,10.10466500000,"Transit"
"Kepler-519 b",0.01590000,5.06000000,24.30789460000,"Transit"
"Kepler-167 d",0.00649000,2.06000000,21.80379000000,"Transit"
"Kepler-395 c",0.00724000,2.30000000,34.98926200000,"Transit"
"Kepler-206 b",0.00588000,1.87000000,7.78198700000,"Transit"
"Kepler-1091 b",0.00859000,2.73000000,1.43474156400,"Transit"
"Kepler-380 b",0.00570000,1.81000000,3.93082100000,"Transit"
"Kepler-1267 b",0.02930000,9.32000000,13.03139450000,"Transit"
"Kepler-1282 b",0.00951000,3.02000000,2.13194651300,"Transit"
"Kepler-1353 b",0.01230000,3.89000000,24.75439660000,"Transit"
"Kepler-116 c",0.01860000,5.90000000,13.07163000000,"Transit"
"Kepler-145 b",0.11700000,37.10000000,22.95100000000,"Transit"
"Kepler-403 b",0.00660000,2.10000000,7.03146200000,"Transit"
"Kepler-957 b",0.08160000,25.90000000,5.90741353700,"Transit"
"Kepler-85 b",0.00578929,1.84000000,8.30000000000,"Transit"
"Kepler-36 c",0.02243338,7.13000000,16.21865000000,"Transit"
"Kepler-510 b",0.02100000,6.66000000,19.55659418000,"Transit"
"Kepler-1250 b",0.01370000,4.35000000,2.60754383400,"Transit"
"TOI-1634 b",0.01541712,4.90000000,0.98934551000,"Transit"
"Kepler-285 c",0.00459000,1.46000000,6.18667600000,"Transit"
"Kepler-161 c",0.01135833,3.61000000,7.06424000000,"Transit"
"Kepler-187 b",0.00809000,2.57000000,4.93886400000,"Transit"
"Kepler-1880 b",0.01610000,5.13000000,6.30921983700,"Transit"
"Kepler-367 b",0.00705000,2.24000000,37.81572400000,"Transit"
"Kepler-384 b",0.00459000,1.46000000,22.59705300000,"Transit"
"Kepler-1842 b",0.01930000,6.14000000,14.02639961000,"Transit"
"Kepler-172 d",0.01790000,5.69000000,14.62711900000,"Transit"
"Kepler-1272 b",0.01950000,6.21000000,51.13097040000,"Transit"
"KMT-2021-BLG-0171L b",0.03523914,11.20000000,,"Microlensing"
"Kepler-1312 b",0.01590000,5.06000000,5.44832528600,"Transit"
"Kepler-1336 b",0.01440000,4.58000000,23.19868100000,"Transit"
"Kepler-1829 b",0.02110000,6.71000000,5.18671989400,"Transit"
"Kepler-1313 b",0.01180000,3.75000000,3.83309117800,"Transit"
"Kepler-114 d",0.01200000,3.90000000,11.77600000000,"Transit"
"Kepler-293 c",0.04420000,14.00000000,54.15574300000,"Transit"
"Kepler-370 c",0.01360000,4.31000000,19.02293000000,"Transit"
"Kepler-1142 b",0.00869000,2.76000000,18.30272480000,"Transit"
"Kepler-1808 b",0.02960000,9.40000000,23.34040070000,"Transit"
"Kepler-1682 b",0.02740000,8.70000000,14.83340000000,"Transit"
"Kepler-1811 b",0.04450000,14.10000000,76.42230225000,"Transit"
"Kepler-1885 b",0.00910000,2.89000000,2.52255988100,"Transit"
"Kepler-349 c",0.01420000,4.50000000,12.24762900000,"Transit"
"Kepler-1155 b",0.01500000,4.78000000,33.46974300000,"Transit"
"Kepler-481 b",0.02140000,6.80000000,10.06082567000,"Transit"
"KMT-2021-BLG-0119L b",5.52000000,1754.41280664,,"Microlensing"
"KMT-2022-BLG-0440L b",0.04845382,15.40000000,,"Microlensing"
"Kepler-1163 b",0.00340000,1.08000000,6.11786898000,"Transit"
"Kepler-530 b",0.02930000,9.32000000,39.30941904000,"Transit"
"Kepler-292 b",0.00724000,2.30000000,2.58082700000,"Transit"
"Kepler-1816 b",0.01430000,4.53000000,91.50099945000,"Transit"
"Kepler-1819 b",0.04560000,14.50000000,16.48690033000,"Transit"
"Kepler-85 d",0.02736316,8.69679000,17.91323000000,"Transit"
"TOI-3984 A b",0.14000000,44.00000000,4.35332600000,"Transit"
"Kepler-100 e",0.07596149,24.14271827,60.88858800000,"Radial Velocity"
"Kepler-357 d",0.03660000,11.60000000,49.49987500000,"Transit"
"Kepler-1692 b",0.00447000,1.42000000,5.95966000000,"Transit"
"Kepler-1678 b",0.03440000,10.90000000,147.97400000000,"Transit"
"Kepler-1390 b",0.00553000,1.76000000,6.48021673000,"Transit"
"Kepler-355 b",0.00859000,2.73000000,11.03189000000,"Transit"
"Kepler-331 b",0.01250000,3.97000000,8.45749600000,"Transit"
"Kepler-350 c",0.01900000,6.10000000,17.84900000000,"Transit"
"Kepler-55 c",0.22000000,69.80000000,42.15164180000,"Transit"
"2MASS J11011926-7732383 b",28.00000000,8899.19539600,,"Imaging"
"HIP 77900 b",21.00000000,6674.39654700,,"Imaging"
"Kepler-1370 b",0.01270000,4.04000000,20.26416840000,"Transit"
"Kepler-417 b",0.03500000,11.00000000,12.33100000000,"Transit Timing Variations"
"UCAC4 328-061594 b",21.00000000,6674.39654700,,"Imaging"
"UCAC3 113-933 b",21.00000000,6674.39654700,,"Imaging"
"Kepler-363 c",0.20900000,66.40000000,7.54242700000,"Transit"
"Kepler-1032 b",0.01310000,4.16000000,3.29011795300,"Transit"
"HD 48948 b",0.01535420,4.88000000,7.34013000000,"Radial Velocity"
"HD 48948 d",0.03331987,10.59000000,151.92000000000,"Radial Velocity"
"Kepler-272 b",0.24500000,78.00000000,2.97135300000,"Transit"
"TIC 241249530 b",4.98000000,1582.78546686,165.77190000000,"Transit"
"Kepler-1375 b",0.01160000,3.68000000,3.30041920000,"Transit"
"Kepler-125 c",0.00104000,0.33000000,5.77446400000,"Transit"
"Kepler-1130 d",0.00063400,0.20200000,4.27225017500,"Transit"
"TOI-4443.01",0.01130000,3.60000000,1.84985670000,"Transit"
"Kepler-1059 b",0.01150000,3.64000000,3.76419104800,"Transit"
"Kepler-237 b",0.00809000,2.57000000,4.71510600000,"Transit"
"NGTS-6 b",1.33900000,425.57437000,0.88205900000,"Transit"
"NGTS-32 b",0.57000000,181.16219199,3.31211000000,"Transit"
"Kepler-266 c",0.04530000,14.40000000,107.72360100000,"Transit"
"Kepler-164 c",0.02490000,7.90000000,10.94572300000,"Transit"
"K2-365 b",0.02760000,8.78000000,23.44817200000,"Transit"
"TOI-5344 b",0.41200000,130.94530368,3.79262200000,"Transit"
"K2-354 b",0.00961000,3.05000000,3.79330600000,"Transit"
"K2-345 b",0.01600000,5.10000000,10.36743700000,"Transit"
"Kepler-985 b",0.02880000,9.17000000,116.33190100000,"Transit"
"Kepler-127 d",0.02350000,7.46000000,48.63040800000,"Transit"
"Kepler-275 d",0.03480000,11.10000000,35.67606200000,"Transit"
"Kepler-335 b",0.03590000,11.40000000,6.56233100000,"Transit"
"Kepler-344 b",0.02300000,7.32000000,21.96394500000,"Transit"
"Kepler-969 b",0.01550000,4.94000000,34.17317140000,"Transit"
"Kepler-329 c",0.01380000,4.38000000,18.68473700000,"Transit"
"Kepler-325 b",0.02770000,8.80000000,4.54443900000,"Transit"
"Kepler-1800 b",0.00302000,0.96100000,4.56202983900,"Transit"
"Kepler-365 b",0.01520000,4.82000000,10.66490300000,"Transit"
"Kepler-1069 b",0.01000000,3.19000000,23.89902960000,"Transit"
"Kepler-345 b",0.00151025,0.48000000,7.41556300000,"Transit"
"Kepler-382 c",0.00993000,3.15000000,12.16270100000,"Transit"
"Kepler-544 b",0.01620000,5.14000000,21.41616926000,"Transit"
"Kepler-1912 b",0.00758000,2.41000000,6.05921983700,"Transit"
"Kepler-240 c",0.32200000,102.30000000,7.95352800000,"Transit"
"Kepler-332 c",0.00416000,1.32000000,15.99562200000,"Transit"
"Kepler-424 b",1.03000000,327.35000000,3.31186440000,"Transit"
"Kepler-207 b",0.00972000,3.09000000,1.61186500000,"Transit"
"Kepler-219 c",0.03940000,12.50000000,22.71461300000,"Transit"
"Kepler-223 c",0.01604631,5.10000000,9.84564000000,"Transit"
"Kepler-402 e",0.00859000,2.73000000,11.24286100000,"Transit"
"Kepler-1895 b",0.01620000,5.14000000,6.07029008900,"Transit"
"Kepler-1909 b",0.00419000,1.33000000,2.39160990700,"Transit"
"Kepler-1953 b",0.00692000,2.20000000,6.24565982800,"Transit"
"Kepler-168 c",0.02420000,7.70000000,13.19324200000,"Transit"
"Kepler-634 b",0.01330000,4.23000000,5.16950177000,"Transit"
"TOI-663 c",0.01148418,3.65000000,4.69555070000,"Transit"
"TOI-1634 c",,,103.00000000000,"Radial Velocity"
"Kepler-238 d",0.07268073,23.10000000,13.23354900000,"Transit"
"Kepler-224 d",0.01860000,5.90000000,11.34939300000,"Transit"
"Kepler-1499 b",0.00570000,1.81000000,44.20080000000,"Transit"
"Kepler-850 b",0.01200000,3.82000000,7.19303878000,"Transit"
"HIP 79098 AB b",20.50000000,6515.51500000,,"Imaging"
"Kepler-851 b",0.01090000,3.46000000,8.50699658000,"Transit"
"KMT-2024-BLG-2242L b",0.04400000,13.98444991,,"Microlensing"
"Kepler-241 c",0.02240000,7.13000000,36.06597800000,"Transit"
"Kepler-249 b",0.00416000,1.32000000,3.30653900000,"Transit"
"Kepler-325 d",0.02580000,8.20000000,38.71518500000,"Transit"
"Kepler-149 b",0.05190000,16.50000000,29.19894300000,"Transit"
"Kepler-1473 b",0.00570000,1.81000000,14.42735510000,"Transit"
"Kepler-1501 b",0.00961000,3.05000000,14.55645330000,"Transit"
"EPIC 212737443 c",0.02420000,7.70000000,65.55000000000,"Transit"
"Kepler-476 b",0.03050000,9.69000000,14.00640607000,"Transit"
"GJ 740 b",0.00931315,2.96000000,2.37756000000,"Radial Velocity"
"Kepler-838 b",0.02490000,7.90000000,15.74957994000,"Transit"
"TOI-4640 b",0.02660000,8.46000000,2.68566015238,"Transit"
"HATS-30 b",0.70600000,224.38798000,3.17435160000,"Transit"
"Kepler-1949 b",0.01750000,5.56000000,2.20828008700,"Transit"
"Kepler-1954 b",0.01230000,3.90000000,5.88343000400,"Transit"
"Kepler-238 e",0.53400000,169.70000000,23.65400000000,"Transit"
"Kepler-1917 b",0.01330000,4.23000000,12.90240002000,"Transit"
"Kepler-1710 b",0.01099626,3.49494179,14.91110039000,"Transit"
"Kepler-342 c",0.01420000,4.50000000,26.23413800000,"Transit"
"K2-367 b",0.02020000,6.41000000,20.64509900000,"Transit"
"Kepler-106 c",0.03300000,10.44000000,13.57080000000,"Transit"
"Kepler-837 b",0.02230000,7.08000000,16.56059504000,"Transit"
"Kepler-273 c",0.01440000,4.58000000,8.01492700000,"Transit"
"Kepler-1391 b",0.01090000,3.46000000,54.40923330000,"Transit"
"Kepler-1543 b",0.02450000,7.80000000,6.96710269000,"Transit"
"Kepler-1580 b",0.01600000,5.10000000,56.64492790000,"Transit"
"Kepler-621 b",0.01860000,5.90000000,2.62811374600,"Transit"
"Kepler-150 c",0.04150000,13.20000000,7.38199800000,"Transit"
"Kepler-1476 b",0.01080000,3.43000000,10.35863224000,"Transit"
"GJ 682 c",0.02737312,8.70000000,57.32000000000,"Radial Velocity"
"7 CMa c",0.87000000,276.51210000,996.00000000000,"Radial Velocity"
"Kepler-301 b",0.00752000,2.39000000,2.50855300000,"Transit"
"Kepler-1749 b",0.01020000,3.23000000,14.53409958000,"Transit"
"BD+55 362 b",0.72000000,228.83645304,265.59000000000,"Radial Velocity"
"HD 124330 b",0.75000000,238.37130525,270.66000000000,"Radial Velocity"
"Kepler-327 c",0.06400000,20.30000000,5.21233300000,"Transit"
"Kepler-329 b",0.00800000,2.54000000,7.41639700000,"Transit"
"Kepler-336 c",0.01590000,5.06000000,9.60000100000,"Transit"
"Kepler-1392 b",0.01420000,4.50000000,15.14103970000,"Transit"
"Kepler-1934 b",0.00221000,0.70200000,1.41975998900,"Transit"
"Kepler-1965 b",0.00756000,2.40000000,41.86869812000,"Transit"
"Kepler-1696 b",0.02610000,8.29000000,65.94090000000,"Transit"
"Kepler-1660 AB b",4.99200000,1586.59940774,239.50440000000,"Eclipse Timing Variations"
"WASP-167 b",8.00000000,2542.64000000,2.02195960000,"Transit"
"Kepler-299 c",0.02360000,7.51000000,6.88587500000,"Transit"
"HD 213472 b",3.50000000,1112.39942450,17000.00000000000,"Radial Velocity"
"HD 26161 b",28.46000000,9045.39646322,10942.29013000000,"Radial Velocity"
"Kepler-304 e",0.00588000,1.87000000,1.49914695300,"Transit"
"Kepler-341 e",0.01450000,4.62000000,42.47326900000,"Transit"
"Kepler-27 d",0.02450000,7.78000000,6.54628992100,"Transit"
"Kepler-341 b",0.00553000,1.76000000,5.19552800000,"Transit"
"Kepler-1935 b",0.02140000,6.82000000,3.95140004200,"Transit"
"Kepler-80 b",0.02180411,6.93000000,7.05246000000,"Transit"
"GJ 229 A c",0.02700000,8.58136699,121.93268000000,"Radial Velocity"
"GJ 720 A b",0.04291624,13.64000000,19.46600000000,"Radial Velocity"
"Kepler-94 b",0.03400000,10.84000000,2.50806000000,"Transit"
"Kepler-305 c",0.01900000,6.00000000,8.29100000000,"Transit"
"Kepler-279 d",0.11800000,37.50000000,54.41400000000,"Transit"
"Kepler-770 c",0.00588000,1.87000000,1.47532231400,"Transit"
"Kepler-1397 b",0.01130000,3.61000000,47.44995500000,"Transit"
"Kepler-169 d",0.00660000,2.10000000,8.34812500000,"Transit"
"Kepler-438 b",0.00459000,1.46000000,35.23319000000,"Transit"
"Kepler-201 b",0.02080000,6.62000000,25.67208300000,"Transit"
"K2-347 b",0.02010000,6.39000000,7.18725700000,"Transit"
"Kepler-298 b",0.01420000,4.50000000,10.47546400000,"Transit"
"KIC 8121913 b",2.10000000,667.43965470,3.29460100000,"Orbital Brightness Modulation"
"HD 80869 b",5.06500000,1609.80088146,1752.92067000000,"Radial Velocity"
"Kepler-305 e",0.01220000,3.87000000,3.20538000000,"Transit"
"Kepler-101 b",0.16000000,51.10000000,3.48768120000,"Transit"
"Kepler-295 d",0.00761000,2.42000000,33.88405400000,"Transit"
"Kepler-295 c",0.00537000,1.71000000,21.52625800000,"Transit"
"Kepler-1889 b",0.02820000,8.98000000,37.30369949000,"Transit"
"Kepler-1547 b",0.00210000,0.66600000,0.69297967600,"Transit"
"Kepler-1620 b",0.01010000,3.22000000,101.95182900000,"Transit"
"TOI-4662 b",0.02720000,8.65000000,4.70343764575,"Transit"
"CoRoT-30 b",2.90000000,921.70700000,9.06005000000,"Transit"
"CoRoT-31 b",0.84000000,266.97720000,4.62941000000,"Transit"
"Kepler-69 c",0.01120000,3.57000000,242.46130000000,"Transit"
"Kepler-431 b",0.00117000,0.37000000,6.80300000000,"Transit"
"Kepler-196 d",0.02380000,7.56000000,122.08000180000,"Transit"
"Kepler-1609 b",0.01750000,5.56000000,114.34219000000,"Transit"
"Kepler-1968 b",0.00899000,2.86000000,7.28109979600,"Transit"
"Kepler-1047 c",0.00295000,0.93700000,3.18897601000,"Transit"
"HD 164922 d",0.01258534,4.00000000,12.45800000000,"Radial Velocity"
"Kepler-88 d",3.05046460,965.14699656,1403.00000000000,"Radial Velocity"
"EPIC 201427007 b",0.00899000,2.86000000,0.72091000000,"Transit"
"EPIC 212624936 b",0.00588000,1.87000000,0.57865700000,"Transit"
"K2-133 b",0.00742000,2.36000000,3.07133000000,"Transit"
"Kepler-84 f",0.01720000,5.48000000,44.55216900000,"Transit"
"Kepler-117 c",1.84000000,584.78000000,50.79039100000,"Transit"
"Kepler-1550 b",0.02950000,9.38000000,225.58280900000,"Transit"
"Kepler-443 b",0.01900000,6.04000000,177.66930000000,"Transit"
"HATS-4 b",1.32300000,420.47100000,2.51672900000,"Transit"
"Kepler-160 d",0.31463361,100.00000000,30.00000000000,"Transit Timing Variations"
"Kepler-1517 b",0.21600000,68.70000000,5.54608366500,"Transit"
"Kepler-294 c",0.02450000,7.80000000,6.62640000000,"Transit"
"TOI-2567 b",0.20100000,63.88350981,5.98394400000,"Transit"
"Kepler-92 d",0.03733640,11.86668060,49.35680000000,"Transit"
"Kepler-1429 b",0.00696000,2.21000000,4.48487493000,"Transit"
"Kepler-616 d",0.02370000,7.52000000,51.06740189000,"Transit"
"Kepler-1705 b",0.01406419,4.47000000,9.03502000000,"Transit"
"Kepler-274 c",0.01270000,4.04000000,33.19786100000,"Transit"
"Kepler-1488 c",0.01060000,3.37000000,6.15826988200,"Transit"
"TOI-3862 b",0.16880000,53.70000000,1.55745774000,"Transit"
"BD-11 4672 c",0.04835919,15.37000000,74.20000000000,"Radial Velocity"
"K2-315 b",0.00254000,0.80900000,3.14431890000,"Transit"
"KELT-4 A b",0.90200000,286.68266000,2.98959320000,"Transit"
"Kepler-1492 b",0.00889000,2.83000000,16.75255007000,"Transit"
"Kepler-352 d",0.00141000,0.44900000,6.88727998700,"Transit"
"HIP 4845 b",0.04530724,14.40000000,34.15000000000,"Radial Velocity"
"K2-316 b",0.00733000,2.33000000,1.13300000000,"Transit"
"Kepler-292 f",0.01930000,6.12000000,20.83423700000,"Transit"
"Kepler-1410 b",0.01200000,3.82000000,60.86616800000,"Transit"
"Kepler-575 b",0.01980000,6.30000000,9.37891944000,"Transit"
"Kepler-1434 b",0.00444000,1.41000000,8.05333618000,"Transit"
"Kepler-1653 b",0.01680000,5.35000000,140.25240000000,"Transit"
"Kepler-627 b",0.04220000,13.40000000,40.69944430000,"Transit"
"Kepler-1962 b",0.00614000,1.95000000,7.99145984600,"Transit"
"K2-320 b",0.02320000,7.37000000,1.99500000000,"Transit"
"K2-323 b",0.01590000,5.06000000,24.93000000000,"Transit"
"K2-318 b",0.01070000,3.39000000,7.01000000000,"Transit"
"Kepler-317 c",0.01130000,3.61000000,8.77501000000,"Transit"
"Kepler-1411 b",0.02630000,8.35000000,86.11508880000,"Transit"
"Kepler-1435 b",0.00178000,0.56600000,4.45343281000,"Transit"
"Kepler-215 e",0.01170000,3.71000000,68.16101000000,"Transit"
"Kepler-1576 b",0.00352000,1.12000000,6.98471973000,"Transit"
"Kepler-1593 b",0.03200000,10.20000000,174.50983500000,"Transit"
"Kepler-1915 b",0.03290000,10.40000000,13.83539963000,"Transit"
"Kepler-638 b",0.01260000,4.01000000,6.07972888000,"Transit"
"WASP-141 b",2.69000000,854.96270000,3.31065100000,"Transit"
"TOI-6038 A b",0.24698862,78.50000000,5.82673110000,"Transit"
"TOI-6041 b",0.09092957,28.90000000,26.04945000000,"Transit"
"EPIC 201170410.02",0.00360000,1.15000000,6.79870000000,"Transit"
"G 9-40 b",0.01258541,4.00000000,5.74599820000,"Transit"
"Kepler-401 c",0.01660000,5.27000000,47.31821800000,"Transit"
"Kepler-1437 b",0.00771000,2.45000000,10.92954610000,"Transit"
"Kepler-220 b",0.00144000,0.45700000,4.15980700000,"Transit"
"Kepler-703 b",0.16100000,51.10000000,4.58352175600,"Transit"
"Kepler-1425 b",0.00245000,0.77900000,14.45413020000,"Transit"
"Kepler-1350 c",0.01150000,3.64000000,1.76678906200,"Transit"
"Kepler-354 c",0.00714000,2.27000000,16.93440200000,"Transit"
"Kepler-1699 b",0.00968000,3.08000000,3.49082000000,"Transit"
"Kepler-206 c",0.01190000,3.78000000,13.13747100000,"Transit"
"Kepler-702 b",0.19400000,61.80000000,10.52629406300,"Transit"
"TOI-2322 c",0.05694897,18.10000000,20.22552800000,"Transit"
"Kepler-439 b",0.01780000,5.65000000,178.13960000000,"Transit"
"Kepler-639 b",0.01970000,6.26000000,10.21420496000,"Transit"
"Kepler-171 b",0.01910000,6.08000000,4.16697200000,"Transit"
"Kepler-1526 b",0.02040000,6.48000000,3.90863200500,"Transit"
"HD 86065 b",9.05300000,2877.30056857,25775.78859000000,"Radial Velocity"
"HD 115404 A c",10.31900000,3279.67133183,15319.22517000000,"Radial Velocity"
"Kepler-408 b",0.01573168,5.00000000,2.46502000000,"Transit"
"rho CrB c",0.08634219,27.44200000,102.03600000000,"Radial Velocity"
"Kepler-19 d",0.07079256,22.50000000,62.95000000000,"Radial Velocity"
"TOI-1107 b",3.35000000,1064.72516345,4.07823870000,"Transit"
"Kepler-164 d",0.02070000,6.57000000,28.98676900000,"Transit"
"TOI-2537 c",7.23000000,2297.89938261,1920.00000000000,"Radial Velocity"
"TOI-1873 b",0.02700000,8.57000000,7.00572708834,"Transit"
"TOI-2267 b",0.00306000,0.97200000,2.28909000000,"Transit"
"KMT-2021-BLG-0852L b",0.49000000,155.73591943,,"Microlensing"
"CoRoT-4 b",0.72000000,228.83000000,9.20205000000,"Transit"
"Kepler-935 b",0.00752000,2.39000000,4.88083852000,"Transit"
"Kepler-917 b",0.01360000,4.31000000,2.97041437500,"Transit"
"Kepler-1760 b",0.01840000,5.86000000,38.32609940000,"Transit"
"DMPP-9 b",0.04540186,14.43000000,12.73300000000,"Radial Velocity"
"51 Eri b",10.90000000,3464.32963630,9100.00000000000,"Imaging"
"Kepler-164 b",0.00809000,2.57000000,5.03503000000,"Transit"
"Kepler-549 d",0.05160000,16.40000000,24.61480613000,"Transit"
"Kepler-1773 b",0.03800000,12.10000000,40.80970001000,"Transit"
"Kepler-1009 b",0.01680000,5.35000000,11.35011917000,"Transit"
"Kepler-1035 b",0.00537000,1.71000000,2.71407755500,"Transit"
"Kepler-322 c",0.01080000,3.43000000,4.33723400000,"Transit"
"Kepler-66 b",0.02590000,8.25000000,17.81581500000,"Transit"
"Kepler-479 b",0.01620000,5.14000000,12.49341307000,"Transit"
"KOI-351 d",0.02710000,8.60000000,59.73667000000,"Transit"
"Kepler-908 b",0.00624000,1.98000000,1.34059746800,"Transit"
"Kepler-1677 b",0.02440000,7.76000000,22.06400000000,"Transit"
"Kepler-473 b",0.04920000,15.60000000,14.55731705000,"Transit"
"KOI-1783.01",0.22338986,71.00000000,134.46280000000,"Transit"
"HD 109988 b",21.82100000,6935.33366915,17132.15854000000,"Radial Velocity"
"Kepler-909 b",0.00869000,2.76000000,13.93290318000,"Transit"
"HD 11112 b",8.17600000,2598.56505563,17244.90764000000,"Radial Velocity"
"HATS-27 b",0.53000000,168.44990000,4.63703800000,"Transit"
"HD 11505 b",7.89900000,2510.52658689,32669.22247000000,"Radial Velocity"
"HD 122562 c",0.23000000,73.10053361,84.96276000000,"Radial Velocity"
"HD 135872 b",5.48900000,1744.56012602,2422.32597000000,"Radial Velocity"
"HD 113337 c",19.82100000,6299.67685515,5429.93477000000,"Radial Velocity"
"HD 151450 c",5.14800000,1636.18063924,18144.76236000000,"Radial Velocity"
"HD 188641 b",29.36500000,9333.03117155,14583.81038000000,"Radial Velocity"
"HD 13724 c",0.16000000,50.85254512,142.22895000000,"Radial Velocity"
"Ross 508 b",0.01258541,4.00000000,10.77000000000,"Radial Velocity"
"HD 164604 c",9.50000000,3019.36986650,5387.00000000000,"Radial Velocity"
"Kepler-50 b",0.02800253,8.90000000,7.81254000000,"Transit"
"HD 205158 b",0.39200000,124.58873554,25.33798000000,"Radial Velocity"
"Kepler-162 b",0.00669000,2.13000000,6.91979800000,"Transit"
"Kepler-176 b",0.91413163,290.53700000,5.43307400000,"Transit"
"K2-189 c",0.01870000,5.95000000,6.67932000000,"Transit"
"K2-126 b",0.01430000,4.54000000,7.38565500000,"Transit"
"KMT-2018-BLG-0247L b",2.11000000,670.61793877,,"Microlensing"
"KMT-2021-BLG-1372L b",0.19277698,61.27000000,,"Microlensing"
"Kepler-193 c",0.02520000,8.00000000,50.69749400000,"Transit"
"Kepler-464 b",0.03430000,10.90000000,7.25696522400,"Transit"
"Kepler-244 b",0.02530000,8.05000000,4.31179200000,"Transit"
"Kepler-183 b",0.01540000,4.90000000,5.68794500000,"Transit"
"K2-193 b",0.04650000,14.80000000,14.78688900000,"Transit"
"TOI-908 b",0.05077268,16.13700000,3.18379200000,"Transit"
"K2-197 b",0.02230000,7.08000000,8.35788100000,"Transit"
"Kepler-180 c",0.02930000,9.32000000,41.88577500000,"Transit"
"KMT-2021-BLG-1105L b",1.30000000,413.17692910,,"Microlensing"
"KMT-2021-BLG-0712L b",0.12015918,38.19000000,,"Microlensing"
"Kepler-209 b",0.01800000,5.73000000,16.08784500000,"Transit"
"Kepler-1729 b",0.04540000,14.40000000,4.22097015400,"Transit"
"Kepler-81 b",0.05400000,17.20000000,5.95500000000,"Transit"
"K2-198 d",0.02050000,6.52000000,7.45001770000,"Transit"
"Kepler-501 b",0.05370000,17.10000000,5.64067757200,"Transit"
"K2-198 c",0.00822000,2.61000000,3.35960550000,"Transit"
"OGLE-2013-BLG-0132L b",0.29000000,92.00000000,,"Microlensing"
"KMT-2018-BLG-1996L b",1.09000000,346.43296363,,"Microlensing"
"OGLE-2018-BLG-1647L b",0.97000000,308.29355479,,"Microlensing"
"Kepler-853 b",0.01100000,3.50000000,7.16892463000,"Transit"
"Kepler-883 b",0.01200000,3.82000000,12.98495573000,"Transit"
"HD 28185 b",5.85000000,1859.29618095,385.92000000000,"Radial Velocity"
"Kepler-54 b",0.00308342,0.98000000,8.01094340000,"Transit"
"Kepler-1631 b",0.00752000,2.39000000,4.09513932000,"Transit"
"Kepler-155 b",0.01580000,5.02000000,5.93119400000,"Transit"
"Kepler-100 c",0.02218167,7.05000000,12.81590000000,"Transit"
"K2-377 b",0.01100000,3.51000000,12.83223500000,"Transit"
"KMT-2018-BLG-1743L b",0.24500000,77.86795971,,"Microlensing"
"OGLE-2017-BLG-1434L b",0.01393834,4.43000000,,"Microlensing"
"KMT-2019-BLG-2783L b",1.16000000,368.68095212,,"Microlensing"
"Kepler-877 b",0.01620000,5.14000000,18.45847097000,"Transit"
"Kepler-1730 b",0.05770000,18.40000000,13.81019974000,"Transit"
"Kepler-1639 b",0.02260000,7.18000000,9.87848200000,"Transit"
"Kepler-559 b",0.03990000,12.70000000,17.58752333000,"Transit"
"Kepler-121 b",0.01910000,6.08000000,3.17742200000,"Transit"
"Kepler-55 d",0.00993000,3.15000000,2.21109900000,"Transit"
"Kepler-82 c",0.04373407,13.90000000,51.54000000000,"Transit"
"Kepler-561 c",0.02410000,7.65000000,5.35016198300,"Transit"
"Kepler-172 c",0.02690000,8.55000000,6.38899600000,"Transit"
"OGLE-2017-BLG-0173L b",0.01029000,3.26900000,,"Microlensing"
"OGLE-2019-BLG-0304L b",0.51000000,162.09248757,,"Microlensing"
"OGLE-2019-BLG-0679L b",3.34000000,1061.54687938,,"Microlensing"
"Kepler-867 b",0.06120000,19.40000000,150.24212700000,"Transit"
"Kepler-187 c",0.02390000,7.61000000,10.64026300000,"Transit"
"Kepler-250 c",0.01830000,5.82000000,7.15680400000,"Transit"
"Kepler-540 b",0.02450000,7.80000000,172.70497840000,"Transit"
"Kepler-1388 d",0.02690000,8.55000000,20.95681580000,"Transit"
"Kepler-1534 b",0.01330000,4.23000000,5.71668872000,"Transit"
"PSR B1257+12 c",0.01352925,4.30000000,66.54190000000,"Pulsar Timing"
"Kepler-215 b",0.01020000,3.26000000,9.36067200000,"Transit"
"OGLE-2017-BLG-0373L b",0.40100000,127.00000000,,"Microlensing"
"OGLE-2017-BLG-1140L b",1.59000000,505.00000000,,"Microlensing"
"KMT-2021-BLG-1547L b",1.47000000,467.20775829,,"Microlensing"
"MOA-2020-BLG-208L b",0.14473219,46.00000000,,"Microlensing"
"Kepler-1668 b",0.05480000,17.40000000,15.43400000000,"Transit"
"Kepler-210 c",0.04010000,12.80000000,7.97251300000,"Transit"
"Kepler-650 b",0.02850000,9.06000000,3.03214558800,"Transit"
"Kepler-191 d",0.01830000,5.82000000,5.94504101700,"Transit"
"KMT-2019-BLG-0297L b",19.00000000,6038.73973300,,"Microlensing"
"OGLE-2019-BLG-1180L b",1.74700000,555.24622703,,"Microlensing"
"Kepler-304 b",0.02690000,8.55000000,3.29570900000,"Transit"
"Kepler-49 b",0.03073986,9.77000000,7.20000000000,"Transit"
"Kepler-1726 b",0.02150000,6.84000000,18.39629936000,"Transit"
"Kepler-614 b",0.01980000,6.30000000,14.03491514000,"Transit"
"Kepler-258 b",0.04880000,15.50000000,13.19722000000,"Transit"
"Kepler-259 b",0.02590000,8.25000000,8.11531700000,"Transit"
"PSR J1719-1438 b",1.20000000,382.80000000,0.09070629300,"Pulsar Timing"
"MOA-2015-BLG-337L b",0.10600000,33.70000000,,"Microlensing"
"KMT-2023-BLG-0735L b",0.12200000,38.77506565,,"Microlensing"
"KMT-2023-BLG-1431L b",0.04279039,13.60000000,,"Microlensing"
"Kepler-84 b",0.12600000,40.00000000,8.72600000000,"Transit"
"Kepler-310 c",0.03570000,11.40000000,56.47542000000,"Transit"
"Kepler-616 b",0.02040000,6.48000000,9.99761851000,"Transit"
"Kepler-222 b",0.03190000,10.10000000,3.93698100000,"Transit"
"MOA-2011-BLG-293L b",4.80000000,1500.00000000,3000.00000000000,"Microlensing"
"OGLE-2019-BLG-1470L AB c",2.20000000,699.22249540,,"Microlensing"
"Kepler-1758 b",0.02240000,7.13000000,9.97721004500,"Transit"
"Kepler-905 b",0.00809000,2.57000000,5.08274651700,"Transit"
"Kepler-276 b",2.30064080,731.20900000,14.12841000000,"Transit"
"Kepler-165 b",0.01890000,5.99000000,8.18084800000,"Transit"
"OGLE-2016-BLG-1067L b",0.43000000,140.00000000,,"Microlensing"
"KMT-2023-BLG-1866L b",0.00827491,2.63000000,,"Microlensing"
"Kepler-284 c",0.02300000,7.32000000,37.51445600000,"Transit"
"Kepler-277 c",0.20200000,64.20000000,33.00600000000,"Transit"
"Kepler-1629 b",0.00120000,0.38100000,3.87595807000,"Transit"
"Kepler-663 b",0.02290000,7.27000000,4.99678284000,"Transit"
"Kepler-227 b",0.03100000,9.85000000,9.48801500000,"Transit"
"WISEP J121756.91+162640.2 A b",22.00000000,6992.00000000,,"Imaging"
"KMT-2017-BLG-0673L b",3.67000000,1166.43025369,,"Microlensing"
"KMT-2022-BLG-2286L b",19.00000000,6038.73973300,,"Microlensing"
"K2-35 c",0.01380000,4.38000000,5.60835200000,"Transit"
"Kepler-229 c",0.06760000,21.50000000,16.06863800000,"Transit"
"K2-37 b",0.00790000,2.51000000,4.44340000000,"Transit"
"K2-44 b",0.02040000,6.50000000,5.65700000000,"Transit"
"MOA-2011-BLG-322L b",11.60000000,3690.00000000,,"Microlensing"
"OGLE-2013-BLG-0911L b",9.51000000,3020.00000000,,"Microlensing"
"KMT-2023-BLG-2209L b",0.80000000,254.26272560,,"Microlensing"
"Kepler-302 b",0.04880000,15.50000000,30.18410400000,"Transit"
"Kepler-665 b",0.02290000,7.27000000,16.01310205000,"Transit"
"K2-289 b",0.19200000,61.00000000,13.15696900000,"Transit"
"K2-351 b",0.02200000,6.99000000,7.80616400000,"Transit"
"K2-62 b",0.01490000,4.74000000,6.67199000000,"Transit"
"OGLE-2006-BLG-109L c",0.27000000,86.00000000,4927.50000000000,"Microlensing"
"KMT-2018-BLG-0029L b",0.02390000,7.59000000,,"Microlensing"
"KMT-2019-BLG-1806L b",0.01469346,4.67000000,,"Microlensing"
"Kepler-84 c",0.06400000,20.20000000,12.88300000000,"Transit"
"K2-66 b",0.06701696,21.30000000,5.06963000000,"Transit"
"K2-72 b",0.00403000,1.28000000,5.57721200000,"Transit"
"K2-72 d",0.00317000,1.01000000,7.76017800000,"Transit"
"K2-65 b",0.00982000,3.12000000,12.64750000000,"Transit"
"OGLE-2015-BLG-0966L b",0.06600000,21.00000000,,"Microlensing"
"KMT-2018-BLG-1292L b",4.42000000,1400.00000000,,"Microlensing"
"Kepler-119 c",0.00227000,0.72100000,4.12510300000,"Transit"
"Kepler-133 b",0.01180000,3.75000000,8.12997600000,"Transit"
"K2-183 c",0.01860000,5.90000000,10.78799200000,"Transit"
"K2-119 b",0.02180000,6.94000000,7.72728300000,"Transit"
"K2-86 b",0.01420000,4.50000000,8.77683000000,"Transit"
"KMT-2019-BLG-1953L b",0.64000000,200.00000000,,"Microlensing"
"OGLE-2018-BLG-0516L b",0.06324167,20.10000000,,"Microlensing"
"KMT-2016-BLG-1105L b",0.00729954,2.32000000,,"Microlensing"
"Kepler-153 c",0.02180000,6.94000000,46.90232000000,"Transit"
"Kepler-553 c",6.70000000,2129.45032690,328.24017000000,"Transit"
"Kepler-672 b",0.02140000,6.80000000,38.37746230000,"Transit"
"K2-187 d",0.02000000,6.35000000,7.14958400000,"Transit"
"BD+42 2315 b",0.55000000,174.80562385,123.05000000000,"Radial Velocity"
"OGLE-2016-BLG-1093L b",0.71000000,225.65816897,,"Microlensing"
"KMT-2019-BLG-0953L b",0.04876845,15.50000000,,"Microlensing"
"Kepler-786 b",0.02040000,6.48000000,53.52934870000,"Transit"
"Kepler-275 c",0.03570000,11.40000000,16.08813400000,"Transit"
"Kepler-762 b",,,3.77055209800,"Transit"
"Kepler-32 e",0.01284281,4.08181000,2.89600000000,"Transit"
"Kepler-219 d",0.06000000,19.10000000,47.90364500000,"Transit"
"Kepler-235 e",0.01750000,5.56000000,46.18366900000,"Transit"
"Kepler-176 d",0.00541173,1.72000000,25.75197400000,"Transit"
"Kepler-82 e",0.79923630,254.02000000,5.90220600000,"Transit"
"Kepler-251 b",0.00733000,2.33000000,4.79093600000,"Transit"
"Kepler-53 c",0.11326867,36.00000000,38.55830380000,"Transit"
"Kepler-42 d",0.00112572,0.35778500,1.86516900000,"Transit"
"Kepler-253 b",0.01040000,3.29000000,3.78398600000,"Transit"
"KOI-351 g",0.04719528,15.00000000,210.73514000000,"Transit"
"KMT-2024-BLG-1005L b",21.00000000,6674.39654700,,"Microlensing"
"OGLE-TR-113 b",1.26000000,400.44900000,1.43247520000,"Transit"
"Kepler-76 b",2.01000000,638.83830000,1.54492980000,"Orbital Brightness Modulation"
"WASP-47 c",1.40641928,447.00000000,589.57000000000,"Radial Velocity"
"WASP-55 b",0.58600000,186.24744650,4.46563100000,"Transit"
"TOI-5938 b",0.04400000,14.00000000,2.26042400000,"Transit"
"GJ 411 b",0.00846369,2.69000000,12.93940000000,"Radial Velocity"
"TOI-1774.01",0.02674399,8.50000000,16.70988000000,"Transit"
"HD 192310 b",0.05320000,16.90000000,74.72000000000,"Radial Velocity"
"HD 176986 b",4.68100000,1487.75477317,6.49164000000,"Radial Velocity"
"HD 28185 c",6.00000000,1906.97044200,9090.00000000000,"Radial Velocity"
"KMT-2024-BLG-0176L b",0.76000000,241.54958932,,"Microlensing"
"TOI-7009 b",0.04180000,13.30000000,2.32066120000,"Transit"
"TOI-375 b",0.74500000,236.78216321,9.45469000000,"Transit"
"HD 39194 b",0.01453615,4.62000000,5.63692000000,"Radial Velocity"
"K2-290 c",0.77400000,246.00042000,48.36685000000,"Transit"
"DMPP-7 b",0.19315454,61.39000000,4.98400000000,"Radial Velocity"
"KMT-2024-BLG-0349L b",11.86000000,3769.44490702,,"Microlensing"
"HD 164604 b",13.20000000,4195.33497240,653.90000000000,"Radial Velocity"
"V1298 Tau d",0.01887811,6.00000000,12.40139400000,"Transit"
"KMT-2024-BLG-1870L b",1.06000000,336.89811142,,"Microlensing"
"TOI-813 b",0.11400000,36.40000000,83.89110000000,"Transit"
"LHS 1903 b",0.01032003,3.28000000,2.15550980000,"Transit"
"TOI-375 d",1.40200000,445.59542661,297.90000000000,"Radial Velocity"
"TOI-2411 b",0.01090000,3.46000000,0.78269420000,"Transit"
"KMT-2016-BLG-1337L b",0.28000000,88.99195396,,"Microlensing"
"KMT-2025-BLG-0481L b",0.59000000,187.51876013,,"Microlensing"
"TOI-1232 b",0.69400000,220.57291446,14.25600000000,"Transit"
"TOI-1232 c",0.18400000,58.48042689,30.35600000000,"Transit Timing Variations"
"TOI-178 d",0.01636103,5.20000000,6.55756900000,"Transit"
"TOI-4364 b",0.01480000,4.70000000,5.42401900000,"Transit"
"TOI-198 b",0.00997394,3.17000000,10.21521300000,"Transit"
"TIC 154870955 b",0.03070000,9.77000000,7.96987471280,"Transit"
"TOI-1470 c",0.02277959,7.24000000,18.08816000000,"Transit"
"TOI-1238 c",0.02617765,8.32000000,3.29473600000,"Transit"
"TIC 445839811 b",0.02110000,6.70000000,11.10862603180,"Transit"
"TOI-7008 b",0.06820000,21.70000000,0.84069041367,"Transit"
"TIC 290487717 b",0.11200000,35.70000000,3.40081822900,"Transit"
"TIC 142589416 b",0.02410000,7.65000000,2.09518466313,"Transit"
"TOI-1732 b",0.02130000,6.78000000,4.11923678339,"Transit"
"TIC 139702105 b",0.02070000,6.59000000,6.83601903383,"Transit"
"TOI-4156 b",0.02200000,6.98000000,4.46189034133,"Transit"
"TIC 178172313 b",0.02600000,8.27000000,4.37318161360,"Transit"
"TOI-5159 b",0.00948000,3.01000000,5.83639428843,"Transit"
"GJ 238 b",0.00039800,0.12600000,1.74469990000,"Transit"
"TIC 206466666 b",0.01650000,5.26000000,9.10486865159,"Transit"
"TOI-5599 b",0.12900000,40.90000000,5.43691503941,"Transit"
"TOI-2654 b",0.15200000,48.40000000,2.96760425926,"Transit"
"TIC 423703298 b",0.02550000,8.11000000,4.03712711976,"Transit"
"TIC 117642575 b",0.02640000,8.38000000,4.94459060181,"Transit"
"TIC 356227008 b",0.01980000,6.30000000,2.96147448702,"Transit"
"TOI-5515 b",0.02370000,7.53000000,8.59225810839,"Transit"
"TOI-4588 b",0.02800000,8.90000000,13.11881173651,"Transit"
"K2-284 b",0.02560000,8.15000000,4.79506900000,"Transit"
"HD 5278 c",0.05789287,18.40000000,40.87000000000,"Radial Velocity"
"TIC 390586021 b",0.02690000,8.55000000,2.74703755819,"Transit"
"HIP 8152 c",0.03366596,10.70000000,19.60562000000,"Transit"
"HD 5278 b",0.02454154,7.80000000,14.33915600000,"Transit"
"TOI-209 b",0.01990000,6.32000000,4.37943587445,"Transit"
"TIC 38828280 b",0.02330000,7.40000000,4.85558984762,"Transit"
"WASP-117 b",0.30000000,95.34900000,10.02165000000,"Transit"
"TIC 34085383 b",0.04590000,14.60000000,3.47793368523,"Transit"
"TOI-125 c",0.02086021,6.63000000,9.15059000000,"Transit"
"TIC 67686059 b",0.02270000,7.23000000,3.52163529551,"Transit"
"TIC 437041147 b",0.01740000,5.54000000,3.82301421497,"Transit"
"TOI-799 b",0.01550000,4.92000000,5.54519139676,"Transit"
"HATS-38 b",0.07400000,23.51942000,4.37502100000,"Transit"
"TIC 77552382 b",0.08650000,27.50000000,3.51025904942,"Transit"
"TOI-6281 b",0.01370000,4.36000000,1.05426244177,"Transit"
"TOI-941 b",0.10900000,34.60000000,8.51460888787,"Transit"
"TOI-929 b",0.02420000,7.70000000,5.83015366944,"Transit"
"TOI-5335 b",0.04800000,15.30000000,3.61365988443,"Transit"
"TOI-5630 b",0.01960000,6.22000000,3.22118452536,"Transit"
"TOI-6954 b",0.04040000,12.80000000,4.02074127419,"Transit"
"TIC 249022743 b",0.06470000,20.60000000,2.25719681538,"Transit"
"TOI-1814 b",0.07390000,23.50000000,6.36861010462,"Transit"
"TIC 160113658 b",0.03770000,12.00000000,6.72952262077,"Transit"
"TIC 320419023 b",0.02550000,8.11000000,5.26375651589,"Transit"
"TOI-2453 b",0.03330000,10.60000000,4.44143463188,"Transit"
"TIC 38825265 b",0.01710000,5.43000000,3.31336980985,"Transit"
"TOI-4930 b",0.12100000,38.40000000,6.78130241498,"Transit"
"TOI-1226 b",0.02010000,6.39000000,3.92880881576,"Transit"
"TOI-6699 b",0.01890000,6.02000000,5.32005926761,"Transit"
"TOI-5502 b",0.05020000,15.90000000,11.62592988285,"Transit"
"TIC 260969020 b",0.01760000,5.59000000,8.48584501953,"Transit"
"TOI-1470 b",0.02303130,7.32000000,2.52709300000,"Transit"
"TOI-7155 b",0.02010000,6.38000000,3.89489711981,"Transit"
"TOI-763 c",0.02932385,9.32000000,12.27370000000,"Transit"
"TIC 88692598 b",0.01240000,3.94000000,2.64909436758,"Transit"
